icd_code,icd_title
4589,HYPOTENSION NOS
07070,UNSPECIFIED VIRAL HEPATITIS C WITHOUT HEPATIC COMA
V08,ASYMPTOMATIC HIV INFECTION
5728,"OTH SEQUELA, CHR LIV DIS"
78959,OTHER ASCITES
5715,CIRRHOSIS OF LIVER NOS
78900,ABDOMINAL PAIN UNSPEC SITE
78097,ALTERED MENTAL STATUS 
34830,"ENCEPHALOPATHY, UNSPECIFIED"
7822,LOCAL SUPRFICIAL SWELLNG
5283,CELLULITIS/ABSCESS MOUTH
2860,CONG FACTOR VIII DIORD
9222,CONTUSION ABDOMINAL WALL
E8854,FALL FROM SNOWBOARD
E0032,"ACTIVITIES INVOLVING SNOW (ALPINE) (DOWNHILL) SKIING, SNOW BOARDING, SLEDDING,TOBOGGANING AND SNOW TUBING"
8020,NASAL BONE FX-CLOSED
E8889,UNSPECIFIED FALL
V065,TETANUS-DIPHT. TD DT
7847,EPISTAXIS
78650,CHEST PAIN NOS
78703,VOMITING
78079,OTHER MALAISE AND FATIGUE
7823,EDEMA
5738,LIVER DISORDERS NEC
72981,SWELLING OF LIMB
1629,MAL NEO BRONCH/LUNG NOS
311,DEPRESSIVE DISORDER
V6284,SUICIDAL IDEATION
V1011,HX-BRONCHOGENIC MALIGNAN
78605,SHORTNESS OF BREATH
4280,"CONGESTIVE HEART FAILURE, UNSPEC"
486,"PNEUMONIA,ORGANISM UNSPECIFIED"
25000,DIABETES UNCOMPL ADULT
V5861,LONG TERM USE ANTIGOAGULANT
4019,HYPERTENSION NOS
2720,HYPERCHOLESTEROLEMIA
7295,PAIN IN LIMB
4111,INTERMED CORONARY SYND
78609,RESPIRATORY ABNORM NEC
41400,"CAD UNSPEC VESSEL, NATIVE OR GRAFT"
25001,DIABETES UNCOMPL JUVEN
V5867,LONG-TERM (CURRENT) USE OF INSULIN
45342,ACUTE VENOUS EMBOLISM AND THROMBOSIS OF DEEP VESSELS OF DISTAL LOWER EXTREMITY
2859,ANEMIA NOS
81305,FX RADIUS HEAD-CLOSED
07999,UNSPEC VIRAL INFECTION
7840,HEADACHE
5990,URIN TRACT INFECTION NOS
7291,MYALGIA AND MYOSITIS NOS
78060,"FEVER, UNSPECIFIED"
7862,COUGH
79902,HYPOXEMIA
V5881,REMOVAL VASCULAR CATHETER
78903,ABDOMINAL PAIN RLQ
78701,NAUSEA WITH VOMITING
78791,DIARRHEA
8830,OPEN WOUND OF FINGER
E9208,ACC-CUTTING INSTRUM NEC
V1585,PERSONAL HISTORY OF CONTACT WITH AND (SUSPECTED) EXPOSURE TO POTENTIALLY HAZARDOUSBODY FLUIDS
59080,PYELONEPHRITIS NOS
7802,SYNCOPE AND COLLAPSE
9100,ABRASION HEAD
E8801,FALL FROM SIDEWALK CURB
80502,FX C2 VERTEBRA-CLOSED
E8846,FALL FROM COMMODE
92411,CONTUSION OF KNEE
49390,"ASTHMA, UNSPECIFIED"
49392,"ASTHMA, UNSPECIFIED, WITH ACUTE EXACERBATION"
79431,ABNORM ELECTROCARDIOGRAM
49121,"OBSTRUCTIVE CHR. BRONCHITIS,WITH ACUTE EXACERBATION"
7804,VERTIGO/DIZZINESS
87363,"TOOTH (BROKEN) (FRACTURED) (DUE TO TRAUMA), WITHOUT MENTION OF COMPLICATION"
E916,STRUCK BY FALLING OBJECT
8500,CONCUSSION W/O COMA
E9179,STRUCK BY OBJECT OR PERSON WITH OR WITHOUT FALL
41091,"MYOCARDIAL INFARCTION NOS, INIT EPISODE OF CARE"
5939,RENAL & URETERAL DIS NOS
25011,DIAB KETOACIDOSIS IDDM
0088,VIRAL ENTERITIS NOS
41519,PULM EMBOLISM/INFARCT
496,CHRONIC AIRWAY OBSTRUCTION
5589,NONINF GASTROENTERIT NEC
51881,ACUTE RESPIRATORY FAILURE
5119,PLEURAL EFFUSION NOS
46400,"ACUTE LARYNGITIS, WITHOUT MENTION OF OBSTRUCTION"
78009,SEMICOMA/STUPOR
7991,RESPIRATORY FAILURE
8208,FX NECK OF FEMUR NOS-CL
5920,CALCULUS OF KIDNEY
5758,DIS OF GALLBLADDER NEC
7906,ABN BLOOD CHEMISTRY NEC
99811,HEMORR COMPLIC PROCEDURE
E8799,ABN REACT-PROCEDURE NOS
V6759,FOLLOW-UP EXAM NEC
5921,CALCULUS OF URETER
78064,CHILLS (WITHOUT FEVER)
78904,ABDOMINAL PAIN LLQ
78907,ABDOMINAL PAIN GENERALIZED
8730,OPEN WOUND OF SCALP
78901,ABDOMINAL PAIN RUQ
7245,BACKACHE NOS
56400,UNSPECIFIED CONSTIPATION
7242,LUMBAGO
9597,LOWER LEG INJURY NOS
E9278,OTHER OVEREXERTION AND STRENUOUS AND REPETIVE MOVEMENTS OR LOADS
70719,ULCER OF OTHER PART OF LOWER LIMB
79092,ABNORMAL COAGULATION PROFILE
E9342,ADV EFF ANTICOAGULANTS
81344,FX LOW RADIUS W ULNA-CL
9592,SHLDR/UPPER ARM INJ NOS
E8809,FALL ON STAIR/STEP NEC
2512,HYPOGLYCEMIA NOS
V600,LACK OF HOUSING
2989,PSYCHOSIS NOS
5789,GASTROINTEST HEMORR NOS
20280,LYMPHOMA NEC UNSPEC SITE
135,SARCOIDOSIS
73313,PATHOLOGIC FX VERTEBRAE
4320,NONTRAUM EXTRADURAL HEM
78909,ABDOMINAL PAIN OTHER SPECIED
28800,"NEUTROPENIA, UNSPECIFIED "
95901,HEAD INJURY UNSPECIFIED
E8881,FALL RESULTING IN STRIKING AGAINST OTHER OBJECT
E0092,ACTIVITY INVOLVING AEROBIC AND STEP EXERCISE
7812,ABNORMALITY OF GAIT
41401,CAD NATIVE CORONARY VESSEL
82300,FX UPPER END TIBIA-CLOSE
81209,FX UPPER HUMERUS NEC-CL
72888,RHABDOMYOLYSIS
43491,CEREBRAL ART OCCLUS W/INFARCT
72989,MUSCSKEL SYMPT LIMB NEC
42731,ATRIAL FIBRILLATION
5693,RECTAL & ANAL HEMORRHAGE
1541,MALIGNANT NEOPL RECTUM
56941,RECTAL & ANAL ULCER
42789,CARDIAC DYSRHYTHMIAS NEC
41092,"MYOCARDIAL INFARCTION NOS, SUBSEQUENT EPISODE OF CARE"
71946,JOINT PAIN-L/LEG
566,ABCESS OF ANAL & RECTAL REGIONS
6826,CELLULITIS OF LEG
E8121,MV COLLISION NOS-PASNGR
9694,POIS-BENZODIAZEPINE TRAN
E8532,ACC POISN-BENZDIAZ TRANQ
30000,ANXIETY STATE NOS
5849,"ACUTE KIDNEY FAILURE, UNSPECIFIED"
2762,ACIDOSIS
7850,TACHYCARDIA NOS
78550,SHOCK NOS
6869,LOCAL SKIN INFECTION NOS
920,"CONTUSION OF FACE, SCALP, & NECK EXCEPT EYE(S)"
92231,BACK CONTUSION
71941,JOINT PAIN-SHLDER
79439,ABN CARDIOVASC STUDY NEC
5650,ANAL FISSURE
6238,NONINFLAM DIS VAGINA NEC
6259,FEM GENITAL SYMPTOMS NOS
E8859,"FALL FROM OTHER SLIPPING,TRIPPING,STUMBLING"
1519,MALIG NEOPL STOMACH NOS
475,PERITONSILLAR ABCESS
2893,LYMPHADENITIS NOS
7841,THROAT PAIN
2449,HYPOTHYROIDISM NOS
56211,DIVERTICULITIS OF COLON
71947,JOINT PAIN-ANKLE
87342,OPEN WOUND OF FOREHEAD
V037,TETANUS TOXOID INOCULAT
33920,"POST-TRAUMATIC HEADACHE, UNSPECIFIED"
9089,LATE EFFECT INJURY NOS
E9293,LATE EFF ACCIDENTAL FALL
V420,KIDNEY TRANSPLANT STATUS
99859,OTHER POST-OP INFECTION
5531,UMBILICAL HERNIA
7810,ABN INVOLUN MOVEMENT NEC
V681,ISSUE REPEAT PRESCRIPT
78659,CHEST PAIN NEC
6850,PILONIDAL CYST W ABSCESS
95909,INJURY FACE & NECK
E9170,STRUCK IN SPORTS WITHOUT FALL
E0076,ACTIVITIES INVOLVING BASKETBALL
71945,JOINT PAIN-PELVIS
7231,CERVICALGIA
E8888,OTHER FALL
45340,ACUTE VENOUS EMBOLISM AND THROMBOSIS OF UNSPECIFIED DEEP VESSELS OF LOWER EXTREMITY
71916,HEMARTHROSIS-L/LEG
V4582,PTCA STATUS
V1255,PERSONAL HISTORY OF PULMONARY EMBOLISM
9953,"ALLERGY, UNSPECIFIED"
E9479,ADV EFF MEDICINAL NOS
25080,DIAB W MANIF NEC ADULT
63492,SPON ABORT UNCOMPL-COMP
V103,HX OF BREAST MALIGNANCY
5770,ACUTE PANCREATITIS
2768,HYPOKALEMIA
30500,ALCOHOL ABUSE-UNSPEC
30390,ALCOH DEP NEC/NOS-UNSPEC
3079,SPECIAL SYMPTOM NEC/NOS
9221,CONTUSION OF CHEST WALL
30391,ALCOH DEP NEC/NOS-CONTIN
5780,HEMATEMESIS
V4586,BARIATRIC SURGERY STATUS 
9146,FOREIGN BODY HAND
E9289,ACCIDENT NOS
78499,OTHER SYMPTOMS INVOLVING HEAD AND NECK
6824,CELLULITIS OF HAND
9593,ELB/FOREARM/WRST INJ NOS
E0030,ACTIVITIES INVOLVING ICE SKATING
3314,OBSTRUCTIV HYDROCEPHALUS
V452,VENTRICULAR SHUNT STATUS
99675,"DUE TO NERVOUS SYSTEM DEVICE,IMPLANT, GRAFT"
E8788,ABN REACT-SURG PROC NEC
7881,DYSURIA
61610,VAGINITIS NOS
30300,AC ALCOHOL INTOX-UNSPEC
9916,HYPOTHERMIA
E9010,EXCESSIVE COLD: WEATHER
9678,POIS-SEDATIVE/HYPNOT NEC
96903,POISONING BY SELECTIVE SEROTONIN REUPTAKE INHIBITORS
96909,POISONING BY OTHER ANTIDEPRESSANTS
9663,POIS-ANTICONVUL NEC/NOS
96502,POISONING-METHADONE
9800,TOXIC EFF ETHYL ALCOHOL
E9502,SUICIDE-SEDAT/HYPNOTIC
E9503,SUICIDE-PSYCHOTROPIC AGT
E9504,SUICIDE-DRUG/MEDICIN NEC
9693,POISON-ANTIPSYCHOTIC NEC
E9803,UNDETERM POIS-PSYCHOTROP
E8147,MV COLL W PEDEST-PEDEST
92300,CONTUSION SHOULDER REG
92410,CONTUSION OF LOWER LEG
47819,OTHER DISEASE OF NASAL CAVITY AND SINUSES
6820,CELLULITIS OF FACE
78906,ABDOMINAL PAIN EPIGASTRIC
71831,RECUR DISLOCAT-SHLDER
83104,DISLOC ACROMIOCLAVIC-CL
78820,RETENTION URINE UNSPECIFIED
4554,EXT THROMBOS HEMORRHOID
57450,CHOLEDOCHOLITHIASIS NOS
56942,ANAL OR RECTAL PAIN
84509,SPRAIN OF ANKLE NEC
E9288,ACCIDENT NEC
64303,MILD HYPEREMESIS-ANTEPAR
7851,PALPITATIONS
38630,LABYRINTHITIS NOS
6253,DYSMENORRHEA
7821,NONSPECIF SKIN ERUPT NEC
V4365,JOINT REPLACEMENT-KNEE
V1254,"PERSONAL HISTORY OF TIA, AND CEREBRAL INFARCTION WITHOUT RESIDUAL DEFICITS"
99832,DISRUPTION OF EXTERNAL OPERATION (SURGICAL) WOUND
2724,HYPERLIPIDEMIA NEC/NOS
20300,"MULTIPLE MYELOMA, WITHOUT MENTION OF HAVING ACHIEVED REMISSION"
V5832,ENCOUNTER FOR REMOVAL OF SUTURES 
1981,SEC MALIG NEO URIN NEC
V1046,HX-PROSTATIC MALIGNANCY
1985,SECONDARY MALIG NEO BONE
59970,"HEMATURIA, UNSPECIFIED"
82525,FX METATARSAL-CLOSED
E9270,OVEREXERTION FROM SUDDEN STRENUOUS MOVEMENT
6827,CELLULITIS OF FOOT
3510,BELL'S PALSY
7243,SCIATICA
V433,HEART VALVE REPLAC NEC
7820,SKIN SENSATION DISTURB
36500,PREGLAUCOMA NOS
20410,"CHRONIC LYMPHOID LEUKEMIA, WITHOUT MENTION OF HAVING ACHIEVED REMISSION"
71943,JOINT PAIN-FOREARM
2883,EOSINOPHILIA
84500,SPRAIN OF ANKLE NOS
V1087,HX OF THYROID MALIGNANCY
5184,ACUTE LUNG EDEMA NOS
9895,TOXIC EFFECT VENOM
E9053,HORNET/WASP/BEE STING
4659,ACUTE URI NOS
34690,"MIGRAINE, UNSPECIFIED, WITHOUT MENTION OF INTRACTABLE MIGRAINE WITHOUT MENTION OF STATUS MIGRAINOSUS"
6089,MALE GENITAL DIS NOS
99676,COMP D/TO GU DEVICE/GRAFT
42732,ATRIAL FLUTTER
36103,PART DETACH-GIANT TEAR
80701,FRACTURE ONE RIB-CLOSED
70715,ULCER OF OTHER PART OF FOOT
99762,"AMPUTAT STUMP COMPL, INFEC"
9233,CONTUSION OF FINGER
E8800,FALL ON ESCALATOR
71591,OSTEOARTHROS NOS-SHLDER
4241,AORTIC VALVE DISORDER
71691,ARTHROPATHY NOS-SHLDER
71696,ARTHROPATHY NOS-L/LEG
55090,UNILAT INGUINAL HERNIA
4414,ABDOM AORTIC ANEURYSM
72871,PLANTAR FIBROMATOSIS
82320,FX SHAFT TIBIA-CLOSED
82322,FX SHAFT FIB W TIB-CLOS
3453,GRAND MAL STATUS
7842,SWELLING IN HEAD & NECK
6160,CERVICITIS
45381,ACUTE VENOUS EMBOLISM AND THROMBOSIS OF SUPERFICIAL VEINS OF UPPER EXTREMITY
8052,FX DORSAL VERTEBRA-CLOSE
81000,FX CLAVICLE NOS-CLOSED
80702,FRACTURE TWO RIBS-CLOSED
83401,DISLOC METACARPOPHALN-CL
0389,SEPTICEMIA NOS
99592,SEVERE SEPSIS 
78552,SEPTIC SHOCK
4660,ACUTE BRONCHITIS
3071,ANOREXIA NERVOSA
78702,NAUSEA
9160,ABRASION HIP & LEG
92311,CONTUSION OF ELBOW
8910,OPEN WND KNEE/LEG/ANKLE
V4501,CARDIAC PACEMAKER STATUS
6930,DRUG DERMATITIS NOS
E9310,ADV EFF SULFONAMIDES
V5831,ENCOUNTER FOR CHANGE OR REMOVAL OF SURGICAL WOUND DRESSING
6823,CELLULITIS OF ARM
04112,METHICILLIN RESISTANT STAPHYLOCOCCUS AUREUS IN CONDITIONS CLASSIFIED ELSEWHERE AND OF UNSPECIFIED SITE
2900,SENILE DEMENTIA UNCOMP
29421,"DEMENTIA, UNSPECIFIED, WITH BEHAVIORAL DISTURBANCE"
V4031,WANDERING IN DISEASES CLASSIFIED ELSEWHERE
7837,"FAILURE TO THRIVE,ADULT"
29640,"BIPOL AFF, MANIC-UNSPEC"
29530,PARANOID SCHIZO-UNSPEC
8472,SPRAIN LUMBAR REGION
E8843,FALL FROM WHEELCHAIR
8449,SPRAIN OF KNEE & LEG NOS
37993,REDNESS/DISCHARGE OF EYE
37991,PAIN IN OR AROUND EYE
33818,OTHER ACUTE POSTOPERATIVE PAIN 
3688,VISUAL DISTURBANCES NEC
78939,ABDOM/PELV SWELL/MASS OTH SITE
7030,INGROWING NAIL
8920,OPEN WOUND OF FOOT
25081,IDDM W SPEC MANIFESTATION
E9425,ADV EFF VASODILATORS NEC
2749,GOUT NOS
33829,OTHER CHRONIC PAIN 
5761,CHOLANGITIS
57420,CHOLELITHIASIS NOS
V7189,OBSERVATION FOR OTHER SPECIFIED CONDITIONS NOT FOUND
5409,ACUTE APPENDICITIS NOS
96509,POISONING-OPIATES NEC
E8502,ACC POISON-OPIATES NEC
8505,CONCUSSION W COMA NOS
E8136,MV-OTH VEH COLL-PED CYCL
27651,DEHYDRATION
87360,OPEN WOUND OF MOUTH NOS
72402,"SPINAL STENOSIS, LUMBAR REGION, WITHOUT NEUROGENIC CLAUDICATION"
64894,OTH CURR COND-POSTPARTUM
67484,PUERP COMPL NEC-POSTPART
64893,OTH CURR COND-ANTEPARTUM
6929,DERMATITIS NOS
6262,EXCESSIVE MENSTRUATION
81003,"FX CLAVICL, ACROM END-CL"
2761,HYPOSMOLALITY/HYPONATREMIA
1977,SECOND MALIG NEO LIVER
9986,PERSIST POSTOP FISTULA
99679,COMP D/TO GRAFT/IMPLANT
5579,VASC INSUFF INTEST NOS
8088,PELVIC FRACTURE NOS-CLOS
E8261,PED CYCL ACC-PED CYCLIST
85220,TRAUMATIC SUBDURAL HEM
8054,FX LUMBAR VERTEBRA-CLOSE
E8120,MV COLLISION NOS-DRIVER
85221,SUBDURAL HEM W/O COMA
5855,"CHRONIC KIDNEY DISEASE, STAGE V"
5609,INTESTINAL OBSTRUCT NOS
5856,END STAGE RENAL DISEASE
28860,"LEUKOCYTOSIS, UNSPECIFIED "
8470,SPRAIN OF NECK
27652,HYPOVOLEMIA
80709,FX MULT RIBS NOS-CLOSED
4739,CHRONIC SINUSITIS NOS
85200,TRAUM SUBARACHNOID HEM
E9689,ASSAULT NOS
45981,VENOUS INSUFFICIENCY NOS
E9279,UNSPEC OVEREXERTIONS AND STRENUOUS AND REPETIVE MOVEMENTS OR LOADS
99833,DISRUPTION OF TRAUMATIC INJURY WOUND REPAIR
E8798,ABN REACT-PROCEDURE NEC
3310,ALZHEIMER'S DISEASE
29410,DEMENTIA IN CONDITIONS CLASSIFIED ELSEWHERE WITHOUT BEHAVIROAL DISTURBANCE
29570,SCHIZOAFFECTIVE-UNSPEC
78052,INSOMNIA NEC
8248,FX ANKLE NOS-CLOSED
99591,SEPSIS 
8471,SPRAIN THORACIC REGION
60886,"EDEMA, MALE GENITAL ORGN"
99642,DISLOCATION OF PROSTHETIC JOINT
V4364,JOINT REPLACEMENT-HIP
7824,JAUNDICE NOS
5779,PANCREATIC DISEASE NOS
56722,PERITONEAL ABSCESS
86121,LUNG CONTUSION-CLOSED
80506,FX C6 VERTEBRA-CLOSED
86405,LIVER INJURY NOS
86801,ADRENAL GLAND INJURY-CL
E8150,MV COLL W OTH OBJ-DRIVER
83100,DISLOC SHOULDER NOS-CLOS
71830,RECUR DISLOCAT-UNSPEC
0340,STREP SORE THROAT
53081,ESOPHAGEAL REFLUX
2767,HYPERKALEMIA
V427,LIVER TRANSPLANT STATUS
4553,EXT HEMORRHOID W/O COMPL
78321,"WEIGHT LOSS, ABNORMAL"
78039,OTHER CONVULSIONS
95919,OTHER INJURY OF OTHER SITES OF TRUNK
44102,DISS ABDOM AORTIC ANEURYSM
7801,HALLUCINATIONS
6821,CELLULITIS OF NECK
92400,CONTUSION OF THIGH
80221,FX CONDYL PROC MANDIB-CL
3320,PARKINSON'S DISEASE
5070,FOOD/VOMIT PNEUMONITIS
7830,ANOREXIA
9130,ABRASION FOREARM
E956,SUI/SELF-INJ BY CUT INST
31401,ATTN DEFICIT W HYPERACT
340,MULTIPLE SCLEROSIS
V5869,LONG TERM USE OTHER MED
431,INTRACEREBRAL HEMORRHAGE
6202,OVARIAN CYST NEC/NOS
7248,OTHER BACK SYMPTOMS
99604,COMPLICATION AICD
4271,PAROX VENTRIC TACHYCARD
4580,ORTHOSTATIC HYPOTENSION
53550,GASTRITIS/GASTRODUODEN-NO HEM
4254,PRIM CARDIOMYOPATHY NEC
4270,PAROX SUPRAVENTR TACHYCARDIA
8600,TRAUM PNEUMOTHORAX-CLOSE
80703,FRACTURE THREE RIBS-CLOS
55010,UNILAT ING HERNIA W OBST
V5863,LONG TERM(CURRENT) USE ANTIPLATE/ANTITHROMB.
4871,FLU W RESP MANIFEST NEC
60000,HYPERTROPHY (BENIGN) OF PROSTATE WITHOUT URINARY OBSTRUCTION AND OTHER WITHOUT URINARY OBSTRUCTION AND OTHER LOWER URINARY TRACT (LUTS)
29181,ALCOHOL WITHDRAWAL
E9688,ASSAULT NEC
75481,PECTUS EXCAVATUM
65444,ABN UTERUS NEC-POSTPART
41071,"SUBENDOCARDIAL INFARCTION, INITIAL EPISODE OF CARE"
29420,"DEMENTIA, UNSPECIFIED, WITHOUT BEHAVIORAL DISTURBANCE"
30590,DRUG ABUSE NEC-UNSPEC
5259,DENTAL DISORDER NOS
E9060,DOG BITE
5722,HEPATIC ENCEPHALOPATHY
9140,ABRASION HAND
5569,ULCERATIVE COLITIS UNSPEC
8930,OPEN WOUND OF TOE
8418,SPRAIN ELBOW/FOREARM NEC
2851,AC POSTHEMORRHAG ANEMIA
87343,OPEN WOUND OF LIP
81352,FX DISTAL RADIUS NEC-OPN
83319,DISLOCAT WRIST NEC-OPEN
E9193,METALWORKING MACHINE ACC
E9802,UNDET POIS-SED/HYPN NEC
78442,DYSPHONIA
25010,DIAB KETOACIDOSIS ADULT
E8796,ABN REACT-URINARY CATH
V536,FITTING URINARY DEVICES
92420,CONTUSION OF FOOT
591,HYDRONEPHPHROSIS
28419,OTHER PANCYTOPENIA
2875,THROMBOCYTOPENIA NOS
E9203,KNIFE/SWORD/DAGGER ACC
8860,AMPUTATION FINGER
E918,CAUGHT BETWEEN OBJECTS
81201,FX SURG NCK HUMERUS-CLOS
82021,INTERTROCHANTERIC FX-CL
E8845,FALL FROM OTHER FURNITURE
0539,HERPES ZOSTER NOS
40391,"HYPERTENSIVE CHRONIC KIDNEY DISEASE, UNSPECIFIED, WITH CHRONIC KIDNEY DISEASE STAGE V OR END STAGE RENAL DISEASE"
5859,"CHRONIC KIDNEY DISEASE, UNSPECIFIED"
68102,ONYCHIA OF FINGER
38611,BENIGN PARXYSMAL VERTIGO
68110,"CELLULITIS, TOE NOS"
7098,SKIN DISORDERS NEC
7854,GANGRENE
70714,ULCER OF HEEL AND MIDFOOT
V1251,HX VENOUS THROMBOSIS/EMBOLISM
45341,ACUTE VENOUS EMBOLISM AND THROMBOSIS OF DEEP VESSELS OF PROXIMAL LOWER EXTREMITY
40390,"HYPERTENSIVE CHRONIC KIDNEY DISEASE, UNSPECIFIED, WITH CHRONIC KIDNEY DISEASE STAGE I THROUGH STAGE IV, OR UNSPECIFIED"
6825,CELLULITIS OF BUTTOCK
5082,RESPIRATORY CONDITIONS DUE TO SMOKE INHALATION
E8902,PRIV DWEL FIRE-FUMES NOS
9950,OTHER ANAPHYLACTIC REACTION
8900,OPEN WOUND OF HIP/THIGH
E966,ASSAULT-CUTTING INSTR
34889,OTHER CONDITIONS OF BRAIN
1991,MALIGNANT NEOPLASM NOS
5771,CHRONIC PANCREATITIS
9300,CORNEAL FOREIGN BODY
E914,FB ENTERING EYE
78062,POSTPROCEDURAL FEVER
7038,DISEASES OF NAIL NEC
V4581,AORTOCORONARY BYPASS
8440,SPRAIN LATERAL COLL LIG
E8240,N-TRAF BOARD/ALIGHT-DRIV
94223,2ND DEG BURN ABDOMN WALL
E9240,ACC-HOT LIQUID & STEAM
E9204,ACCID-OTHER HAND TOOLS
8260,"FX PHALANX, FOOT-CLOSED"
99662,"DUE TO OTHER VASCULAR DEVICE, IMPLANT, AND GRAFT"
E8782,ABN REACT-ANASTOM/GRAFT
8820,OPEN WOUND OF HAND
4275,CARDIAC ARREST
7100,SYST LUPUS ERYTHEMATOSUS
92720,CRUSHING INJURY OF HAND
81502,FX METACARP BASE NEC-CL
88100,OPEN WOUND OF FOREARM
3090,ADJUST DISORDER W/DEPRESS MOOD
92320,CONTUSION OF HAND(S)
83402,DISL INTERPHALN HAND-CL
E8122,MV COLLIS NOS-MOTORCYCL
462,ACUTE PHARYNGITIS
52469,OTHER TMJ DISORDER
38010,INFEC OTITIS EXTERNA NOS
E9019,EXCESSIVE COLD NOS
E9064,NONVENOM ARTHROPOD BITE
9110,ABRASION TRUNK
25051,DIAB OPHTHAL MANIF IDDM
37923,VITREOUS HEMORRHAGE
63390,UNSPECIFIED ECTOPIC PREGNANCY WITHOUT INTRAUTERINE PREGNANCY
99674,"DUE TO OTHER VASCULAR DEVICE,IMPLANT,GRAFT"
68100,"CELLULITIS, FINGER NOS"
9155,INSECT BITE FINGER-INFEC
3441,PARAPLEGIA NOS
92401,CONTUSION OF HIP
4439,PERIPH VASCULAR DIS NOS
71911,HEMARTHROSIS-SHLDER
3129,CONDUCT DISTURBANCE NOS
9248,MULTIPLE CONTUSIONS NEC
E8111,REENTRANT MV COLL-PASNGR
37272,CONJUNCTIVAL HEMORRHAGE
8056,FX SACRUM/COCCYX-CLOSED
E882,FALL FROM BUILDING
79029,OTHER ABNORMAL GLUCOSE
8448,SPRAIN OF KNEE & LEG NEC
E8853,FALL FROM SKIS
8479,SPRAIN OF BACK NOS
7234,BRACHIAL NEURITIS NOS
E9352,ADV EFF OPIATES
9182,SUPERFIC INJ CONJUNCTIVA
8082,FRACTURE OF PUBIS-CLOSED
8628,INTRATHORACIC INJ NOS-CL
63591,LEGAL ABORT UNCOMPL-INC
7813,LACK OF COORDINATION
2967,BIPOLAR AFFECTIVE NOS
45389,ACUTE VENOUS EMBOLISM AND THROMBOSIS OF OTHER SPECIFIED VEINS
1579,MALIG NEO PANCREAS NOS
37921,VITREOUS DEGENERATION
6828,"CELLULITIS, SITE NEC"
2920,DRUG WITHDRAWAL SYNDROME
30400,OPIOID DEPENDENCE-UNSPEC
V015,RABIES CONTACT
6268,MENSTRUAL DISORDER NEC
29620,MAJOR DEPRESSION-UNSPEC
30001,PANIC DISORDER
64003,THREATEN ABORT-ANTEPART
E8849,FALL-1 LEVEL TO OTH NEC
3102,POSTCONCUSSION SYNDROME
V222,"PREG STATE, INCIDENTAL"
7265,ENTHESOPATHY OF HIP
72749,BURSAL CYST NEC
84213,SPRAIN INTERPHALANGEAL
9654,POIS-AROM ANALGESICS NEC
E9800,UNDETERM POIS-ANALGESICS
2971,PARANOIA
0546,HERPETIC WHITLOW
72992,NONTRAUMATIC HEMATOMA OF SOFT TISSUE
29690,UNSPECIFIED EPISODIC MOOD DISORDER
78720,"DYSPHAGIA, UNSPECIFIED"
78652,PAINFUL RESPIRATION
34580,"OTHER FORMS OF EPILEPSY AND RECURRENT SEIZURES, WITHOUT MENTION OF INTRACTABLE EPILEPSY"
53649,OTHER GASTROSTOMY COMPLICATION
5959,CYSTITIS NOS
E8783,ABN REACT-EXTERNAL STOMA
71596,OSTEOARTHROS NOS-L/LEG
71656,POLYARTHRITIS NOS-L/LEG
71906,JOINT EFFUSION-L/LEG
6807,CARBUNCLE OF FOOT
9171,ABRASION FOOT/TOE-INFEC
71942,JOINT PAIN-UP/ARM
E8810,FALL FROM LADDER
463,ACUTE TONSILLITIS
1983,SEC MAL NEO BRAIN/SPINE
1971,SEC MAL NEO MEDIASTINUM
V1082,HX-MALIG SKIN MELANOMA
1919,MALIG NEO BRAIN NOS
452,PORTAL VEIN THROMBOSIS
9352,FOREIGN BODY IN STOMACH
E915,FB ENTERING OTH ORIFICE
30301,AC ALCOHOL INTOX-CONTIN
38870,OTALGIA NOS
65573,DECREASE FETAL MOVEMENT ANTEPART
9925,HEAT EXHAUSTION NOS
E9000,EXCESSIVE HEAT: WEATHER
E0011,ACTIVITIES INVOLVING RUNNING
7080,ALLERGIC URTICARIA
80501,FX C1 VERTEBRA-CLOSED
7907,BACTEREMIA NOS
81342,FX DISTAL RADIUS NEC-CL
53640,UNSPEC GASTROSTOMY COMPLIC
59780,URETHRITIS NOS
6822,CELLULITIS/ABSCESS OF TRUNK
1749,MALIGN NEOPL BREAST NOS
78459,OTHER SPEECH DISTURBANCE
85301,BRAIN HEM NEC W/O COMA
29630,RECURR MAJOR DEPRESSION-UNSP
30520,CANNABIS ABUSE-UNSPEC
81243,"FX HUMER, MED CONDYL-CL"
84210,SPRAIN OF HAND NOS
9948,EFFECTS ELECTRIC CURRENT
E9250,DOMESTIC WIRING ACCIDENT
37312,HORDEOLUM INTERNUM
9120,ABRASION SHOULDER/ARM
E0064,ACTIVITIES INVOLVING BIKE RIDING
E0073,ACTIVITIES INVOLVING BASEBALL
78639,OTHER HEMOPTYSIS
78194,FACIAL WEAKNESS
81612,"FX DISTAL PHAL, HAND-OPN"
4619,ACUTE SINUSITIS NOS
E8790,ABN REACT-CARDIAC CATH
83961,DISLOCAT STERNUM-CLOSED
78601,HYPERVENTILATION
29680,MANIC-DEPRESSIVE NOS
5756,GB CHOLESTEROLOSIS
6019,PROSTATITIS NOS
57400,CHOLELITH W AC CHOLECYST
29590,SCHIZOPHRENIA NOS-UNSPEC
4510,SUPERFIC PHLEBITIS-LEG
4556,HEMORRHOIDS NOS
9181,SUPERFICIAL INJ CORNEA
E8850,FALL FROM SCOOTER
6071,BALANOPOSTHITIS
V715,OBSERV FOLLOWING RAPE
83305,DISLOC METACARPAL-CLOSED
99673,"DUE TO RENAL DIALYSIS DEVICE,IMPLANT,GRAFT"
86503,SPLEEN PARENCHYMA LACER
1550,"MAL NEO LIVER, PRIMARY"
5712,ALCOHOL CIRRHOSIS LIVER
V1007,HX OF LIVER MALIGNANCY
4568,VARICES OF OTHER SITES
7873,FLATUL/ERUCTAT/GAS PAIN
07054,CHRONIC HEP C W/OUT COMA
1890,MALIG NEOPL KIDNEY
9150,ABRASION FINGER
78492,JAW PAIN
E8540,ACC POISON-ANTIDEPRESSNT
E8550,ACC POISN-ANTICONVULSANT
5559,REGIONAL ENTERITIS NOS
81602,"FX DIST PHALANX, HAND-CL"
E9201,ACC-POWER HAND TOOL NEC
8832,OPEN WND FINGER W TENDON
41189,OTHER ISCHEMIC HEART DISEASE
8246,FX TRIMALLEOLAR-CLOSED
3682,DIPLOPIA
99639,MALFUNC GU DEV/GRAFT NEC
9595,FINGER INJURY NOS
E9198,MACHINERY ACCIDENT NEC
34590,"EPILEPSY, NOS WITHOUT INTRACTABLE EPILEPSY"
2273,BENIGN NEO PITUITARY
79099,OTHER NONSPECIFIC FX ON EXAM
78902,ABDOMINAL PAIN LUQ
8028,FX FACIAL BONE NEC-CLOSE
8220,FRACTURE PATELLA-CLOSED
99659,MALFUNC OTH DEVICE/GRAFT
E8288,RIDDEN ANIM ACC-PERS NEC
1551,MAL NEO INTRAHEPAT DUCTS
99889,OTHER SPEC COMPL S/P SURGERY
9156,FOREIGN BODY FINGER
7336,COSTOCHONDRITIS/TIETZE'S DISEASE
4465,GIANT CELL ARTERITIS
E8171,MV ACC BOARD/ALIGHT-PSGR
99883,NONHEALING SURGICAL WOUND
99559,"CHILD MALTREATMENT SYND, NEC"
29411,DEMENTIA IN CONDITIONS CLASSIFIED ELSEWHERE WITH BEHAVIORAL DISTURBANCE
42090,ACUTE PERICARDITIS NOS
8408,SPRAIN SHOULDER/ARM NEC
3489,BRAIN CONDITION NOS
25041,DIAB RENAL MANIF IDDM
5695,INTESTINAL ABSCESS
E9500,SUICIDE-ANALGESICS
78607,WHEEZING
9392,FOREIGN BDY VULVA/VAGINA
3109,NONPSYCHOT BRAIN SYN NOS
30480,COMB DRUG DEP NEC-UNSPEC
30751,BULIMIA
5568,OTHER ULCERATIVE COLITIS
87320,OPEN WOUND OF NOSE NOS
4321,SUBDURAL HEMORRHAGE
8821,OPN WOUND HAND-COMPLICAT
E9063,ANIMAL BITE NEC
80505,FX C5 VERTEBRA-CLOSED
1830,MALIGN NEOPL OVARY
6959,ERYTHEMATOUS COND NOS
E9478,ADV EFF MEDICINAL NEC
87341,OPEN WOUND OF CHEEK
9779,POISON-MEDICINAL AGT NOS
33372,ACUTE DYSTONIA DUE TO DRUGS 
E8589,ACC POISONING-DRUG NOS
8072,FRACTURE OF STERNUM-CLOS
V4987,PHYSICAL RESTRAINTS STATUS
2384,POLYCYTHEMIA VERA
81601,"FX MID/PRX PHAL, HAND-CL"
2700,AMINO-ACID TRANSPORT DIS
7197,DIFFICULTY WALKING
7220,CERVICAL DISC DISPLACMNT
82120,FX LOW END FEMUR NOS-CL
7852,CARDIAC MURMURS NEC
V016,VENEREAL DIS CONTACT
9190,ABRASION NEC
8080,FRACTURE ACETABULUM-CLOS
7827,SPONTANEOUS ECCHYMOSES
586,"RENAL FAILURE, UNSPECIFIED"
87201,OPEN WOUND OF AURICLE
E0083,ACTIVITIES INVOLVING FRISBEE
938,"FOREIGN BODY IN DIGESTIVE SYSTEM, UNSPECIFIED"
3009,NEUROTIC DISORDER NOS
88102,OPEN WOUND OF WRIST
30981,PROLONG POSTTRAUM STRESS
E887,"FRACTURE, CAUSE NOS"
51289,OTHER PNEUMOTHORAX
8409,SPRAIN SHOULDER/ARM NOS
3383,NEOPLASM RELATED PAIN (ACUTE) (CHRONIC)
88122,OPN WOUND WRIST W TENDON
71102,PYOGEN ARTHRITIS-UP/ARM
4940,BRONCHIECTASIS WITHOUT ACUTE EXACERBATION
4359,TRANS CEREB ISCHEMIA NOS
71949,JOINT PAIN-MULT JTS
87330,OPEN WND NOSE NOS-COMPL
81611,"FX MID/PRX PHAL, HAND-OP"
8831,OPEN WOUND FINGER-COMPL
38482,ATROPHIC NONFLACCID TYMP
5199,RESP SYSTEM DISEASE NOS
4730,CHR MAXILLARY SINUSITIS
5362,PERSISTENT VOMITING
1509,MAL NEO ESOPHAGUS NOS
V1003,HX-ESOPHAGEAL MALIGNANCY
5303,ESOPHAGEAL STRICTURE
88101,OPEN WOUND OF ELBOW
82321,FX SHAFT FIBULA-CLOSED
8240,FX MEDIAL MALLEOLUS-CLOS
45989,CIRCULATORY DISEASE NEC
3619,RETINAL DETACHMENT NOS
72210,LUMBAR DISC DISPLACEMENT
56981,INTESTINAL FISTULA
E9687,HUMAN BITE
5300,ACHALASIA & CARDIOSPASM
61171,MASTODYNIA
7930,NONSPECIFIC (ABNORMAL) FINDINGS ON RADIOLOGICAL AND OTHER EXAMINATION OF SKULL AND HEAD
E8538,ACC POISN-TRANQUILZR NEC
63491,SPON ABORT UNCOMPL-INC
7586,GONADAL DYSGENESIS
86803,PERITONEUM INJURY-CLOSED
4259,SECOND CARDIOMYOPATH NOS
45385,ACUTE VENOUS EMBOLISM AND THROMBOSIS OF SUBCLAVIAN VEINS
45384,ACUTE VENOUS EMBOLISM AND THROMBOSIS OF AXILLARY VEINS
29689,MANIC-DEPRESSIVE NEC
30550,OPIOID ABUSE-UNSPEC
96500,POISONING-OPIUM NOS
185,CA PROSTATE
3804,IMPACTED CERUMEN
99812,HEMATOMA COMPLIC PROCEDURE
E8781,ABN REACT-ARTIF IMPLANT
99939,"INFECTION FOLLOWING OTHER INFUSION, INJECTION, TRANSFUSION, OR VACCINATION"
E8162,LOSS CONTROL MV-MOCYCL
V045,VACCIN FOR RABIES
E0190,ACTIVITIES INVOLVING WALKING AN ANIMAL
9957,"OTHER ADVERSE FOOD REACTIONS, NOT ELSEWHERE CLASSIFIED"
4571,OTHER LYMPHEDEMA
9164,INSECT BITE HIP & LEG
8509,CONCUSSION NOS
075,INFECTIOUS MONONUCLEOSIS
E9530,SUICIDE-HANGING
29633,RECUR MAJ DEPRESSION-SEVERE
4770,RHINITIS DUE TO POLLEN
07799,DIS OF CONJUNCTIVA-VIRUS
9351,FOREIGN BODY ESOPHAGUS
8026,FX ORBITAL FLOOR-CLOSED
80101,CL SKUL BASE FX W/O COMA
8024,FX MALAR/MAXILLARY-CLOSE
7880,RENAL COLIC
2127,BENIGN NEOPLASM HEART
514,PULMONARY CONGESTION & HYPOSTASIS
72633,OLECRANON BURSITIS
51919,OTHER DISEASES OF TRACHEA AND BRONCHUS
25002,NIDDM UNCONTROLLED
E9205,HYPODERMIC NEEDLE
8250,FRACTURE CALCANEUS-CLOSE
52100,UNSPECIFIED DENTAL CARIES
E8270,ANIMAL DRAWN VEH-PEDEST
33819,OTHER ACUTE PAIN 
82022,SUBTROCHANTERIC FX-CLOSE
87344,OPEN WOUND OF JAW
V0481,"PROPHYLACTIC VACCINE AND INNOC., INFLUENZA"
4550,INT HEMORRHOID W/O COMPL
7089,URTICARIA NOS
81500,FX METACARPAL NOS-CLOSED
71109,PYOGEN ARTHRITIS-MULT
5739,LIVER DISORDER NOS
8700,LAC EYELID SKN/PERIOCULR
87349,OPEN WOUND OF FACE NEC
9301,FB IN CONJUNCTIVAL SAC
1121,CANDIDAL VULVOVAGINITIS
30750,EATING DISORDER NOS
E969,LATE EFFECT ASSAULT
38610,PERIPHERAL VERTIGO NOS
4149,CHR ISCHEMIC HRT DIS NOS
2189,UTERINE LEIOMYOMA NOS
92421,CONTUSION OF ANKLE
8710,OCULAR LAC W/O PROLAPSE
68111,ONYCHIA OF TOE
V1052,HX OF KIDNEY MALIGNANCY
27542,HYPERCALCEMIA
8602,TRAUM HEMOTHORAX-CLOSED
81354,FX LOW RADIUS W ULNA-OPN
E8842,FALL FROM CHAIR OR BED
2863,CONG DEF CLOT FACTOR NEC
57490,"CHOLELITH/CHOLEDOCHOLITH, NO CHOLECYS, NO OBS"
73300,OSTEOPOROSIS NOS
84200,SPRAIN OF WRIST NOS
55200,UNIL FEMORAL HERN W OBST
71902,JOINT EFFUSION-UP/ARM
4329,INTRACRANIAL HEMORR NOS
78451,DYSARTHRIA
34290,UNSPEC HEMIPLEGIA UNSPEC SIDE
4377,TRANSIENT GLOBAL AMNESIA
78841,URINARY FREQUENCY
5793,INTEST POSTOP NONABSORB
E0291,SPECTATOR AT AN EVENT
30183,BORDERLINE PERSONALITY
9618,POIS-ANTIMYCOBAC DRG NEC
E857,ACC POIS-OTH ANTI-INFECT
42612,ATRIOVEN BLOCK-MOBITZ II
E9308,ADV EFF ANTIBIOTICS NEC
73020,OSTEOMYELITIS NOS-UNSPEC
73021,OSTEOMYELITIS NOS-SHLDER
7866,CHEST SWELLING/MASS/LUMP
042,HIV DISEASE
1769,KAPOSI'S SARCOMA-UNSPEC SITE
71595,OSTEOARTHROS NOS-PELVIS
7808,HYPERHIDROSIS
80111,CL SKUL BASE FX W/O COMA
56960,COLOSTOMY COMP NOS
37230,CONJUNCTIVITIS NOS
85011,CONCUSSION W/ LOSS OF CONSC. 30 MIN. OR LESS
4289,HEART FAILURE NOS
20050,"PRIMARY CENTRAL NERVOUS SYSTEM LYMPHOMA, UNSPECIFIED SITE, EXTRANODAL AND SOLID ORGAN SITES"
80507,FX C7 VERTEBRA-CLOSED
78905,ABDOMINAL PAIN PERIUMBILIC
E0063,ACTIVITIES INVOLVING BOWLING
63512,LEGAL ABOR W HEMORR-COMP
6989,PRURITIC DISORDER NOS
9172,BLISTER FOOT & TOE
V4588,STATUS POST ADMINISTRATION OF TPA (RTPA) IN A DIFFERENT FACILITY WITHIN THE LAST 24 HOURS PRIOR TO ADMISSION TO CURRENT FACILITY
E9383,ADV EFF INTRAVEN ANESTH
82020,TROCHANTERIC FX NOS-CLOS
72885,SPASM OF MUSCLE
81109,FX SCAPULA NEC-CLOSED
5935,HYDROURETER
28749,OTHER SECONDARY THROMBOCYTOPENIA
23875,"MYELODYSPLASTIC SYNDROME, UNSPECIFIED"
541,"APPENDICITIS, UNQUALIFIED"
92310,CONTUSION OF FOREARM
7885,OLIGURIA & ANURIA
60490,ORCHITIS/EPIDIDYMIT NOS
5781,MELENA
56731,PSOAS MUSCLE ABSCESS
7904,ELEV TRANSAMINASE/LDH
6073,PRIAPISM
99631,MALFUNC URETHRAL CATH
75982,MARFAN SYNDROME
E8298,OTH RD VEH ACC-PERS NEC
99667,"DUE TO OTHER INTERNAL ORTHOPEDIC DEVICE,IMPLANT,GRAFT"
E0160,"ACTIVITIES INVOLVING DIGGING, SHOVELING AND RAKING"
72991,POST-TRAUMATIC SEROMA
E8844,FALL FROM BED
6010,ACUTE PROSTATITIS
1970,SECONDARY MALIG NEO LUNG
78630,"HEMOPTYSIS, UNSPECIFIED"
80220,MANDIBLE FX NOS-CLOSED
20930,"MALIGNANT POORLY DIFFERENTIATED NEUROENDOCRINE CARCINOMA, ANY SITE"
20970,"SECONDARY NEUROENDOCRINE TUMOR, UNSPECIFIED SITE"
4786,EDEMA OF LARYNX
72611,CALCIF TENDINITIS SHLDER
71907,JOINT EFFUSION-ANKLE
9224,CONTUSION GENITAL ORGANS
8488,SPRAIN NEC
72610,ROTATOR CUFF SYND NOS
9584,TRAUMATIC SHOCK
80120,CL SKL BASE FX/MENIN HEM
9213,CONTUSION OF EYEBALL
37630,EXOPHTHALMOS NOS
319,UNSPECIFIED INTELLECTUAL DISABILITIES
00845,CLOSTRIDIUM DIFFICILE
6084,MALE GEN INFLAM DIS NEC
7944,ABN KIDNEY FUNCT STUDY
72271,CERV DISC DIS W MYELOPAT
4549,ASYMPTOMATIC VARICOSE VEINS
2330,CA IN SITU BREAST
25013,IDDM UNCONTROLLED W/KETOACID
56789,OTHER SPECIFIED PERITONITIS
V4511,RENAL DIALYSIS STATUS
4372,HYPERTENS ENCEPHALOPATHY
99529,"UNSPECIFIED ADVERSE EFFECT OF OTHER DRUG, MEDICINAL AND BIOLOGICAL SUBSTANCE"
7078,CHRONIC SKIN ULCER NEC
73007,AC OSTEOMYELITIS-FOOT
25061,DIAB NEURO MANIF IDDM
5679,PERITONITIS NOS
9623,POISON-INSULIN/ANTIDIAB
E8580,ACC POISON-HORMONES
E8852,FALL FROM SKATEBOARD
E0060,ACTIVITIES INVOLVING ROLLER SKATING (INLINE) AND SKATEBOARDING
25060,DIAB NEURO MANIF ADULT
3572,NEUROPATHY IN DIABETES
7099,SKIN DISORDER NOS
56969,OTHER COLOSTOMY COMP
1501,MAL NEO THORACIC ESOPHAG
43320,OCCLUS VERTEBRAL ART NO INFARCT
64083,HEM EARLY PG NEC-ANTEPAR
87269,OPEN WOUND OF EAR NEC
84219,SPRAIN OF HAND NEC
V1047,HX-TESTICULAR MALIGNANCY
71697,ARTHROPATHY NOS-ANKLE
7140,RHEUMATOID ARTHRITIS
71694,ARTHROPATHY NOS-HAND
9951,ANGIONEUROTIC EDEMA
8604,TRAUM PNEUMOHEMOTHOR-CL
5768,DIS OF BILIARY TRACT NEC
34500,GEN NONCONVULSIVE EPILEPSY WITHOUT INTRACTABLE EPILEPSY
E9175,IN SPORTS WITH FALL
9975,SURG COMPL-URINARY TRACT
570,ACUTE & SUBACUTE NECROSIS OF LIVER
9219,CONTUSION OF EYE NOS
30561,COCAINE ABUSE-CONTINUOUS
6110,INFLAM DISEASE OF BREAST
88111,OPEN WOUND ELBOW-COMPLIC
82301,FX UPPER END FIBULA-CLOS
490,BRONCHITIS
2550,CUSHING'S SYNDROME
8244,FX BIMALLEOLAR-CLOSED
6149,FEM PELV INFLAM DIS NOS
46430,AC EPIGLOTTITIS NO OBSTR
6164,ABSCESS OF VULVA NEC
4430,RAYNAUD'S SYNDROME
80708,FX EIGHT/MORE RIB-CLOSED
86602,KIDNEY LACERATION-CLOSED
86501,SPLEEN HEMATOMA-CLOSED
7135,ARTHROPATHY W NERVE DIS
2760,HYPEROSMOLALITY
9239,CONTUSION UPPER LIMB NOS
81002,FX CLAVICLE SHAFT-CLOSED
3829,OTITIS MEDIA NOS
83809,DISLOCAT FOOT NEC-CLOSED
2910,DELIRIUM TREMENS
2639,PROTEIN-CAL MALNUTR NOS
57410,CHOLELITH W CHOLECYS NEC
684,IMPETIGO
30460,DRUG DEPEND NEC-UNSPEC
30401,OPIOID DEPENDENCE-CONTIN
9161,ABRASION HIP/LEG-INFECT
92232,BUTTOCK CONTUSION
5225,PERIAPICAL ABSCESS
83101,ANT DISLOC HUMERUS-CLOSE
81200,FX UP END HUMERUS NOS-CL
82521,FX ASTRAGALUS-CLOSED
85180,BRAIN LACERATION NEC
63381,OTHER ECTOPIC PREGNANCY WITH INTRAUTERINE PREGNANCY
67524,MASTITIS-POSTPARTUM
430,SUBARACHNOID HEMORRHAGE
7062,SEBACEOUS CYST
5224,AC APICAL PERIODONTITIS
94121,2ND DEG BURN EAR
E9248,HOT SUBSTANCE ACCID NEC
E0084,ACTIVITIES INVOLVING MARTIAL ARTS
5716,BILIARY CIRRHOSIS
85226,SUBDURAL HEMORR-COMA NOS
2861,CONG FACTOR IX DISORDER
78930,ABDOM/PELV SWELL/MASS UNSP SITE
49391,ASTHMA W STATUS ASTHMAT
99749,OTHER DIGESTIVE SYSTEM COMPLICATIONS
72400,SPINAL STENOSIS NOS
69276,SUNBURN OF SECOND DEGREE
E9262,VISIBLE AND ULTRVIOET LIGHT SOURCES
81504,FX METACARPAL NECK-CLOSE
64093,HEM EARLY PREG-ANTEPART
0090,INFECTIOUS ENTERITIS NOS
3501,TRIGEMINAL NEURALGIA
7937,NONSPECIFIC (ABNORMAL) FINDINGS ON RADIOLOGICAL AND OTHER EXAMINATION OF MUSCULOSKELETAL SYSTEM
29623,MAJOR DEPRESSION-SEVERE
78729,OTHER DYSPHAGIA
5641,IRRITABLE COLON
44321,DISSECTION OF CAROTID ARTERY
2252,BEN NEO CEREBR MENINGES
73027,OSTEOMYELITIS NOS-FOOT
9107,FOREIGN BODY HEAD-INFECT
37182,CORNEAL DIS D/T CONTACT LENS
73342,ASEPTIC NECROSIS FEMUR
30470,OPIOID/OTHER DEP-UNSPEC
37515,TEAR FILM INSUFFIC NOS
30410,BARBITURAT DEPEND-UNSPEC
30541,BARBITURATE ABUSE-CONTIN
2441,POSTABLAT HYPOTHYR NEC
7284,LAXITY OF LIGAMENT
37311,HORDEOLUM EXTERNUM
37300,BLEPHARITIS NOS
E9290,LATE EFF MOTOR VEHIC ACC
0419,BACTERIAL INFECTION NOS
80001,CL SKULL VLT FX W/O COMA
E9220,HANDGUN ACCIDENT
7921,ABN FIND-STOOL CONTENTS
81303,MONTEGGIA'S FX-CLOSED
27801,MORBID OBESITY
34839,OTHER ENCEPHALOPATHY
5762,OBSTRUCTION OF BILE DUCT
8419,SPRAIN ELBOW/FOREARM NOS
81221,FX HUMERUS SHAFT-CLOSED
9553,INJURY RADIAL NERVE
88110,OPEN WOUND FOREARM-COMPL
0579,VIRAL EXANTHEMATA NOS
82101,FX FEMUR SHAFT-CLOSED
72704,RADIAL STYLOID TENOSYNOV
5711,AC ALCOHOLIC HEPATITIS
42613,AV BLOCK-2ND DEGREE NEC
V4589,POSTSURGICAL STATES NEC
73028,OSTEOMYELIT NOS-OTH SITE
99668,INFECT AND INFLAMM D/T PD CATH
6205,TORSION OF OVARY OR TUBE
55011,RECUR UNIL ING HERN-OBST
3669,CATARACT NOS
72671,ACHILLES TENDINITIS
72705,TENOSYNOV HAND/WRIST NEC
6926,DERMATITIS DUE TO PLANT
7843,APHASIA
37430,PTOSIS OF EYELID NOS
78093,MEMORY LOSS
8792,OPN WND ANTERIOR ABDOMEN
82332,FX SHAFT TIBIA W FIB-OPN
4572,LYMPHANGITIS
E8504,ACC POISON-AROM ANALGESC
72982,CRAMP IN LIMB
72709,SYNOVITIS NEC
E8785,ABN REACT-LIMB AMPUTAT
25071,DIAB CIRCULAT DIS IDDM
86509,SPLEEN INJURY NEC-CLOSED
29040,ARTERIOSCLER DEMENT NOS
4370,CEREBRAL ATHEROSCLEROSIS
85206,SUBARACH HEM-COMA NOS
80707,FRACTURE SEVEN RIBS-CLOS
80841,FRACTURE OF ILIUM-CLOSED
80504,FX C4 VERTEBRA-CLOSED
6988,PRURITIC CONDITIONS NEC
45386,ACUTE VENOUS EMBOLISM AND THROMBOSIS OF INTERNAL JUGULAR VEINS
412,OLD MYOCARDIAL INFARCTION
9210,BLACK EYE NOS
9114,INSECT BITE TRUNK
94502,BURN NOS FOOT
E9241,ACCID-CAUSTIC SUBSTANCE
38830,TINNITUS NOS
6235,NONINFECT VAG LEUKORRHEA
73390,BONE & CARTILAGE DIS NOS
931,FOREIGN BODY IN EAR
5285,DISEASES OF LIPS
7936,"NONSPECIFIC (ABNORMAL) FINDINGS ON RADIOLOGICAL AND OTHER EXAMINATION OF ABDOMINAL AREA, INCLUDING RETROPERITONEUM"
9170,ABRASION FOOT & TOE
75981,PRADER-WILLI SYNDROME
72293,DISC DIS NEC/NOS-LUMBAR
V7269,OTHER LABORATORY EXAMINATION
64803,DIABETES-ANTEPARTUM
80705,FRACTURE FIVE RIBS-CLOSE
30530,HALLUCINOG ABUSE-UNSPEC
V632,WAIT ADM TO OTH FACILITY
V5489,OTHER ORTHOPEDIC AFTERCARE
87200,OPN WOUND EXTERN EAR NOS
5651,ANAL FISTULA
V6881,REFERRAL-NO EXAM/TREAT
V1005,HX OF COLONIC MALIGNANCY
9726,POIS-ANTIHYPERTEN AGENT
9738,POISONING-GI AGENTS NEC
53010,ESOPHAGITIS UNSPECIFIED
V1006,HX-RECTAL & ANAL MALIGN
85300,TRAUMATIC BRAIN HEM NEC
V714,OBSERV-ACCIDENT NEC
34550,"LOCALIZATION-RELATED (FOCAL) (PARTIAL) EPILEPSY AND EPILEPTIC SYNDROMES WITH SIMPLE PARTIAL SEIZURES, WITHOUT MENTION OF INTRACTABLE EPILEPSY"
E8583,ACC POISN-CARDIOVASC AGT
83102,POST DISLOC HUMERUS-CLOS
6209,NONINFL DIS OVA/ADNX NOS
V4281,BONE MARROW TRANSPLANT STATUS
9596,HIP & THIGH INJURY NOS
1820,MALIG NEO CORPUS UTERI
4412,THORACIC AORTIC ANEURYSM
3530,BRACHIAL PLEXUS LESIONS
6163,BARTHOLIN'S GLND ABSCESS
25541,GLUCOCORTICOID DEFICIENCY
78061,FEVER PRESENTING WITH CONDITIONS CLASSIFIED ELSEWHERE
0740,HERPANGINA
V9081,RETAINED GLASS FRAGMENTS
5718,CHRONIC LIVER DIS NEC
3384,CHRONIC PAIN SYNDROME 
71106,PYOGEN ARTHRITIS-LOWER LEG
3888,DISORDERS OF EAR NEC
4558,HEMRRHOID NOS W COMP NEC
4555,EXT HEMRRHOID W COMP NEC
9696,POISONING-HALLUCINOGENS
29289,DRUG MENTAL DISORDER NEC
E8541,ACC POISON-HALLUCINOGENS
9194,INSECT BITE NEC
1105,DERMATOPHYTOSIS OF BODY
4785,VOCAL CORD DISEASE NEC
501,ASBESTOSIS
7861,STRIDOR
V4502,AICD STATUS
52109,OTHER DENTAL CARIES
86113,HEART CHAMBER LACER-OPN
0479,VIRAL MENINGITIS NOS
7835,POLYDIPSIA
20210,MYCOSIS FUNGOIDES UNSPEC
81102,"FX SCAPUL, CORAC PROC-CL"
81241,SUPRCONDYL FX HUMERUS-CL
1889,MALIG NEO BLADDER NOS
8744,OPEN WOUND OF PHARYNX
95912,OTHER INJURY OF ABDOMEN
5368,STOMACH FUNCTION DIS NEC
64204,ESSEN HYPERTEN-POSTPART
72679,ANKLE ENTHESOPATHY NEC
25083,IDDM W/OTHER MANIF UNCONTR
V1581,NONCOMPLIANCE MEDICAL TX
3490,LUMBAR PUNCTURE REACTION
E9209,ACC-CUTTING INSTRUM NOS
4263,LEFT BB BLOCK NEC
V6285,HOMICIDAL IDEATION
78830,URINARY INCONTINENCE
9701,POISON-OPIATE ANTAGONIST
E8543,ACC POISON-CNS STIMULANT
8485,SPRAIN OF PELVIS
325,PHLEBITIS & THROMBOPHLEBITIS OF INTRACRANIAL SINUS
96501,POISONING-HEROIN
E8500,ACC POISON-HEROIN
86400,LIVER INJURY NOS-CLOSED
9839,TOXIC EFFECT CAUSTIC NOS
E8614,ACC POISON-DISINFECTANTS
42781,SINOATRIAL NODE DYSFUNCT
E9673,CHILD/ADULT AB-SPOUSE/PARTNER
8911,OPEN WND KNEE/LEG-COMPL
05472,H SIMPLEX MENINGITIS
99644,PERI-PROSTHETIC FRACTURE AROUND PROSTHETIC JOINT
V066,VACC FOR STREP PNEUM/INFLUENZA
5296,GLOSSODYNIA
9212,CONTUSION ORBITAL TISSUE
78099,OTHER GENERAL SYMPTOMS
V1588,HISTORY OF FALL
83309,DISLOC WRIST NEC-CLOSED
44422,LOWER EXTREMITY EMBOLISM
80006,CL SKULL VLT FX-COMA NOS
80106,CL SKUL BASE FX-COMA NOS
82121,FX FEMORAL CONDYLE-CLOSE
99672,"DUE TO OTHER CARDIAC DEVICE,IMPLANT,GRAFT"
27669,OTHER FLUID OVERLOAD
9594,HAND INJURY NOS
5733,HEPATITIS NOS
92321,CONTUSION OF WRIST
1759,MAL NEO MALE BREAST NEC
71535,LOC OSTEOARTH NOS-PELVIS
6318,OTHER ABNORMAL PRODUCTS OF CONCEPTION
E9394,ADV EFF BENZODIAZ TRANQ
38420,PERFORAT TYMPAN MEMB NOS
71901,JOINT EFFUSION-SHLDER
8404,STRAIN ROTATOR CUFF
71101,PYOGEN ARTHRITIS-SHLDER
4240,MITRAL VALVE DISORDER
83202,POST DISLOC ELBOW-CLOSED
9556,INJURY DIGITAL NERVE
9999,COMPLIC MED CARE NEC/NOS
07071,UNSPECIFIED VIRAL HEPATITIS C WITH HEPATIC COMA
34460,CAUDA EQUINA SYND NOS
4422,ILIAC ARTERY ANEURYSM
56989,INTESTINAL DISORDERS NEC
5370,ACQ PYLORIC STENOSIS
7868,HICCOUGH
4413,RUPT ABD AORTIC ANEURYSM
41041,"AMI INFERIOR WALL, INITIAL EPISODE OF CARE"
6258,FEM GENITAL SYMPTOMS NEC
5602,VOLVULUS OF INTESTINE
7920,ABN FND-CEREBROSPINAL FL
8798,OPEN WOUND SITE NOS
5854,"CHRONIC KIDNEY DISEASE, STAGE IV (SEVERE)"
30521,CANNABIS ABUSE-CONTIN
6961,OTHER PSORIASIS
6239,NONINFLAM DIS VAGINA NOS
1520,MALIGNANT NEOPL DUODENUM
92303,CONTUSION OF UPPER ARM
95891,TRAUMATIC COMPARTMENT SYNDROME OF UPPER EXTREMITY
05329,HERPES ZOSTER OF EYE NEC
28262,HB-SS DISEASE W/CRISIS
1706,MAL NEO PELVIC GIRDLE
1972,SECOND MALIG NEO PLEURA
51189,"OTHER SPECIFIED FORMS OF EFFUSION, EXCEPT TUBERCULOUS"
3439,CEREBRAL PALSY NOS
E9194,WOODWORKING MACHINE ACC
E8152,MV COLL W OTH OBJ-MOCYCL
5932,"CYST OF KIDNEY, ACQUIRED"
81503,FX METACARPAL SHAFT-CLOS
71931,PALINDROM RHEUM-SHLDER
37943,MYDRIASIS NOT D/T MYDRTC
9778,POISON-MEDICINAL AGT NEC
29284,DRUG DEPRESSIVE SYNDROME
5961,INTESTINOVESICAL FISTULA
9116,FOREIGN BODY TRUNK
3485,CEREBRAL EDEMA
81401,"FX NAVICULAR, WRIST-CLOS"
5181,INTERSTITIAL EMPHYSEMA
28981,PRIMARY HYPERCOAGULABLE STATE
6201,CORPUS LUTEUM CYST
3061,PSYCHOGENIC RESPIR DIS
6252,MITTELSCHMERZ
2753,DIS PHOSPHORUS METABOL
9175,INSECT BITE FOOT/TOE-INF
4239,PERICARDIAL DISEASE NOS
79430,ABN CARDIOVASC STUDY NOS
1104,DERMATOPHYTOSIS OF FOOT
81318,FX UP RADIUS W ULNA-OPEN
88000,OPEN WOUND OF SHOULDER
E9654,ASSAULT-FIREARM NEC
E9452,ADV EFF SKELET MUSC RELX
2140,LIPOMA SKIN FACE
33812,ACUTE POST-THORACOTOMY PAIN 
E8110,REENTRANT MV COLL-DRIVER
82129,FX LOW END FEMUR NEC-CL
7244,LUMBOSACRAL NEURITIS NOS
9587,TRAUM SUBCUTAN EMPHYSEMA
V114,PERSONAL HISTORY OF COMBAT AND OPERATIONAL STRESS REACTION
2752,DIS MAGNESIUM METABOLISM
36900,BOTH EYES BLIND-WHO DEF
85305,BRAIN HEM NEC-DEEP COMA
E9202,ACC-POWER HOUSE APPLIANC
1625,MAL NEO LOWER LOBE LUNG
4293,CARDIOMEGALY
3543,RADIAL NERVE LESION
7905,ABN SERUM ENZY LEVEL NEC
1548,MAL NEO RECTUM/ANUS NEC
9051,LATE EFF SPINE/TRUNK FX
27400,"GOUTY ARTHROPATHY, UNSPECIFIED"
33182,DEMENTIA WITH LEWEY BODIES
07812,PLANTAR WART
4512,THROMBOPHLEBITIS LEG NOS
27951,ACUTE GRAFT-VERSUS-HOST DISEASE
9713,POISONING-SYMPATHOLYTICS
E8556,ACC POISN-SYMPATHOLYTICS
5562,ULCERATIVE PROCTITIS
5363,GASTROPARESIS
4610,AC MAXILLARY SINUSITIS
35800,MYASTHENIA GRAVIS W/O ACUTE EXACERB.
52330,"AGGRESSIVE PERIODONTITIS, UNSPECIFIED"
51882,OTHER PULMONARY INSUFF
V421,HEART TRANSPLANT STATUS
70713,ULCER OF ANKLE
4417,THORACOABDOM ANEURYSM NO RUPT
78559,SHOCK W/O TRAUMA NEC
47829,DISEASE OF PHARYNX NEC
5750,ACUTE CHOLECYSTITIS
3540,CARPAL TUNNEL SYNDROME
36234,TRANSIENT ARTERIAL OCCLU
43310,OCCLUS CAROTID ART NO INFARCT
43330,OCCLUS MULT/BIL ART NO INFARCT
7856,ENLARGEMENT LYMPH NODES
81341,COLLES' FRACTURE-CLOSED
56983,PERFORATION OF INTESTINE
9176,FOREIGN BODY FOOT & TOE
V638,NO MED FACILITIES NEC
7230,CERVICAL SPINAL STENOSIS
9630,POIS-ANTIALLRG/ANTIEMET
96979,POISONING BY OTHER PSYCHOSTIMULANTS
3570,AC INFECT POLYNEURITIS
37941,ANISOCORIA
5601,PARALYTIC ILEUS
81323,FX SHAFT RAD W ULNA-CLOS
99813,SEROMA COMPLIC PROCEDURE
3180,MODERATE INTELLECTUAL DISABILITIES
78760,FULL INCONTINENCE OF FECES
2564,POLYCYSTIC OVARIES
29189,"OTH SPEC ALCHOL PSYCHOSIS,NEC"
V1051,HX OF BLADDER MALIGNANCY
3542,ULNAR NERVE LESION
E9805,UNDET POIS-MED AGNT NOS
5934,URETERIC OBSTRUCTION NEC
59689,OTHER SPECIFIED DISORDERS OF BLADDER
59969,"URINARY OBSTRUCTION, NOT ELSEWHERE CLASSIFIED"
27401,ACUTE GOUTY ARTHROPATHY
9158,SUPERFIC INJ FINGER-NEC
E9285,EXTERNAL CONSTRICTION CAUSED BY OTHER OBJECT
56210,DIVERTICULOSIS OF COLON
70703,"PRESSURE ULCER, LOWER BACK"
70725,"PRESSURE ULCER, UNSTAGEABLE"
5401,ABSCESS OF APPENDIX
59683,OTHER COMPLICATION OF CYSTOSTOMY
5881,NEPHROGEN DIABETES INSIP
33394,RESTLESS LEGS SYNDROME 
20500,"ACUTE MYELOID LEUKEMIA, WITHOUT MENTION OF HAVING ACHIEVED REMISSION"
E9259,ELECTRIC CURRENT ACC NOS
9040,INJ COMMON FEMORAL ARTER
0059,FOOD POISONING NOS
V061,"DTP/DTAP, COMBINED"
99933,LOCAL INFECTION DUE TO CENTRAL VENOUS CATHETER
29650,"BIPOLAR AFF, DEPR-UNSPEC"
57511,CHRONIC CHOLECYSTITIS
E8654,ACC POISON-PLANTS NEC
E9429,ADV EFF CARDIOVASC NEC
E9509,SUICIDE-SOLID/LIQUID NEC
80500,FX CERVICAL VERT NOS-CL
20200,NODULAR LYMPHOMA UNSPEC
37601,ORBITAL CELLULITIS
25040,DIAB RENAL MANIF ADULT
5853,"CHRONIC KIDNEY DISEASE, STAGE III (MODERATE)"
E8151,MV COLL W OTH OBJ-PASNGR
8249,FX ANKLE NOS-OPEN
7869,RESP SYS/CHEST SYMP NEC
70720,"PRESSURE ULCER, UNSPECIFIED STAGE"
V1552,PERSONAL HISTORY OF TRAUMATIC BRAIN INJURY
53642,MECHANICAL COMPLIC OF GASTROSTOMY
30009,ANXIETY STATE NEC
5533,DIAPHRAGMATIC HERNIA
81322,FX ULNA SHAFT-CLOSED
E9068,INJ NEC CAUSED BY ANIMAL
5272,SIALOADENITIS
30560,COCAINE ABUSE-UNSPEC
27541,HYPOCALCEMIA
4139,ANGINA PECTORIS NEC/NOS
4561,ESOPH VARICES W/O BLEED
81321,FX RADIUS SHAFT-CLOSED
80121,CL SKUL BASE FX W/O COMA
95911,OTHER INJURY CHEST WALL
8439,SPRAIN HIP & THIGH NOS
3698,"VISUAL LOSS, ONE EYE NOS"
78863,URGENCY OF URINATION
7235,TORTICOLLIS NOS
80226,FX SYMPHY MANDIB BODY-CL
30540,BARBITURATE ABUSE-UNSPEC
2870,ALLERGIC PURPURA
V1021,HX-LARYNGEAL MALIGNANCY
1619,MALIGNANT NEO LARYNX NOS
8794,OPN WND LATERAL ABDOMEN
83503,ANT DISLOC HIP NEC-CLOS
41513,SADDLE EMBOLUS OF PULMONARY ARTERY
7103,DERMATOMYOSITIS
99769,"AMPUTAT STUMP COMPL, NEC"
V4283,PANCREAS TRANSPLANT STATUS
5691,RECTAL PROLAPSE
45382,ACUTE VENOUS EMBOLISM AND THROMBOSIS OF DEEP VEINS OF UPPER EXTREMITY
2769,ELECTROLYT/FLUID DIS NEC
5192,MEDIASTINITIS
44324,DISSECTION OF VERTEBRAL ARTERY
4168,PULMONARY HTN-SECONDARY
43321,OCCLUS VERTEBRAL ART W/INFARCT
1580,MAL NEO RETROPERITONEUM
1974,SEC MALIG NEO SM BOWEL
1962,MAL NEO LYMPH INTRA-ABD
1978,SEC MAL NEO GI NEC
1539,MALIGNANT NEO COLON NOS
82111,FX FEMUR SHAFT-OPEN
87369,OPEN WOUND MOUTH NEC
99649,"OTHER MECH COMP OF OTHER INTERNAL ORTHOPEDIC DEVICE, IMPLANT, AND GRAFT"
64663,GU INFECTION-ANTEPARTUM
E8791,ABN REACT-RENAL DIALYSIS
E9356,ADV EFF ANTIRHEUMATICS
68101,FELON
84519,SPRAIN OF FOOT NEC
6271,POSTMENOPAUSAL BLEEDING
22804,HEMANGIOMA INTRA-ABDOM
1809,MAL NEO CERVIX UTERI NOS
88003,OPEN WOUND OF UPPER ARM
44421,UPPER EXTREMITY EMBOLISM
V1009,HX OF GI MALIGNANCY NEC
55220,OBSTR VENTRAL HERNIA NOS
94125,2ND DEG BURN NOSE
94128,2ND DEG BURN NECK
94323,2ND DEG BURN UPPER ARM
94222,2ND DEG BURN CHEST WALL
94423,2ND DEG BURN MULT FINGER
94800,BDY BRN < 10%/3D DEG NOS
E895,BURN ACC IN PRIVAT DWELL
85202,SUBARACH HEM-BRIEF COMA
99561,ANAPHYLACTIC REACTION DUE TO PEANUTS
1911,MALIG NEO FRONTAL LOBE
9735,POISONING-ANTIDIARRH AGT
E8584,ACC POISON-GI AGENT
30989,ADJUSTMENT REACTION NEC
20920,MALIGNANT CARCINOID TUMOR OF UNKNOWN PRIMARY SITE
E9331,ADV EFF ANTINEOPLASTIC
6038,HYDROCELE NEC
72479,DISORDER OF COCCYX NEC
5400,AC APPEND W PERITONITIS
V1043,HX OF OVARIAN MALIGNANCY
3363,MYELOPATHY IN OTH DIS
80321,CL SKULL FX NEC W/O COMA
3341,HERED SPASTIC PARAPLEGIA
82302,FX UP TIBIA W FIBULA-CL
74781,CEREBROVASCULAR ANOMALY
9211,CONTUSION PERIOCULAR
35801,MYASTHENIA GRAVIS WITH ACUTE EXACERB.
19889,SECONDARY MALIG NEO NEC
24200,TOX DIF GOITER NO CRISIS
V655,PERSN W FEARED COMPLAINT
70583,HIDRADENITIS
7864,ABNORMAL SPUTUM
3229,MENINGITIS NOS
V1582,HX TOBACCO USE
94425,2ND DEG BURN PALM
72939,"PANNICULITIS, SITE NEC"
2722,MIXED HYPERLIPIDEMIA
6288,FEMALE INFERTILITY NEC
E9390,ADV EFF ANTIDEPRESSANTS
E9413,ADV EFF SYMPATHOLYTICS
64234,TRANS HYPERTEN-POSTPART
56881,HEMOPERITONEUM
E8811,FALL FROM SCAFFOLDING
95208,CENTRAL CORD SYND/C5-C7
95203,CENTRAL CORD SYND/C1-C4
81509,MULT FX METACARPUS-CLOSE
2892,MESENTERIC LYMPHADENITIS
9331,FOREIGN BODY IN LARYNX
99678,"DUE TO OTHER INTERNAL ORTHOPEDIC DEVICE,IMPLANT,GRAFT"
55841,EOSINOPHILIC GASTROENTERITIS
45182,PHLEBITIS SUPERFICIAL VEINS UE
E0075,ACTIVITIES INVOLVING SOCCER
E0031,ACTIVITIES INVOLVING ICE HOCKEY
9243,CONTUSION OF TOE
E9600,UNARMED FIGHT OR BRAWL
4548,"VARICOSE VEINS,LOWER EXTREMITIES,WITH COMPLICATIONS"
37214,CHR ALLRG CONJUNCTIV NEC
4720,CHRONIC RHINITIS
69513,STEVENS-JOHNSON SYNDROME
E9306,ADV EFF ANTMYCOB ANTBIOT
81600,"FX PHALANX, HAND NOS-CL"
36840,VISUAL FIELD DEFECT NOS
1745,MAL NEO BREAST LOW-OUTER
V860,ESTROGEN RECEPTOR POSITIVE STATUS [ER+]
6179,ENDOMETRIOSIS NOS
41411,CORONARY VESSEL ANEURYSM
E8180,MV TRAFF ACC NEC-DRIVER
67434,OB SURG COMP NEC-POSTPAR
9106,FOREIGN BODY HEAD
1120,THRUSH
6140,AC SALPINGO-OOPHORITIS
6018,PROSTATIC INFLAM DIS NEC
515,POSTINFLAMMATORY PULMONARY FIBROSIS
72665,PREPATELLAR BURSITIS
65813,PREM RUPT MEMB-ANTEPART
V7389,SCREEN-VIRAL DISEASE NEC
52310,"CHRONIC GINGIVITIS, PLAQUE INDUCED"
E9315,ADV EFF ANTPROTAZOAL NEC
E9319,ADV EFF ANTINFCT NEC/NOS
81501,FX 1ST METACARP BASE-CL
E8282,RIDDEN ANIMAL ACC-RIDER
E0061,ACTIVITIES INVOLVING HORSEBACK RIDING
8363,DISLOCAT PATELLA-CLOSED
3709,KERATITIS NOS
47822,PARAPHARYNGEAL ABSCESS
51911,ACUTE BRONCHOSPASM 
9914,IMMERSION FOOT
E9309,ADV EFF ANTIBIOTIC NOS
9273,CRUSHING INJURY FINGER
45383,"ACUTE VENOUS EMBOLISM AND THROMBOSIS OF UPPER EXTREMITY, UNSPECIFIED"
4260,ATRIOVENT BLOCK COMPLETE
30928,ADJ REACT-MIXED EMOTION
E8794,ABN REACT-FLUID ASPIRAT
78551,CARDIOGENIC SHOCK
60889,MALE GENITAL DIS NEC
4552,INT HEMRRHOID W COMP NEC
E0077,ACTIVITIES INVOLVING VOLLEYBALL (BEACH) (COURT)
7829,INTEGUMENT TISS SYMP NEC
9124,INSECT BITE SHOULDER/ARM
79319,OTHER NONSPECIFIC ABNORMAL FINDING OF LUNG FIELD
9583,POSTTRAUM WND INFEC NEC
64953,"SPOTTING COMPLICATING PREGNANCY, ANTEPARTUM CONDITION OR COMPLICATION"
37160,KERATOCONUS NOS
80503,FX C3 VERTEBRA-CLOSED
85222,SUBDURAL HEM-BRIEF COMA
6142,SALPINGO-OOPHORITIS NOS
7817,TETANY
E0025,"ACTIVITIES INVOLVING ROWING, CANOEING, KAYAKING, RAFTING AND TUBING"
317,MILD INTELLECTUAL DISABILITIES
6264,IRREGULAR MENSTRUATION
67183,VENOUS COMPL NEC-ANTEPAR
81333,FX SHAFT RAD W ULNA-OPEN
37932,SUBLUXATION OF LENS
80508,FX MULT CERVICAL VERT-CL
08881,LYME DISEASE
80126,CL SKUL BASE FX-COMA NOS
25012,NIDDM UNCONTROLLED W/KETOACID
36000,PURULENT ENDOPHTHALM NOS
6851,PILONIDAL CYST W/O ABSC
E9305,ADV EFF CEPHALOSPORIN
9912,FROSTBITE OF FOOT
53411,AC MARGIN ULC W PERF-OBS
9579,INJURY TO NERVE NOS
7948,ABN LIVER FUNCTION STUDY
55329,VENTRAL HERNIA NEC
1319,TRICHOMONIASIS NOS
9745,POIS-ELECTRO/CAL/WAT AGT
E8585,ACC POISN-METABOL AGNT
59971,GROSS HEMATURIA
9462,2ND DEG BURN MULT SITE
E9683,ASSAULT-HOT LIQUID
94417,1ST DEG BURN WRIST
55300,UNILAT FEMORAL HERNIA
38869,OTORRHEA NEC
4928,EMPHYSEMA NEC
45829,OTH IATROGENIC HYPOTENSION
1888,MALIG NEO BLADDER NEC
E8170,MV ACC BOARD/ALIGHT-DRIV
96561,POISON BY PROPIONIC ACID DERIV
9173,BLISTER FOOT & TOE-INFEC
85231,OPEN SUBDUR HEM W/O COMA
7202,SACROILIITIS NEC
29281,DRUG-INDUCED DELIRIUM
E9379,ADV EFF SEDAT/HYPNOT NOS
20510,"CHRONIC MYELOID LEUKEMIA, WITHOUT MENTION OF HAVING ACHIEVED REMISSION"
220,BENIGN NEOPLASM OF OVARY
V1042,HX-UTERUS MALIGNANCY NEC
5720,ABSCESS OF LIVER
1976,SEC MAL NEO PERITONEUM
19882,SECOND MALIG NEO GENITAL
64313,HYPEREM W METAB-ANTEPART
1103,DERMATOPHYTOSIS OF GROIN
8921,OPEN WOUND FOOT-COMPL
85145,CEREBEL CONTUS-DEEP COMA
8912,OPN WND KNEE/LEG W TENDN
20190,HODGKINS DIS NOS UNSPEC
99681,COMPL KIDNEY TRANSPLANT
E8780,ABN REACT-ORG TRANSPLANT
31400,ATTN DEFIC NONHYPERACT
29980,OTHER SPECIFIED PERVASIVE DEVELOPMENTAL DISORDERS; CURRENT OR ACTIVE STATE
7919,ABN URINE FINDINGS NEC
2858,ANEMIA NEC
E8190,TRAFFIC ACC NOS-DRIVER
37999,ILL-DEFINED EYE DIS NEC
V872,CONTACT WITH AND (SUSPECTED) EXPOSURE TO OTHER POTENTIALLY HAZARDOUS CHEMICALS
78096,GENERALIZED PAIN 
30789,PSYCHOGENIC PAIN NEC
52460,TMJ DISORDER
66624,DELAY P/PART HEM-POSTPAR
64664,GU INFECTION-POSTPARTUM
5902,RENAL/PERIRENAL ABSCESS
34680,"OTHER FORMS OF MIGRAINE, WITHOUT MENTION OF INTRACTABLE MIGRAINE WITHOUT MENTION OF STATUS MIGRAINOSUS"
3017,ANTISOCIAL PERSONALITY
9571,INJURY TO NERVE NEC
6949,BULLOUS DERMATOSES NOS
36814,DISTORTION OF SHAPE/SIZE
9972,SURG COMP-PERI VASC SYST
4423,LOWER EXTREMITY ANEURYSM
30471,OPIOID/OTHER DEP-CONTIN
56949,RECTAL & ANAL DIS NEC
28850,"LEUKOCYTOPENIA, UNSPECIFIED "
67414,DISRUPT C-SECT-POSTPART
09954,CHLAMYDIA TRACH OTHER GU SITE
72703,TRIGGER FINGER
5969,BLADDER DISORDER NOS
E8506,ACC POISON-ANTIRHEUMATIC
64193,ANTEPART HEM NOS-ANTEPAR
4802,PARINFLUENZA VIRAL PNEUM
33381,BLEPHAROSPASM
4373,NONRUPT CEREBRAL ANEURYM
81613,"FX MULT PHALAN, HAND-OPN"
E9200,ACC-POWERED LAWN MOWER
7061,ACNE NEC
5550,"REG ENTERITIS, SM INTEST"
99564,ANAPHYLACTIC REACTION DUE TO TREE NUTS AND SEEDS
9911,FROSTBITE OF HAND
V7241,"PREGNANCY EXAMINATION OR TEST, NEGATIVE RESULT"
V0179,CONTACT OR EXPOSURE TO OTHER VIRAL DISEASES
60820,"TORSION OF TESTIS, UNSPECIFIED "
38181,DYSFUNCT EUSTACHIAN TUBE
3334,HUNTINGTON'S CHOREA
4476,ARTERITIS NOS
9033,INJURY ULNAR VESSELS
9551,INJURY MEDIAN NERVE
80704,FRACTURE FOUR RIBS-CLOSE
6181,UTERINE PROLAPSE
7825,CYANOSIS
74190,SPINA BIFIDA
E8528,ACC POISON-SEDATIVES NEC
3694,LEGAL BLINDNESS-USA DEF
81242,"FX HUMER, LAT CONDYL-CL"
5180,PULMONARY COLLAPSE
71904,JOINT EFFUSION-HAND
30002,GENERALIZED ANXIETY DIS
30759,EATING DISORDER NEC
80224,FX RAMUS NOS-CLOSED
0092,INFECTIOUS DIARRHEA NOS
94321,2ND DEG BURN FOREARM
5282,ORAL APHTHAE
6012,ABSCESS OF PROSTATE
6829,CELLULITIS NOS
E0082,ACTIVITIES INVOLVING RACQUET AND HAND SPORTS
V689,ADMINISTRTVE ENCOUNT NOS
3369,SPINAL CORD DISEASE NOS
86122,LUNG LACERATION-CLOSED
8074,FLAIL CHEST
88023,OPEN WND UP ARM W TENDON
3330,DEGEN BASAL GANGLIA NEC
0020,TYPHOID FEVER
73008,AC OSTEOMYELITIS NEC
80229,MULT FX MANDIBLE-CLOSED
7104,POLYMYOSITIS
00863,NORWALK VIRUS
70705,"PRESSURE ULCER, BUTTOCK"
70724,"PRESSURE ULCER, STAGE IV"
38001,AC PERICHONDRITIS PINNA
8438,SPRAIN HIP & THIGH NEC
3561,PERONEAL MUSCLE ATROPHY
36400,ACUTE IRIDOCYCLITIS NOS
2864,VON WILLEBRAND'S DISEASE
30551,OPIOID ABUSE-CONTINUOUS
57142,AUTOIMMUNE HEPATITIS
43811,"LATE EFFECT CVA, APHASIA"
V618,FAMILY CIRCUMSTANCES NEC
E9300,ADV EFF PENICILLINS
4779,ALLERGIC RHINITIS NOS
6208,NONINFL DIS OVA/ADNX NEC
V2512,ENCOUNTER FOR REMOVAL OF INTRAUTERINE CONTRACEPTIVE DEVICE
37851,PARTIAL THIRD NERV PALSY
36846,HOMONYMOUS HEMIANOPSIA
5120,SPONT TENS PNEUMOTHORAX
72743,GANGLION NOS
28260,"SICKLE-CELL DX., UNSPEC."
57510,"CHOLECYSTITIS, UNSPECIFIED"
82522,"FX NAVICULAR, FOOT-CLOS"
0785,CYTOMEGAL INCLUSION DIS
7908,VIREMIA NOS
44103,DISS THORACOABD AORTIC ANEURYSM
4478,ARTERIAL DISEASE NEC
81343,FX DISTAL ULNA-CLOSED
2452,CHR LYMPHOCYT THYROIDIT
1490,MAL NEO PHARYNX NOS
94523,2ND DEG BURN ANKLE
E9242,BOILING WATER
E9392,ADV EFF BUTYROPHEN TRANQ
70900,DYSCHROMIA UNSPECIFIED
0709,VIRAL HEPAT NOS W/O COMA
7580,DOWN'S SYNDROME
05320,HERPES ZOSTER OF EYELID
E8542,ACC POISN-PSYCHSTIMULANT
72673,CALCANEAL SPUR
9899,TOX EFF NONMED SUBST NOS
6923,TOPICAL MED DERMATITIS
E8669,ACC POIS-SOLID/LIQ NOS
85201,SUBARACHNOID HEM-NO COMA
33520,AMYOTROPHIC SCLEROSIS
E9499,ADV EFF BIOLOGIC NEC/NOS
56723,SPONTANEOUS BACTERIAL PERITONITIS
V1259,HX OTHER CIRCULATORY DISEASE
86132,LUNG LACERATION-OPEN
8605,TRAUM PNEUMOHEMOTHOR-OPN
E9059,VENOMOUS BITE/STING NOS
42821,ACUTRE SYSTOLIC HEART FAILURE
96905,POISONING BY TRICYCLIC ANTIDEPRESSANTS
E9283,ACCIDENTAL HUMAN BITE
37992,SWELLING OR MASS OF EYE
3099,ADJUSTMENT REACTION NOS
E0053,ACTIVITIES INVOLVING TRAMPOLINE
2949,ORGANIC BRAIN SYND NOS
1589,MAL NEO PERITONEUM NOS
5889,IMPAIRED RENAL FUNCT NOS
1980,SECOND MALIG NEO KIDNEY
29622,MAJOR DEPRESSION-MOD
30285,"GENDER IDENT DIS, ADULT"
64294,HYPERTENS NOS-POSTPARTUM
73017,CHR OSTEOMYELIT-FOOT
V440,TRACHEOSTOMY STATUS
37701,PAPILLEDEMA W INCR PRESS
8748,OPEN WOUND OF NECK NEC
9658,POIS-ANALGES/ANTIPYR NEC
E8508,ACC POISON-ANALGESIC NEC
9054,LATE EFFECT LEG FX
E9299,LATE EFF ACCIDENT NOS
78899,OTHER SYMPTOMS INVOLVING URINARY SYSTEM
5110,PLEURISY W/O EFFUS OR TB
E9199,MACHINERY ACCIDENT NOS
86344,SIGMOID COLON INJ-CLOSED
52331,"AGGRESSIVE PERIODONTITIS, LOCALIZED"
80020,CL SKL VLT FX/MENING HEM
81100,FX SCAPULA NOS-CLOSED
80100,CLOS SKULL BASE FRACTURE
986,TOXIC EFFECT OF CARBON MONOXIDE
3393,"DRUG INDUCED HEADACHE, NOT ELSEWHERE CLASSIFIED"
E8689,ACC POIS-CARBN MONOX NOS
73312,PATHOLOGIC FX DIST RADIUS ULNA
9651,POISONING-SALICYLATES
E8503,ACC POISON-SALICYLATES
20780,"OTHER SPECIFIED LEUKEMIA, WITHOUT MENTION OF HAVING ACHIEVED REMISSION"
27800,OBESITY UNSPECIFIED
5198,RESP SYSTEM DISEASE NEC
79551,NONSPECIFIC REACTION TO TUBERCULIN SKIN TEST WITHOUT ACTIVE TUBERCULOSIS
81210,FX UPPER HUMERUS NOS-OPN
4789,UPPER RESP DIS NEC/NOS
24290,THYROTOX NOS NO CRISIS
0549,HERPES SIMPLEX NOS
2459,THYROIDITIS NOS
28659,"OTHER HEMORRHAGIC DISORDER DUE TO INTRINSIC CIRCULATING ANTICOAGULANTS, ANTIBODIES, OR INHIBITORS"
E8181,MV TRAFF ACC NEC-PASNGR
V8409,GENETIC SUSCEPTIBILITY TO OTHER MALIGNANT NEOPLASM
8261,"FX PHALANX, FOOT-OPEN"
75261,HYPOSPADIAS
2879,HEMORRHAGIC COND NOS
25003,"IDDM, UNCONTROLLED"
66923,MATERN HYPOTENS-ANTEPAR
29540,AC SCHIZOPHRENIA-UNSPEC
E9363,ADV EFF ANTCONVL NEC/NOS
E9538,SUICIDE-STRANG/SUFF NEC
30189,PERSONALITY DISORDER NEC
E9273,CUMULATIVE TRAUMA FROM REPETIVE MOTION
E0102,ACTIVITY INVOLVING FREE WEIGHTS
7887,URETHRAL DISCHARGE
9063,LATE EFFECT OF CONTUSION
8750,OPEN WOUND OF CHEST
58381,NEPHRITIS NOS IN OTH DIS
47821,CELLULITIS OF PHARYNX
07030,HEPATITIS B W/OUT HEP DELTA
87329,MULT OPEN WOUND NOSE
85306,BRAIN HEM NEC-COMA NOS
81240,FX LOWER HUMERUS NOS-CL
7963,LOW BLOOD PRESS READING
2137,BEN NEO LONG BONES LEG
73314,PATHOLOGIC FX FEMUR NECK
3158,DEVELOPMENT DELAYS NEC
0319,MYCOBACTERIAL DIS NOS
E0161,ACTIVITIES INVOLVING GARDENING AND LANDSCAPING
81251,SUPRACONDYL FX HUMER-OPN
90089,INJ HEAD/NECK VESSEL NEC
28731,IMMUNE THROMBOCYTOPENIC PURPURA
53250,CHR DUODEN ULCER W PERF
71609,KASCHIN-BECK DIS-MULT
51181,MALIGNANT PLEURAL EFFUSION
1543,MALIGNANT NEO ANUS NOS
7048,HAIR DISEASES NEC
70400,ALOPECIA NOS
60789,DISORDER OF PENIS NEC
72292,DISC DIS NEC/NOS-THORAC
6269,MENSTRUAL DISORDER NOS
0417,PSEUDOMONAS INFECT NOS
5521,UMBILICAL HERNIA W OBSTR
71693,ARTHROPATHY NOS-FOREARM
2536,SIADH
80605,C5-C7 FX-CL/CORD INJ NOS
73381,MALUNION OF FRACTURE
1330,SCABIES
37239,CONJUNCTIVITIS NEC
82382,FX TIBIA W FIBULA NOS-CL
E8230,OTH COLL STNDNG OBJ-DRIV
99601,MALFUNC CARDIAC PACEMAKE
53909,OTHER COMPLICATIONS OF GASTRIC BAND PROCEDURE
33900,"CLUSTER HEADACHE SYNDROME, UNSPECIFIED"
72211,THORACIC DISC DISPLACMNT
E8789,ABN REACT-SURG PROC NOS
78829,OTHER SPEC RETENTION URINE
94413,1ST DEG BURN MULT FINGER
9180,SUPERFIC INJ PERIOCULAR
7241,PAIN IN THORACIC SPINE
2561,OVARIAN HYPERFUNC NEC
92801,CRUSHING INJURY HIP
80000,CLOSED SKULL VAULT FX
632,MISSED ABORTION (FETAL DEATH BEFORE 22 WEEKS)
725,POLYMYALGIA RHEUMATICA
97081,POISONING BY COCAINE
30440,AMPHETAMIN DEPEND-UNSPEC
44489,ARTERIAL EMBOLISM NEC
80122,CL SKUL BASE FX/BRF COMA
E8260,PEDAL CYCLE ACC-PEDEST
82535,FX METATARSAL-OPEN
59984,OTHER DISORDER OF URETHRA
6039,HYDROCELE NOS
78606,TACHYPNEA
20921,MALIGNANT CARCINOID TUMOR OF THE BRONCHUS AND LUNG
20973,SECONDARY NEUROENDOCRINE TUMOR OF BONE
20972,SECONDARY NEUROENDOCRINE TUMOR OF LIVER
87364,OPN WND TONGUE/MOUTH FLR
37700,PAPILLEDEMA NOS
460,ACUTE NASOPHARYNGITIS (COMMON COLD)
63572,LEG AB W COMPL NEC-COMP
80225,FX ANGLE OF JAW-CLOSED
80228,FX MANDIBLE BODY NEC-CL
3004,NEUROTIC DEPRESSION
9290,CRUSH INJ MULT SITE NEC
81301,FX OLECRAN PROC ULNA-CL
34280,OTHER HEMIPLEGIA UNSPEC SIDE
86600,KIDNEY INJURY NOS-CLOSED
E8127,MV COLLISION NOS-PEDEST
37927,VITREOMACULAR ADHESION
4559,RESIDUAL HEMORRHOID TAGS
E8880,FALL RESULTING IN STRIKING AGAINST SHARP OBJECT
9698,POISON-PSYCHOTROPIC NEC
9052,LATE EFFECT ARM FX
7464,CONG AORTA VALV INSUFFIC
7361,MALLET FINGER
0542,HERPETIC GINGIVOSTOMAT
71103,PYOGEN ARTHRITIS-FOREARM
78199,OTHER SYMPTOMS INVOLVING NERVOUS AND MUSCULOSKELETAL SYSTEM
94401,BURN NOS FINGER
E899,FIRE ACCIDENT NOS
8760,OPEN WOUND OF BACK
42518,OTHER HYPERTROPHIC CARDIOMYOPATHY
E0021,ACTIVITIES INVOLVING SPRINGBOARD AND PLATFORM DIVING
E9298,LATE EFF ACCIDENT NEC
5950,ACUTE CYSTITIS
94428,2ND DEG BURN HAND-MULT
79311,SOLITARY PULMONARY NODULE
E8643,ACC POISON-CAUSTIC NEC
V601,INADEQUATE HOUSING
80195,OP SKL BASE FX-DEEP COMA
47875,LARYNGEAL SPASM
3482,PSEUDOTUMOR CEREBRI
37950,NYSTAGMUS NOS
E9178,OTHER STATIONARY OBJECT WITH FALL
30781,TENSION HEADACHE
86804,RETROPERITONEUM INJ-CL
25020,DIAB HYPEROSM COMA ADULT
V537,FIT ORTHOPEDIC DEVICES
44101,DISS THORACIC AORTIC ANEURYSM
53013,EOSINOPHILIC ESOPHAGITIS
20800,"ACUTE LEUKEMIA OF UNSPECIFIED CELL TYPE, WITHOUT MENTION OF HAVING ACHIEVED REMISSION"
42091,AC IDIOPATH PERICARDITIS
52340,"CHRONIC PERIODONTITIS, UNSPECIFIED"
85190,BRAIN LAC NEC W OPEN WND
8822,OPEN WOUND HAND W TENDON
82100,FX FEMUR NOS-CLOSED
9108,SUPERFIC INJ HEAD NEC
9679,POIS-SEDATIVE/HYPNOT NOS
27650,"VOLUME DEPLETION, UNSPECIFIED"
36844,VISUAL FIELD DEFECT NEC
94311,1ST DEG BURN FOREARM
73344,ASEPTIC NECROSIS TALUS
37000,CORNEAL ULCER NOS
37206,ACUTE CHEMICAL CONJUNCTIVITIS
E9443,ADV EFF SALURETICS
05419,GENITAL HERPES NEC
2728,LIPOID METABOL DIS NEC
V060,VACCIN FOR CHOLERA + TAB
67124,THROMBOPHLEBIT-POSTPART
8784,OPEN WOUND OF VULVA
3003,OBSESSIVE-COMPULSIVE DIS
51909,OTHER TRACHEOSTOMY COMPLIC
57430,CHOLEDOCHOLITH/AC GB INF
44100,DISS AORT ANEURYSM UNSPEC SITE
1410,MAL NEO TONGUE BASE
99567,ANAPHYLACTIC REACTION DUE TO MILK PRODUCTS
85140,CEREBEL/BRAIN STM CONTUS
2396,BRAIN NEOPLASM NOS
3159,DEVELOPMENT DELAY NOS
99709,OTHER NERVOUS SYSTEM COMP
72990,"DISORDERS OF SOFT TISSUE, UNSPECIFIED"
4480,HEREDIT HEMORR TELANGIEC
86601,KIDNEY HEMATOMA-CLOSED
3379,AUTONOMIC NERVE DIS NEC
4470,ACQ ARTERIOVEN FISTULA
1561,MAL NEO EXTRAHEPAT DUCTS
69510,"ERYTHEMA MULTIFORME, UNSPECIFIED"
V454,ARTHRODESIS STATUS
9552,INJURY ULNAR NERVE
88120,OPEN WND FOREARM W TENDN
99562,ANAPHYLACTIC REACTION DUE TO CRUSTACEANS
42741,VENTRICULAR FIBRILLATION
82009,FX FEMUR INTRCAPS NEC-CL
96971,POISONING BY CAFFEINE
E0070,ACTIVITIES INVOLVING AMERICAN TACKLE FOOTBALL
05413,HERPETIC INFECT OF PENIS
9309,FOREIGN BDY EXT EYE NOS
2812,FOLATE-DEFICIENCY ANEMIA
7010,CIRCUMSCRIBE SCLERODERMA
05319,H ZOSTER NERV SYST NEC
60001,HYPERTROPHY (BENIGN) OF PROSTATE WITH URINARY OBSTRUCTION AND OTHER LOWER URINARY TRACT SYMPTOMS (LUTS)
3419,CNS DEMYELINATION NOS
07811,CONDYLOMA ACUMINATUM
V063,VACCIN FOR DTP + POLIO
605,PHIMOSIS AND REDUNDANT PREPUCE
8171,MULTIPLE FX HAND-OPEN
1975,SEC MALIG NEO LG BOWEL
36522,ACUTE ANGL-CLOS GLAUCOMA
V4561,CATARACT EXTRACTION STATUS
53901,INFECTION DUE TO GASTRIC BAND PROCEDURE
E0050,ACTIVITIES INVOLVING DANCING
53012,ACUTE ESOPHAGITIS
0780,MOLLUSCUM CONTAGIOSUM
30441,AMPHETAMIN DEPEND-CONTIN
E8191,TRAFFIC ACC NOS-PASNGR
1578,MALIG NEO PANCREAS NEC
0700,HEPATITIS A WITH COMA
7871,HEARTBURN
38401,BULLOUS MYRINGITIS
E9338,ADV EFF SYSTEMIC AGT NEC
E8160,LOSS CONTROL MV ACC-DRIV
60785,PEYRONIE'S DISEASE
29520,CATATONIA-UNSPEC
0400,GAS GANGRENE
86389,GI INJURY NEC-CLOSED
3361,VASCULAR MYELOPATHIES
64243,MILD/NOS PREECLAMP-ANTEP
3093,ADJUST REACT-CONDUCT DIS
42769,PREMATURE BEATS NEC
81403,"FX TRIQUETRAL, WRIST-CL"
53641,INFECTION OF GASTROSTOMY
6945,PEMPHIGOID
9754,POISONING-ANTITUSSIVES
E8586,ACC POISN-MUSCL/RESP AGT
5305,DYSKINESIA OF ESOPHAGUS
59960,"URINARY OBSTRUCTION, UNSPECIFIED"
2409,GOITER NOS
44022,ATHEROSCLEROSIS-EXT-REST PAIN
9145,INSECT BITE HAND-INFECT
73001,AC OSTEOMYELITIS-SHLDER
82523,FX CUBOID-CLOSED
04185,OTHER GRAM NEGATIVE INFECTION
57451,CHOLEDOCHLITH NOS W OBST
4809,VIRAL PNEUMONIA NOS
34682,"OTHER FORMS OF MIGRAINE, WITHOUT MENTION OF INTRACTABLE MIGRAINE WITH STATUS MIGRAINOSUS"
9529,SPINAL CORD INJURY NOS
8075,FX LARYNX/TRACHEA-CLOSED
53019,OTHER ESOPHAGITIS
E8792,ABN REACT-RADIOTHERAPY
8678,PELVIC ORGAN INJ NOS-CL
8460,SPRAIN LUMBOSACRAL
82330,FX TIBIA SHAFT-OPEN
81382,FRACTURE ULNA NOS-CLOSED
V9089,OTHER SPECIFIED RETAINED FOREIGN BODY
7455,SECUNDUM ATRIAL SEPT DEF
7454,VENTRICULAR SEPT DEFECT
4148,CHR ISCHEMIC HRT DIS NEC
80022,CL SKULL VLT FX-BRF COMA
9308,FOREIGN BDY EXT EYE NEC
E9224,AIR GUN ACCIDENT
9992,VASC COMP MED CARE NEC
E8797,ABN REACT-BLOOD SAMPLING
72782,CALCIUM DEPOSIT TENDON
5570,AC VASC INSUFF INTESTINE
E9303,ADV EFF ERYTHROMYCIN
9141,ABRASION HAND-INFECTED
5790,CELIAC DISEASE
80170,OP SKL BASE FX/MENIN HEM
34489,OTH SPEC PARALYTIC SYNDROME
8786,OPEN WOUND OF VAGINA
V2542,IUD SURVEILLANCE
3670,HYPERMETROPIA
E9065,BITE BY UNSPECIFIED ANIMAL
E9361,ADV EFF HYDANTOIN DERIV
86401,LIVER HEMATOMA/CONTUSION
71954,JT STIFFNESS NEC-HAND
V5866,LONG-TERM (CURRENT) USE OF ASPIRIN
29900,INFANTILE AUTISM-ACTIVE
3899,HEARING LOSS NOS
E8495,ACCID ON STREET/HIGHWAY
E0008,OTHER EXTERNAL CAUSE STATUS
64113,PLACEN PREV HEM-ANTEPART
81203,FX GR TUBEROS HUMERUS-CL
71105,PYOGEN ARTHRITIS-PELVIS
9162,BLISTER HIP & LEG
8901,OPEN WND HIP/THIGH-COMPL
60883,MALE GEN VASCUL DIS NEC
7109,DIFF CONNECT TIS DIS NOS
7108,DIFF CONNECT TIS DIS NEC
7101,SYSTEMIC SCLEROSIS
3343,CEREBELLAR ATAXIA NEC
45352,CHRONIC VENOUS EMBOLISM AND THROMBOSIS OF DEEP VESSELS OF DISTAL LOWER EXTREMITY
8251,FRACTURE CALCANEUS-OPEN
53530,ALCOHOL GASTRITIS-NO HEMORRHAGE
47831,VOCAL PARAL UNILAT PART
4441,THORACIC AORTIC EMBOLISM
3558,MONONEURITIS LEG NOS
29624,MAJ DEPRESSION-SEV W/PSYCH
29634,RECUR MAJ DEPRESSION W/PSCYH
53540,GASTRITIS NEC-NO HEMORRHAGE
20400,"ACUTE LYMPHOID LEUKEMIA, WITHOUT MENTION OF HAVING ACHIEVED REMISSION"
33720,REFLEX SYMP DYSTROPHY UNSPEC
E9391,ADV EFF PHENOTHIAZ TRANQ
53110,AC STOMACH ULCER W PERF
2392,BONE/SKIN NEOPLASM NOS
83500,DISLOCAT HIP NOS-CLOSED
E9051,VENOMOUS SPIDER BITE
7088,URTICARIA NEC
55320,VENTRAL HERNIA NOS
37924,VITREOUS OPACITIES NEC
E8851,"FALL FROM ROLLER SKATES,HEELIES/WHEELIES"
78869,OTHER ABNORMALITY URINATION
29660,"BIPOL AFF, MIXED-UNSPEC"
7859,CARDIOVAS SYS SYMP NEC
32723,OBSTRUCTIVE SLEEP APNEA (ADULT) (PEDIATRIC)
E9670,CHILD/ADULT AB-FATHER/STEPFATH
5220,PULPITIS
2979,PARANOID STATE NOS
72291,DISC DIS NEC/NOS-CERV
71903,JOINT EFFUSION-FOREARM
3332,MYOCLONUS
9238,MULTIPLE CONTUSION ARM
80236,FX SYMPHY MANDIB BDY-OPN
9011,INJ INNOMIN/SUBCLAV ART
81010,FX CLAVICLE NOS-OPEN
E9192,LIFTING MACHINE ACCIDENT
9588,EARLY COMPLIC TRAUMA NEC
3315,IDIOPATHIC NORMAL PRESSURE HYDROCEPHALUS
94516,1ST DEG BURN THIGH
36816,PSYCHOPHYSIC VISUAL DIST
5289,ORAL SOFT TISSUE DIS NEC
1913,MAL NEO PARIETAL LOBE
38589,DIS MID EAR/MASTOID NEC
73026,OSTEOMYELITIS NOS-L/LEG
E8131,MV-OTH VEH COLL-PASNGR
86810,INTRA-ABDOM INJ NOS-OPEN
V0254,CARRIER OR SUSPECTED CARRIER OF METHICILLIN RESISTANT STAPHYLOCOCCUS AUREUS
79989,OTHER ILL-DEFINED CONDITIONS
88013,OPEN WND UPPER ARM-COMPL
V9010,"RETAINED METAL FRAGMENTS, UNSPECIFIED"
7910,PROTEINURIA
75733,CONG SKIN PIGMENT ANOMAL
20260,MAL MASTOCYTOSIS UNSPEC
37489,DISORDERS OF EYELID NEC
E9650,ASSAULT-HANDGUN
3089,ACUTE STRESS REACT NOS
5238,PERIODONTAL DISEASE NEC
7892,SPLENOMEGALY
37331,ECZEM DERMATITIS EYELID
67144,DEEP VEIN THROMB-POSTPAR
72751,POPLITEAL SYNOVIAL CYST
82310,FX UPPER END TIBIA-OPEN
1987,SECOND MALIG NEO ADRENAL
2538,PITUITARY DISORDER NEC
95913,FX. CORPUS CAVERNOSUM OF PENIS
94522,2ND DEG BURN FOOT
94426,2 DEG BURN BACK OF HAND
V745,SCREEN FOR VENERAL DIS
64783,INFECT DIS NEC-ANTEPART
E0080,ACTIVITIES INVOLVING BOXING
70712,ULCER OF CALF
44389,PERIPH VASCULAR DIS NEC
1469,MALIG NEO OROPHARYNX NOS
84510,SPRAIN OF FOOT NOS
6100,SOLITARY CYST OF BREAST
63380,OTHER ECTOPIC PREGNANCY WITHOUT INTRAUTERINE PREGNANCY
20890,"UNSPECIFIED LEUKEMIA, WITHOUT MENTION OF HAVING ACHIEVED REMISSION"
80222,SUBCONDYLAR FX MANDIB-CL
78262,FLUSHING
9032,INJURY RADIAL VESSELS
E9461,ADV EFF ANTIPRURITICS
V551,ATTEN TO GASTROSTOMY
94509,BURN NOS LEG-MULTIPLE
2148,LIPOMA NEC
E8210,OTH OFF-ROAD MV ACC-DRIV
E0109,OTHER ACTIVITY INVOLVING OTHER MUSCLE STRENGTHENING EXERCISES
3732,CHALAZION
59651,HYPERTONICITY OF BLADDER
7993,DEBILITY NOS
2706,DIS UREA CYCLE METABOL
4290,MYOCARDITIS NOS
4160,PULMONARY HYPERTENSION
E9261,INFRA-RED APPL RAD EXOS
V1004,HX OF GASTRIC MALIGNANCY
4233,CARDIAC TAMPONADE
37313,ABSCESS OF EYELID
34510,GEN CONVULSIVE EPILEPSY WITHOUT INTRACTABLE EPILEPSY
E8869,FALL ON LEVEL NEC/NOS
81400,FX CARPAL BONE NOS-CLOSE
95914,OTHER INJURY OF EXTERNAL GENITALS
E8289,RIDDEN ANIM ACC-PERS NOS
94524,2ND DEG BURN LOWER LEG
1119,DERMATOMYCOSIS NOS
E9496,ADV EFF VIRAL VACC NEC
80238,FX MANDIBLE BODY NEC-OPN
78951,MALIGNANT ASCITES
75312,"POLYCYSTIC KIDNEY, UNSPEC TYPE"
9961,MALFUNC VASC DEVICE/GRAF
56032,FECAL IMPACTION
8245,FX BIMALLEOLAR-OPEN
44409,OTHER ARTERIAL EMBOLISM AND THROMBOSIS OF ABDOMINAL AORTA
87361,OPEN WOUND BUCCAL MUCOSA
9790,POISON-SMALLPOX VACCINE
4210,AC/SUBAC BACT ENDOCARD
78864,URINARY HESITANCY 
1844,MALIGN NEOPL VULVA NOS
1966,MAL NEO LYMPH-INTRAPELV
2462,CYST OF THYROID
936,FOREIGN BODY IN INTESTINE & COLON
9880,TOXIC EFF FISH/SHELLFISH
E8652,ACC POISON-FISH NEC
81306,FX RADIUS NECK-CLOSED
6805,CARBUNCLE OF BUTTOCK
6144,CHRONIC PARAMETRITIS
3430,CONGENITAL DIPLEGIA
V7109,OBSERV-MENTAL COND NEC
V5830,ENCOUNTER FOR CHANGE OR REMOVAL OF NONSURGICAL WOUND DRESSING
7899,ABDOMEN/PELVIS SYMP NEC
30181,NARCISSISTIC PERSONALITY
30019,FACTITIOUS ILL NEC/NOS
86229,INTRATHORACIC INJ NEC-CL
29653,"BIPOL AFF, DEPR-SEVERE"
94219,1ST DEG BURN TRUNK NEC
7102,SICCA SYNDROME
04189,OTHER SPEC BACTERIA INFECTION
V011,TUBERCULOSIS CONTACT
4564,SCROTAL VARICES
64943,"EPILEPSY COMPLICATING PREGNANCY, CHILDBIRTH, OR THE PUERPERIUM, ANTEPARTUM CONDITION OR COMPLICATION"
9982,ACCIDENTAL OP LACERATION
9138,SUPERF INJ FOREARM NEC
9168,SUPERFIC INJ HIP/LEG NEC
53089,OTHER SPEC DISORDER ESOPHAGUS
29699,OTHER SPECIFIED EPISODIC MOOD DISORDER
V553,ATTEN TO COLOSTOMY
30411,BARBITURAT DEPEND-CONTIN
193,CA THYROID
V1089,HX OF MALIGNANCY NEC
1639,MALIG NEOPL PLEURA NOS
E8177,MV BRD/ALIGHT-PEDESTRIAN
1369,INFECT/PARASITE DIS NOS
6931,DERMAT D/T FOOD INGEST
2410,NONTOX UNINODULAR GOITER
6040,ORCHITIS WITH ABSCESS
1560,MALIG NEO GALLBLADDER
7200,ANKYLOSING SPONDYLITIS
87352,OPEN WND FOREHEAD-COMPL
1349,INFESTATION NOS
E0010,"ACTIVITIES INVOLVING WALKING, MARCHING AND HIKING"
80231,FX CONDYL PROC MAND-OPEN
80235,FX ANGLE OF JAW-OPEN
470,DEVIATED NASAL SEPTUM
E8250,MV N-TRAFF ACC NEC-DRIV
9919,EFFECT REDUCED TEMP NOS
4238,PERICARDIAL DISEASE NEC
5060,FUM/VAPOR BRONC/PNEUMON
E8529,ACC POISON-SEDATIVES NOS
81250,FX LOWER HUMER NOS-OPEN
33111,PICK'S DISEASE
33119,OTHER FRONTOTEMPORAL DEMENTIA
05443,H SIMPLEX KERATITIS
2830,AUTOIMMUN HEMOLYTIC ANEM
J45901,Unspecified asthma with (acute) exacerbation
99988,OTHER INFUSION REACTION
E9249,HOT SUBSTANCE ACCID NOS
8850,AMPUTATION THUMB
64843,MENTAL DISORDER-ANTEPART
8021,NASAL BONE FX-OPEN
36604,NUCLEAR CATARACT
72690,"ENTHESOPATHY, SITE NOS"
81249,FX LOWER HUMERUS NEC-CL
82531,FX ASTRAGALUS-OPEN
81392,FRACTURE ULNA NOS-OPEN
E0029,OTHER ACTIVITY INVOLVING WATER AND WATERCRAFT
09955,CHLAMYDIA TRACH UNSPEC GU SITE
3708,KERATITIS NEC
4820,K. PNEUMONIAE PNEUMONIA
E9466,ADV EFF ENT ANTI-INF/DRG
80021,CL SKL VLT FX/HEMORR W/O LOC
80230,MANDIBLE FX NOS-OPEN
6273,ATROPHIC VAGINITIS
932,FOREIGN BODY IN NOSE
86353,DESCENDING COLON INJ-OPN
E0079,OTHER ACTIVITY INVOLVING OTHER SPORTS AND ATHLETES PLAYED AS A TEAM OR GROUP
1320,PEDICULUS CAPITIS
E9430,ADV EFF ANTACIDS
56782,SCLEROSING MESENTERITIS
92820,CRUSHING INJURY FOOT
82524,"FX CUNEIFORM, FOOT-CLOS"
73025,OSTEOMYELITIS NOS-PELVIS
46450,"UNSPECIFIED SUPRAGLOTTIS, WITHOUT MENTION OF OBSTRUCTION"
51900,UNSPEC TRACHEOSTOMY COMPLIC
36284,RETINAL ISCHEMIA
85182,BRAIN LAC NEC-BRIEF COMA
3559,MONONEURITIS NOS
8247,FX TRIMALLEOLAR-OPEN
7310,OSTEITIS DEFORMANS NOS
94118,1ST DEG BURN NECK
69281,COSMETIC DERMATITIS
80076,OPN SKUL VLT FX-COMA NOS
1251,MALAYAN FILARIASIS
3241,INTRASPINAL ABSCESS
04109,OTHER STREPTOCOCCUS
E8704,ACC CUT/HEM W SCOPE EXAM
4590,HEMORRHAGE NOS
1961,MAL NEO LYMPH-INTRATHOR
9134,INSECT BITE FOREARM
64103,PLACENTA PREVIA-ANTEPART
3643,IRIDOCYCLITIS NOS
E8179,MV BOARD/ALIGHT-PERS NOS
81380,FX FOREARM NOS-CLOSED
E9398,ADV EFF PSYCHOTROPIC NEC
34982,TOXIC ENCEPHALOPATHY
2651,THIAMINE DEFIC NEC/NOS
8770,OPEN WOUND OF BUTTOCK
94526,2ND DEG BURN THIGH
937,FOREIGN BODY IN ANUS & RECTUM
71598,OSTEOARTHRO NOS-OTH SITE
01190,PULMONARY TB NOS-UNSPEC
E9364,ADV EFF ANTI-PARKINSON
3080,"STRESS REACT, EMOTIONAL"
71107,PYOGEN ARTHRITIS-ANKLE
E9570,SUIC-JUMP FROM RESIDENCE
1419,MALIG NEO TONGUE NOS
5277,SALIVARY SECRETION DIS
E8129,MV COLLIS NOS-PERS NOS
37021,PUNCTATE KERATITIS
70722,"PRESSURE ULCER, STAGE II"
70721,"PRESSURE ULCER, STAGE I"
59972,MICROSCOPIC HEMATURIA
75651,OSTEOGENESIS IMPERFECTA
E8912,FIRE IN BLDG-FUMES NOS
E9444,ADV EFF DIURETICS NEC
42761,ATRIAL PREMATURE BEATS
20502,"ACUTE MYELOID LEUKEMIA, IN RELAPSE"
4219,AC/SUBAC ENDOCARDIT NOS
E8182,MV TRAFF ACC NEC-MOCYCL
82130,FX LOW END FEMUR NOS-OPN
81332,FX ULNA SHAFT-OPEN
3591,HERED PROG MUSC DYSTRPHY
41410,ANEURYSM OF HEART
53020,ULCER OF ESOPHAGUS W/O BLEEDING
81101,"FX SCAPUL, ACROM PROC-CL"
7211,CERV SPONDYL W MYELOPATH
6980,PRURITUS ANI
8370,DISLOCATION ANKLE-CLOSED
V5419,AFTERCARE FOR HEALING FX OF OTHER BONE
53560,DUODENITIS-NO HEMORRHAGE
9330,FOREIGN BODY IN PHARYNX
7384,ACQ SPONDYLOLISTHESIS
36230,RETINAL VASC OCCLUS NOS
56889,PERITONEAL DISORDER NEC
64323,LATE VOMIT PREG-ANTEPART
67084,"OTHER MAJOR PUERPERAL INFECTION, POSTPARTUM CONDITION OR COMPLICATION"
4010,ACCELERATED HYPERTENSION
83650,DISLOCAT KNEE NOS-CLOSED
82312,FX UP TIBIA W FIBULA-OPN
6141,CHR SALPINGO-OOPHORITIS
5819,NEPHROTIC SYNDROME NOS
3313,COMMUNICAT HYDROCEPHALUS
6260,ABSENCE OF MENSTRUATION
41090,"MYOCARDIAL INFARCTION NOS, UNSPEC EPISODE OF CARE"
5528,"HERNIA, SITE NEC W OBSTR"
33910,"TENSION TYPE HEADACHE, UNSPECIFIED"
71961,JOINT SYMPTOM NEC-SHLDER
27661,TRANSFUSION ASSOCIATED CIRCULATORY OVERLOAD
88112,OPEN WOUND WRIST-COMPLIC
99989,OTHER TRANSFUSION REACTION
45184,PHLEBITIS/THROMBOPHLEBITIS UE
87340,OPEN WOUND OF FACE NOS
5538,HERNIA NEC
08882,BABESIOSIS
9941,DROWNING/NONFATAL SUBMER
E9102,SWIMMING ACCIDENT NOS
52540,"COMPLETE EDENTULISM, UNSPECIFIED"
52511,LOSS OF TEETH DUE TO TRAUMA
34570,EPILEPSIA PARTIAL CONTINUA WITHOUT INTRACTABLE EPILEPSY
9189,SUPERFICIAL INJ EYE NEC
84512,SPRAIN METATARSOPHALANG
9131,ABRASION FOREARM-INFECT
99689,COMP OTH ORGAN TRANSPLNT
2115,BEN NEO LIVER/BILE DUCTS
1323,MIXED PEDICUL & PHTHIRUS
E9330,ADV EFF ANALLRG/ANTEMET
61172,LUMP OR MASS IN BREAST
9144,INSECT BITE HAND
29383,ORGANIC AFFECTIVE SYND
45621,ESOPH VARICE OTH DIS NOS
99632,MALFUNCTION IUD
73382,NONUNION OF FRACTURE
73012,CHR OSTEOMYELIT-UP/ARM
78933,ABDOM/PELVIC SWELL/MASS RLQ
V554,ATTEN TO ENTEROSTOMY NEC
80051,OPN SKUL VLT FX W/O COMA
V054,VARICELLA VACCINATION
V8731,CONTACT WITH AND (SUSPECTED) EXPOSURE TO MOLD
2888,WBC DISEASE NEC
72661,PES ANSERINUS TENDINITIS
3442,DIPLEGIA OF UPPER LIMBS
4110,POST MI SYNDROME
E9018,EXCESSIVE COLD NEC
28959,SPLEEN DISEASE NEC
3719,CORNEAL DISORDER NOS
E9323,ADV EFF INSULIN/ANTIDIAB
9010,INJURY THORACIC AORTA
80706,FRACTURE SIX RIBS-CLOSED
7916,ACETONURIA
3239,"UNSPECIFIED CAUSES OF ENCEPHALITIS, MYELITIS, AND ENCEPHALOMYELITIS"
7292,NEURALGIA/NEURITIS NOS
1363,PNEUMOCYSTOSIS
85181,BRAIN LACER NEC W/O COMA
78342,DELAYED MILESTONES (IN CHILDHOOD)
E9393,ADV EFF ANTIPSYCHOTC NEC
6150,AC UTERINE INFLAMMATION
9599,INJURY-SITE NOS
8362,TEAR MENISCUS NEC-CURREN
61179,SYMPTOMS IN BREAST NEC
64844,MENTAL DISORDER-POSTPART
83304,DISLOC CARPOMETACARP-CL
V556,ATTEN TO URINOSTOMY NEC
94514,1ST DEG BURN LOWER LEG
37900,SCLERITIS NOS
24900,"SECONDARY DIABETES MELLITUS WITHOUT MENTION OF COMPLICATION, NOT STATED AS UNCONTROLLED, OR UNSPECIFIED"
E9320,ADV EFF CORTICOSTEROIDS
V1250,HX UNSP CIRCULATORY DISEASE
42830,"DIASTOLIC HEART FAILURE,UNSPEC"
E0071,ACTIVITIES INVOLVING AMERICAN FLAG OR TOUCH FOOTBALL
81510,FX METACARPAL NOS-OPEN
9035,INJURY FINGER VESSELS
37520,EPIPHORA NOS
E8668,ACC POIS-SOLID/LIQ NEC
6248,NONINFLAM DIS VULVA NEC
82123,SUPRACONDYL FX FEMUR-CL
99590,"SYSTEMIC INFLAMMATORY RESPONSE SYNDROME, UNSPECIFIED"
63511,LEGAL ABORT W HEMORR-INC
5724,HEPATORENAL SYNDROME
30570,AMPHETAMINE ABUSE-UNSPEC
32713,RECURRENT HYPERSOMNIA
V7242,"PREGNANCY EXAMINATION OR TEST, POSITIVE RESULT"
80351,OPN SKUL FX NEC W/O COMA
5772,PANCREAT CYST/PSEUDOCYST
59654,NEUROGENIC BLADDER
73024,OSTEOMYELITIS NOS-HAND
81315,FX RADIUS HEAD-OPEN
36011,SYMPATHETIC UVEITIS
99569,ANAPHYLACTIC REACTION DUE TO OTHER SPECIFIED FOOD
30421,COCAINE DEPEND-CONTIN
71580,OSTEOARTHROSIS-MULT SITE
9820,TOXIC EFFECT BENZENE
E8624,ACC POISN-SOLVENTS NEC
9949,EFFECT EXTERNAL CAUS NEC
E896,BURN ACC IN BLDG NEC
5379,GASTRODUODENAL DIS NOS
73679,ACQ ANKLE-FOOT DEF NEC
1727,MALIG MELANOMA LEG
2819,DEFICIENCY ANEMIA NOS
51889,OTHER LUNG DISEASE NEC
5852,"CHRONIC KIDNEY DISEASE, STAGE II (MILD)"
28411,ANTINEOPLASTIC CHEMOTHERAPY INDUCED PANCYTOPENIA
82110,FX FEMUR NOS-OPEN
38600,"MENIERE'S DISEASE, UNSPECIFIED"
9947,ASPHYXIATION/STRANGULAT
70707,"PRESSURE ULCER, HEEL"
94214,1ST DEG BURN BACK
V426,LUNG TRANSPLANT STATUS
57411,CHOLELITH/GB INF NEC-OBS
E8588,ACC POISONING-DRUG NEC
37040,KERATOCONJUNCTIVITIS NOS
30501,ALCOHOL ABUSE-CONTINUOUS
1990,MALIG NEO DISSEMINATED
1588,MAL NEO PERITONEUM NEC
9152,BLISTER FINGER
1123,CUTANEOUS CANDIDIASIS
1479,MAL NEO NASOPHARYNX NOS
37810,EXOTROPIA NOS
28950,SPLEEN DISEASE NOS
V4369,OTHER JOINT REPLACEMENT
V1079,HX-LYMPHATIC MALIGN NEC
72612,BICIPITAL TENOSYNOVITIS
96973,POISONING BY METHYLPHENIDATE
53500,ACUTE GASTRITIS-NO HEMORRHAGE
7962,ELEV BL PRES W/O HYPERTN
9712,POISON-SYMPATHOMIMETICS
E8555,ACC POISON-ADRENERGICS
73621,BOUTONNIERE DEFORMITY
4570,POSTMASTECT LYMPHEDEMA
70709,"PRESSURE ULCER, OTHER SITE"
73015,CHR OSTEOMYELIT-PELVIS
72781,CONTRACTURE OF TENDON
4409,ATHEROSCLEROSIS NOS
1540,MAL NEO RECTOSIGMOID JCT
61689,"OTHER INFLAMMATORY DISEASE OF CERVIX, VAGINA AND VULVA"
9729,POIS-CARDIOVASC AGT NEC
9743,POISONING-SALURETICS
5692,RECTAL & ANAL STENOSIS
36812,TRANSIENT VISUAL LOSS
25070,DIAB CIRCULAT DIS ADULT
81220,FX HUMERUS NOS-CLOSED
8708,OPN WND OCULAR ADNEX NEC
9692,POIS-BUTYROPHENONE TRANQ
65683,FET/PLAC PROB NEC-ANTEPA
E8548,ACC POISON PSYCHOTROPIC AGENTS
0538,H ZOSTER COMPLICATED NOS
6143,ACUTE PARAMETRITIS
4264,RT BUNDLE BRANCH BLOCK
82032,SUBTROCHANTERIC FX-OPEN
8840,OPEN WOUND ARM MULT/NOS
30591,DRUG ABUSE NEC-CONTIN
4612,AC ETHMOIDAL SINUSITIS
4611,AC FRONTAL SINUSITIS
99739,OTHER RESPIRATORY COMPLICATIONS
64763,OTH VIRAL DIS-ANTEPARTUM
59389,RENAL & URETERAL DIS NEC
E8187,MV TRAFF ACC NEC-PEDEST
78842,POLYURIA
84212,SPRAIN METACARPOPHALANG
78449,OTHER VOICE AND RESONANCE DISORDERS
30420,COCAINE DEPEND-UNSPEC
72886,NECROTIZING FASCIITIS
25050,DIAB OPHTHAL MANIF ADULT
81610,"FX PHALANX, HAND NOS-OPN"
8058,VERTEBRAL FX NOS-CLOSED
1510,MAL NEO STOMACH CARDIA
E9454,ADV EFF ANTITUSSIVES
V5862,"AFTERCARE, LONG-TERM (CURRENT) USE OF ABX"
8489,SPRAIN NOS
51901,INFECTION OF TRACHEOSTOMY
5264,INFLAMMATION OF JAW
9946,MOTION SICKNESS
E903,TRAVEL AND MOTION
6210,POLYP OF CORPUS UTERI
1719,MAL NEO SOFT TISSUE NOS
3019,PERSONALITY DISORDER NOS
70710,"ULCER OF LOWER LIMB, UNSPECIFIED"
45620,BLEED ESOPH VAR OTH DIS
72889,MUSCLE/LIGAMENT DIS NEC
9989,SURGICAL COMPLICAT NOS
81405,FX TRAPEZIUM BONE-CLOSED
9760,POIS-LOCAL ANTI-INFECT
7271,BUNION
80326,CL SKULL FX NEC-COMA NOS
81013,"FX CLAVIC, ACROM END-OPN"
81231,FX HUMERUS SHAFT-OPEN
27949,"AUTOIMMUNE DISEASE, NOT ELSEWHERE CLASSIFIED"
99851,INFECTED POST-OP SEROMA
81302,FX CORONOID PROC ULNA-CL
650,DELIVERY (NORMAL)
V270,DELIVER-SINGLE LIVEBORN
6079,DISORDER OF PENIS NOS
3940,MITRAL STENOSIS
4551,INT THROMBOS HEMORRHOID
33399,EXTRAPYRAMIDAL DIS NEC
1623,MAL NEO UPPER LOBE LUNG
E9465,ADV EFF EYE ANTI-INF/DRG
E8830,DIVING ACCIDENT
81001,"FX CLAVICL, STERN END-CL"
05444,H SIMPLEX IRIDOCYCLITIS
99677,DUE TO INTERNAL JOINT PROSTHESIS
78001,COMA
E8600,ACC POISN-ALCOHOL BEVRAG
2397,ENDOCRINE/NERV NEO NOS
4532,OTHER VENOUS EMBOLISM AND THROMBOSIS OF INFERIOR VENA CAVA
71699,ARTHROPATHY NOS-MULT
79389,OTHER (ABNORMAL) FINDINGS ON RADIOLOGICAL EXAMINATION OF BREAST
E9411,ADV EFF PARASYMPATHOLYTC
V716,OBSERV-INFLICTED INJ NEC
82133,SUPRACONDYL FX FEMUR-OPN
95210,T1-T6 SPIN CORD INJ NOS
9828,TOXIC EFF NONPETROL SOLV
7210,CERVICAL SPONDYLOSIS
04186,HELICOBACTER PYLORI [H. PYLORI]
8361,TEAR LAT MENISC KNEE-CUR
6072,"INFLAM DIS, PENIS NEC"
7504,ESOPHAGEAL ANOMALY NEC
05321,H ZOSTER KERATOCONJUNCT
3898,HEARING LOSS NEC
05412,HERPETIC ULCER OF VULVA
9802,TOXIC EFF ISOPROPYL ALC
E8603,ACC POISN-ISOPROPYL ALC
4299,HEART DISEASE NOS
4599,CIRCULATORY DISEASE NOS
67454,"PERIPARTUM CARDIOMYOPATHY, POSTPARTUM"
60784,"IMPOTENCE, ORGANIC ORIGN"
9165,INSECT BITE HIP/LEG-INF
80355,OPN SKL FX NEC-DEEP COMA
9463,3RD DEG BURN MULT SITE
8691,INTERNAL INJURY NOS-OPEN
E970,LEGAL INTERVENT-FIREARM
E9855,UNDETERM CIRC-EXPLOSIVE
72660,ENTHESOPATHY OF KNEE NOS
9744,POISONING-DIURETICS NEC
43889,OTHER LATE EFFECT CVA
1535,MALIGNANT NEO APPENDIX
1175,CRYPTOCOCCOSIS
4847,PNEUM IN OTH SYS MYCOSES
36617,MATURE CATARACT
E9681,ASSLT-PUSH FROM HI PLACE
30011,CONVERSION DISORDER
45119,DEEP PHLEBITIS-LEG NEC
E9589,SUICIDE/SELF-INJURY NOS
8731,OPEN WOUND SCALP-COMPL
7222,DISC DISPLACEMENT NOS
60783,EDEMA OF PENIS
6191,"DIGEST-GENIT FISTUL, FEM"
7213,LUMBOSACRAL SPONDYLOSIS
2776,DEFIC CIRCUL ENZYME NEC
64833,DRUG DEPENDENCE-ANTEPART
5839,NEPHRITIS NOS
99931,OTHER AND UNSPECIFIED INFECTION DUE TO CENTRAL VENOUS CATHETER
71940,JOINT PAIN-UNSPEC
81103,"FX SCAP, GLEN CAV/NCK-CL"
27730,"AMYLOIDOSIS, UNSPECIFIED "
3849,DIS TYMPANIC MEMB NOS
2727,LIPIDOSES
E8494,ACCID IN RECREATION AREA
94224,2ND DEG BURN BACK
3013,EXPLOSIVE PERSONALITY
8601,TRAUM PNEUMOTHORAX-OPEN
69271,SUNBURN
5571,CHR VASC INSUFF INTEST
4540,LEG VARICOSITY W ULCER
3449,PARALYSIS NOS
8209,FX NECK OF FEMUR NOS-OPN
94410,1ST DEG BURN HAND NOS
85302,BRAIN HEM NEC-BRIEF COMA
E9672,CHILD/ADULT AB-MOTHER/STEPMOTH
60091,"HYPERPLASIA OF PROSTATE, UNSPECIFIED, WITH URINARY OBSTRUCTION AND OTHER LOWER URINARY SYMPTOMS (LUTS)"
6011,CHRONIC PROSTATITIS
5699,INTESTINAL DISORDER NOS
36012,PANUVEITIS
33183,"MILD COGNITIVE IMPAIRMENT, SO STATED"
05410,GENITAL HERPES NOS
E9580,SUICIDE-MOVING OBJECT
4474,CELIAC ART COMPRESS SYN
49320,"CHRON OBSTRUCTIVE ASTHMA, UNSPECIFIED"
E9357,ADV EFF NON-NARC ANALGSC
9598,INJURY MLT SITE/SITE NEC
63501,LEG ABOR W PELV INF-INC
80125,CL SKL BASE FX-DEEP COMA
E8009,RR COLL NOS-PERSON NOS
5713,ALCOHOL LIVER DAMAGE NOS
49322,"ASTHMA, CHRONIC OBSTRUCTIVE, WITH ACUTE EXACERBATION"
2469,DISORDER OF THYROID NOS
38900,CONDUCT HEARING LOSS NOS
8629,INTRATHORAC INJ NOS-OPEN
2849,APLASTIC ANEMIA NOS
73315,PATH FX SPECIFIED PART FEMUR
73311,PATHOLOGIC FX HUMERUS
1322,PHTHIRUS PUBIS
83400,DISL FINGER NOS-CLOSED
5643,VOMITING POST-GI SURGERY
20201,NODULAR LYMPHOMA HEAD
72631,MEDIAL EPICONDYLITIS
2511,HYPERINSULINISM NEC
99657,COMPLICATION DUE TO INSULIN PUMP
700,CORNS AND CALLOSITIES
E0089,OTHER SPECIFIED SPORTS AND ATHLETICS ACTIVITY
43311,OCCLUS CAROTID ART W/INFARCT
2733,MACROGLOBULINEMIA
28522,ANEMIA IN NEOPLASTIC DISEASE
20080,MIXED LYMPHOSARC UNSPEC
81311,FX OLECRAN PROC ULNA-OPN
71964,JOINT SYMPTOM NEC-HAND
87261,OPEN WOUND OF EAR DRUM
E9022,AIR PRESS CHANGE: DIVING
E0024,ACTIVITIES INVOLVING UNDERWATER DIVING AND SNORKELING
85240,TRAUMATIC EXTRADURAL HEM
43300,OCCLUS BASILAR ART NO INFARCT
6952,ERYTHEMA NODOSUM
7318,BONE INVOLV IN OTH DIS
71913,HEMARTHROSIS-FOREARM
42989,ILL-DEFINED HRT DIS NEC
86130,LUNG INJURY NOS-OPEN
47825,EDEMA PHARYNX/NASOPHARYX
2889,WBC DISEASE NOS
71104,PYOGEN ARTHRITIS-HAND
55229,OBSTR VENTRAL HERNIA NEC
4536,VENOUS EMBOLISM AND THROMBOSIS OF SUPERFICIAL VESSELS OF LOWER EXTREMITY
87362,OPEN WOUND OF GUM
59381,RENAL VASCULAR DISORDER
81213,FX GR TUBEROS HUMER-OPEN
E8353,WTRCRAFT FALL NOS-PASNGR
E9426,ADV EFF ANTIHYPERTEN AGT
6800,CARBUNCLE OF FACE
53782,ANGIODYSPLASIA OF STOMACH & DUODENUM
8170,MULTIPLE FX HAND-CLOSED
2713,DISACCHARIDASE DEF/MALAB
E8290,OTH ROAD VEH ACC-PEDEST
35922,MYOTONIA CONGENITAL
85304,BRAIN HEM NEC-PROLN COMA
E8138,MV-OTH VEH COLL-PERS NEC
80026,CL SKULL VLT FX-COMA NOS
36510,OPEN-ANGLE GLAUCOMA NOS
36570,"GLAUCOMA STAGE, UNSPECIFIED"
22802,HEMANGIOMA INTRACRANIAL
1279,INTEST HELMINTHIASIS NOS
48882,INFLUENZA DUE TO IDENTIFIED NOVEL INFLUENZA A VIRUS WITH OTHER RESPIRATORY MANIFESTATIONS
0980,ACUTE GC INFECT LOWER GU
09941,CHLAMYDIA TRACHOMATIS
27803,OBESITY HYPOVENTILATION SYNDROME
7503,CONG ESOPH FISTULA/ATRES
52181,CRACKED TOOTH 
7246,DISORDERS OF SACRUM
3371,AUT NEUROPTHY IN OTH DIS
E9304,ADV EFF TETRACYCLINE
4419,AORTIC ANEURYSM NOS
72272,THOR DISC DIS W MYELOPAT
0071,GIARDIASIS
80102,CL SKUL BASE FX-BRF COMA
51281,PRIMARY SPONTANEOUS PNEUMOTHORAX
2774,DIS BILIRUBIN EXCRETION
94427,2ND DEG BURN WRIST
E9588,SUICIDE/SELF-INJURY NEC
E8839,FALL INTO OTHER HOLE
6918,OTHER ATOPIC DERMATITIS
E8241,N-TRAF BOARD/ALIGHT-PSGR
5600,INTUSSUSCEPTION
90441,INJURY POPLITEAL ARTERY
56409,OTHER CONSTIPATION
E9358,ADV EFF ANALGESICS NEC
1562,MAL NEO AMPULLA OF VATER
28269,OTHER SICKLE-CELL DX. WITH
9244,MULTIPLE CONTUSION LEG
83201,ANT DISLOC ELBOW-CLOSED
66914,OBSTETRIC SHOCK-POSTPART
9720,POIS-CARD RHYTHM REGULAT
38021,CHOLESTEATOMA EXTERN EAR
5109,EMPYEMA W/O FISTULA
34400,UNSPEC QUADRIPLEGIA
95205,C5-C7 SPIN CORD INJ NOS
47411,HYPERTROPHY TONSILS
V1061,HX OF LYMPHOID LEUKEMIA
E0072,ACTIVITIES INVOLVING RUGBY
5941,BLADDER CALCULUS NEC
80700,FRACTURE RIB NOS-CLOSED
73005,AC OSTEOMYELITIS-PELVIS
4539,VENOUS THROMBOSIS NOS
4279,CARDIAC DYSRHYTHMIA NOS
1118,DERMATOMYCOSES NEC
38015,CHR MYCOT OTITIS EXTERNA
E9438,ADV EFF GI AGENT NEC
0030,SALMONELLA ENTERITIS
E8257,MV N-TRAFF NEC-PEDEST
95200,C1-C4 SPIN CORD INJ NOS
28803,DRUG INDUCED NEUTROPENIA 
36405,HYPOPYON
81353,FX DISTAL ULNA-OPEN
56729,OTHER SUPPURATIVE PERITONITIS
83412,DISL INTERPHALN HAND-OPN
38031,HEMATOMA AURICLE/PINNA
E8688,ACC POIS-CARBN MONOX NEC
V041,VACCIN FOR SMALLPOX
6960,PSORIATIC ARTHROPATHY
27503,OTHER HEMOCHROMATOSIS
6981,PRURITUS OF GENITALIA
60090,"HYPERPLASIA OF PROSTATE, UNSPECIFIED, WITHOUT URINARY OBSTRUCTION AND OTHER LOWER URINARY SYMPTOMS (LUTS)"
E9451,ADV EFF SMOOTH MUSC RELX
9619,POIS-ANTI-INFECT NEC/NOS
7093,DEGENERATIVE SKIN DISORD
E9229,FIREARM ACCIDENT NOS
2592,CARCINOID SYNDROME
7960,ABN TOXICOLOGIC FINDING
81603,"FX MULT PHALAN, HAND-CL"
8780,OPEN WOUND OF PENIS
9535,LUMBOSACRAL PLEX INJURY
1968,MAL NEO LYMPH NODE-MULT
5298,TONGUE DISORDER NEC
6218,DISORDERS OF UTERUS NEC
51852,"OTHER PULMONARY INSUFFICIENCY, NOT ELSEWHERE CLASSIFIED, FOLLOWING TRAUMA AND SURGERY"
E8304,BOAT SUBMERS-WATER SKIER
E0026,ACTIVITIES INVOLVING WATER SKIING AND WAKE BOARDING
V6289,PSYCHOLOGICAL STRESS NEC
53390,PEPTIC ULCER NOS
2800,"BLOOD LOSS ANEMIA, NOS"
78065,HYPOTHERMIA NOT ASSOCIATED WITH LOW ENVIRONMENTAL TEMPERATURE
57460,"CHOLELITH/CHOLEDOCHOLITH, AC CHOLECYS, NO OBS"
85225,SUBDURAL HEM-DEEP COMA
3484,COMPRESSION OF BRAIN
V1044,HX-FEMALE GENIT MALG NEC
92233,INTERSCAPULAR REGION CONTUSION
4778,ALLERGIC RHINITIS NEC
7831,ABNORMAL WEIGHT GAIN
6801,CARBUNCLE OF NECK
E8730,EXCESS FLUID IN INFUSION
71905,JOINT EFFUSION-PELVIS
4464,WEGENER'S GRANULOMATOSIS
01720,TB PERIPH LYMPH-UNSPEC
71993,JOINT DIS NOS-FOREARM
E9421,ADV EFF CARDIOTONICS
E963,ASSAULT-HANGING/STRANGUL
7296,OLD FB IN SOFT TISSUE
9147,FOREIGN BODY HAND-INFECT
27549,OTHER CALCIUM METAB DISORDER
71236,CHONDROCALCIN NOS-L/LEG
3210,CRYPTOCOCCAL MENINGITIS
81308,FX UP RADIUS W ULNA-CLOS
71936,PALINDROM RHEUM-L/LEG
52462,ARTHRALGIA OF TM JOINT
72887,MUSCLE WEAKNESS
8243,FX LATERAL MALLEOLUS-OPN
0986,GONOCOCCAL INFEC PHARYNX
E9420,ADV EFF CARD RHYTH REGUL
5964,ATONY OF BLADDER
94421,2ND DEG BURN FINGER
44481,ILIAC ARTERY EMBOLISM
6861,PYOGENIC GRANULOMA
64393,VOMIT OF PG NOS-ANTEPART
33922,CHRONIC POST-TRAUMATIC HEADACHE
99563,ANAPHYLACTIC REACTION DUE TO FRUITS AND VEGETABLES
56971,POUCHITIS
47824,RETROPHARYNGEAL ABSCESS
94231,3RD DEG BURN BREAST
94233,3RD DEG BURN ABDOMN WALL
E894,FIRE-HIGHLY INFLAM MATER
81404,FX PISIFORM-CLOSED
99560,ANAPHYLACTIC REACTION DUE TO UNSPECIFIED FOOD
99661,"DUE TO CARDIAC DEVICE,IMPLANT, AND GRAFT"
5276,SALIVARY GLAND MUCOCELE
3410,NEUROMYELITIS OPTICA
71990,JOINT DIS NOS-UNSPEC JT
56961,COLOSTOMY INFECTION
V442,ILEOSTOMY STATUS
64624,RENAL DIS NOS-POSTPARTUM
E9108,ACCIDENTAL DROWNING NEC
E0020,ACTIVITIES INVOLVING SWIMMING
7028,OTHER SPECIFIED DERMATOSES
4733,CHR SPHENOIDAL SINUSITIS
6920,DETERGENT DERMATITIS
29389,TRANSIENT ORG MENTAL NEC
9102,BLISTER HEAD
2532,PANHYPOPITUITARISM
82392,FX TIBIA W FIB NOS-OPEN
9135,INSECT BITE FOREARM-INF
0529,VARICELLA UNCOMPLICATED
1221,ECHINOCOCC GRANUL LUNG
78191,LOSS OF HEIGHT
30014,MULTIPLE PERSONALITY
E8148,MV COLL W PEDES-PERS NEC
40591,RENOVASC HYPERTENSION
4401,RENAL ARTERY ATHEROSCLER
28804,NEUTROPENIA DUE TO INFECTION 
38612,VESTIBULAR NEURONITIS
E0049,"OTHER ACTIVITY INVOLVING CLIMBING, RAPPELLING AND JUMPING OFF"
83501,POSTERIOR DISLOC HIP-CL
V9033,RETAINED WOOD FRAGMENTS
E8130,MV-OTH VEH COLL-DRIVER
56212,DIVERTICULOSIS COLON W/HEM
E0040,"ACTIVITIES INVOLVING MOUNTAIN CLIMBING, ROCK CLIMBING AND WALL CLIMBING"
23771,NEUROFIBROMATOSIS TYPE 1
V5882,FIT/ADJUST NONVASC CATHETER
2141,LIPOMA SKIN NEC
7897,COLIC
37420,LAGOPHTHALMOS NOS
5566,UNIVERSAL ULCERATIVE COLITIS
92619,CRUSHING INJ TRUNK NEC
8064,CL LUMBAR FX W CORD INJ
3739,INFLAMMATION EYELID NOS
5130,ABSCESS OF LUNG
E9470,ADV EFF DIETETICS
V1002,HX-ORAL/PHARYNX MALG NEC
7260,ADHESIVE CAPSULIT SHLDER
V1253,PERSONAL HISTORY OF SUDDEN CARDIAC ARREST
E8352,WTRCRAFT FALL NOS-CREW
E0100,ACTIVITY INVOLVING EXERCISE MACHINES PRIMARILY FOR MUSCLE STRENGTHENING
74442,BRANCHIAL CLEFT CYST
4471,STRICTURE OF ARTERY
9559,INJ NERVE SHLDR/ARM NOS
9528,SPIN CORD INJ-MULT SITE
8441,SPRAIN MEDIAL COLLAT LIG
99881,EMPHYSEMA FROM PROCEDURE
80109,CL SKULL BASE FX-CONCUSS
66714,RET PROD CONCEPT-POSTPAR
7092,SCAR & FIBROSIS OF SKIN
2809,IRON DEFIC ANEMIA NOS
E9043,EXPOSURE NEC
8242,FX LATERAL MALLEOLUS-CL
5258,DENTAL DISORDER NEC
9066,LATE EFF WRIST/HAND BURN
94438,3RD DEG BURN HAND-MULT
1729,MALIG MELANOMA SKIN NOS
0093,DIARRHEA OF INFECT ORIG
E847,CABL CAR ACC NOT ON RAIL
53085,BARRETT'S ESOPHAGUS
5989,URETHRAL STRICTURE NOS
35921,MYOTONIC MUSCULAR DYSTROPHY
E8278,ANIM DRAWN VEH-PERS NEC
E912,RESP OBSTR-INHAL OBJ NEC
V1088,HX-ENDOCRINE MALIGN NEC
2792,COMBINED IMMUNITY DEFIC
8483,SPRAIN OF RIBS
70723,"PRESSURE ULCER, STAGE III"
2930,ACUTE DELIRIUM
9563,INJURY PERONEAL NERVE
81512,FX METACARP BASE NEC-OPN
53210,AC DUODENAL ULCER W PERF
20270,"PERIPHERAL T CELL LYMPHOMA, UNSPECIFIED SITE, EXTRANODAL AND SOLID ORGAN SITES"
3659,GLAUCOMA NOS
71836,RECUR DISLOCAT-L/LEG
99666,DUE TO INTERNAL JOINT PROSTHESIS
03840,GRAM-NEG SEPTICEMIA NOS
42983,TAKOTSUBO SYNDROME 
3509,TRIGEMINAL NERVE DIS NOS
80151,OPN SKL BASE FX W/O COMA
94420,2ND DEG BURN HAND NOS
30924,ADJ REACT-ANXIOUS MOOD
73029,OSTEOMYELITIS NOS-MULT
0846,MALARIA NOS
E9488,ADV EFF BACT VAC NEC/NOS
8790,OPEN WOUND OF BREAST
70589,SWEAT GLAND DISORDER NEC
7932,NONSPECIFIC (ABNORMAL) FINDINGS ON RADIOLOGICAL AND OTHER EXAMINATION OF OTHER INTRATHORACIC ORGANS
V552,ATTEN TO ILEOSTOMY
6101,DIFFUS CYSTIC MASTOPATHY
8300,DISLOCATION JAW-CLOSED
99702,POST OP CVA
55221,OBSTR INCISIONAL HERNIA
9762,POIS-LOC ASTRING/DETERG
E8587,ACC POISN-SKIN/EENT AGNT
5100,EMPYEMA WITH FISTULA
29562,RESIDUAL SCHIZOPHREN-CHR
04111,METHICILLIN SUSCEPTIBLE STAPHYLOCOCCUS AUREUS IN CONDITIONS CLASSIFIED ELSEWHERE AND OF UNSPECIFIED SITE
E961,ASSAULT-CORROSIV/CAUST
3549,MONONEURITIS ARM NOS
37240,PTERYGIUM NOS
64293,HYPERTENS NOS-ANTEPARTUM
5172,SYST SCLEROSIS LUNG DIS
E984,UNDETERM CIRC-SUBMERSION
E9422,ADV EFF ANTILIPEMICS
38014,MALIGNANT OTITIS EXTERNA
79929,OTHER SIGNS AND SYMPTOMS INVOLVING EMOTIONAL STATE
23871,ESSENTIAL THROMBOCYTHEMIA 
85406,HEAD/BRAIN INJ NEC-COMA NOS
57491,"CHOLELITH/CHOLEDOCHOLITH, NO CHOLECYS, OBST"
79924,EMOTIONAL LABILITY
34981,PSEUDOMENINGOCELE
37741,ISCHEMIC OPTIC NEUROPTHY
E8161,LOSS CONTROL MV ACC-PSGR
7019,SKIN HYPERTRO/ATROPH NOS
83209,DISLOCAT ELBOW NEC-CLOSE
64653,ASY BACTERIURIA-ANTEPART
66634,POSTPART COAG DEF-POSTPA
2866,DEFIBRINATION SYNDROME
64274,TOX W OLD HYPER-POSTPART
78071,CHRONIC FATIGUE SYNDROME
62989,OTHER SPECIFIED DISORDERS OF FEMALE GENITAL ORGANS
8931,OPEN WOUND TOE-COMPL
V068,VAC-DIS COMBINATIONS NEC
9229,CONTUSION TRUNK NOS
82002,"FX FEMUR, MIDCERVIC-CLOS"
9882,TOX EFF BERRY/PLANT NEC
64203,ESSEN HYPERTEN-ANTEPART
52311,"CHRONIC GINGIVITIS, NON-PLAQUE INDUCED"
30571,AMPHETAMINE ABUSE-CONTIN
78491,POSTNASAL DRIP 
1361,BEHCET'S SYNDROME
29644,BIPOL MANIC-SEV W PSYCH
70711,ULCER OF THIGH
1713,MAL NEO SOFT TISSUE LEG
E8208,SNOW VEH ACC-PERS NEC
80123,CL SKUL BASE FX-MOD COMA
73319,PATH FX OTHER SPECIFIED SITE
E9197,EARTH MOVING MACHINE ACC
3249,CNS ABSCESS NOS
3798,EYE DISORDERS NEC
9174,INSECT BITE FOOT/TOE
46619,AC BRONCHIOLITIS D/T OTH INF ORG
29212,DRUG HALLUCINOSIS
81244,"FX HUMER, CONDYL NOS-CL"
70702,"PRESSURE ULCER, UPPER BACK"
59682,MECHANICAL COMPLICATION OF CYSTOSTOMY
V5877,"AFTERCARE FOLLOWING SURGERY OF THE SKIN AND SUBCUTANEOUS TISSUE,NEC"
29600,MANIC DISORDER-UNSPEC
7901,ELEVATED SEDIMENT RATE
79095,ELEVATED C-REACTIVE PROTEIN (CRP)
3699,VISUAL LOSS NOS
47874,STENOSIS OF LARYNX
E8189,MV TRAFF ACC-PERS NOS
1869,MALIG NEO TESTIS NEC
E9349,ADV EFF BLOOD AGENT NOS
20040,"MANTLE CELL LYMPHOMA, UNSPECIFIED SITE, EXTRANODAL AND SOLID ORGAN SITES"
V453,INTESTINAL BYPASS STATUS
92301,CONTUSION SCAPUL REGION
3481,ANOXIC BRAIN DAMAGE
36841,CENTRAL SCOTOMA
72972,NONTRAUMATIC COMPARTMENT SYNDROME OF LOWER EXTREMITY
72971,NONTRAUMATIC COMPARTMENT SYNDROME OF UPPER EXTREMITY
9115,INSECT BITE TRUNK-INFEC
0743,"HAND, FOOT & MOUTH DIS"
42653,BILAT BB BLOCK NEC
64244,MILD/NOS PREECLAMP-P/P
9166,FOREIGN BODY HIP/LEG
71536,LOC OSTEOARTH NOS-L/LEG
6003,CYST OF PROSTATE
5275,SIALOLITHIASIS
07998,UNSPEC CHLAMYDIAL INFECTION
V1041,HX-CERVICAL MALIGNANCY
0074,CRYPTOSPORIDIOSIS
9177,FOREIGN BDY FOOT/TOE-INF
V6709,"FOLLOW UP EXAMINATION, FOLLOWING OTHER SURGERY"
E9531,SUICIDE-SUFF W PLAS BAG
5960,BLADDER NECK OBSTRUCTION
80330,CL SKULL FX NEC/HEM NEC
81304,FX UPPER ULNA NEC/NOS-CL
0530,HERPES ZOSTER MENINGITIS
36232,ARTERIAL BRANCH OCCLUS
64863,CV DIS NEC-ANTEPARTUM
80325,CL SKUL FX NEC-DEEP COMA
80335,CL SKUL FX NEC-DEEP COMA
84513,SPRAIN INTERPHALANG TOE
2839,ACQ HEMOLYTIC ANEMIA NOS
71956,JT STIFFNESS NEC-L/LEG
20283,LYMPHOMAS NEC ABDOM
9064,LATE EFFECT OF CRUSHING
3814,NONSUPP OTITIS MEDIA NOS
67403,CEREBROVASC DIS-ANTEPART
9648,POISONING-BLOOD AGT NEC
33821,CHRONIC PAIN DUE TO TRAUMA 
9404,BURN CORNEA/CONJUNCT NEC
7358,ACQ DEFORMITY OF TOE NEC
71537,LOC OSTEOARTH NOS-ANKLE
4269,CONDUCTION DISORDER NOS
E9553,SUICIDE-MILITARY FIREARM
99980,"TRANSFUSION REACTION, UNSPECIFIED"
2939,TRANSIENT ORG MENTAL NOS
7609,MATERNAL COND NOS AFF NB
5552,REG ENTERIT SM/LG INTEST
65803,OLIGOHYDRAMNIOS-ANTEPAR
1101,DERMATOPHYTOSIS OF NAIL
9871,TOX EF HYDROCARB GAS NEC
E867,ACC POISON-PIPED GAS
58889,OTHER SPECIFIED DISORDERS RESULTING FROM IMPAIRED RENAL FUNCTION
30723,GILLES TOURETTE DISORDER
38905,"CONDUCTIVE HEARING LOSS, UNILATERAL"
7273,BURSITIS NEC
2180,SUBMUCOUS LEIOMYOMA
1239,CESTODE INFECTION NOS
V707,EXAM-CLINICAL RESEARCH
8620,DIAPHRAGM INJURY-CLOSED
3480,CEREBRAL CYSTS
5735,HEPATOPULMONARY SYNDROME
57512,ACUTE AND CHRONIC CHOLECYSTITIS
E9353,ADV EFF SALICYLATES
43400,CEREBRAL THROMBOSIS NO INFARCT
37200,ACUTE CONJUNCTIVITIS NOS
E9585,SUICIDE-MOTOR VEH CRASH
37289,"CONJUNCTIVA DISORDERS, OTHER"
E9228,FIREARM ACCIDENT NEC
83212,POST DISLOC ELBOW-OPEN
94418,1ST DEG BURN HAND-MULT
47830,VOCAL CORD PARALYSIS NOS
78057,SLEEP APNEA
69289,DERMATITIS NEC
E9505,SUICIDE-DRUG/MEDICIN NOS
4530,BUDD-CHIARI SYNDROME
63791,AB NOS UNCOMPLICAT-INC
80130,CL SKULL BASE FX/HEM NEC
1969,MAL NEO LYMPH NODE NOS
8795,OPN WND LAT ABDOMEN-COMP
64403,THRT PREM LABOR-ANTEPART
E8192,TRAFFIC ACC NOS-MOTCYCL
1505,MAL NEO LOWER 3RD ESOPH
E0290,REFEREEING A SPORTS ACTIVITY
4267,ANOMALOUS AV EXCITATION
9680,POIS-CNS MUSCLE DEPRESS
86500,SPLEEN INJURY NOS-CLOSED
E0027,"ACTIVITIES INVOLVING SURFING, WINDSURFING AND BOOGIE BOARDING"
E0090,ACTIVITY INVOLVING EXERCISE MACHINES PRIMARILY FOR CARDIORESPIRATORY CONDITIONING
58281,CHR NEPHRITIS IN OTH DIS
41512,SEPTIC PULMONARY EMBOLISM
37732,RETROBULBAR NEURITIS
37120,CORNEAL EDEMA NOS
V621,ADVERSE EFF-WORK ENVIRON
29632,RECURR MAJ DEPRESSION-MOD
30122,SCHIZOTYPAL PERSONALITY
316,PSYCHIC FACTORS ASSOCIATED WITH DISEASES
64683,PREG COMPL NEC-ANTEPARTUM
9557,INJ NERVE SHLDR/ARM NEC
37501,ACUTE DACRYOADENITIS
E8720,FAILURE STERILE SURGERY
81331,FX RADIUS SHAFT-OPEN
99669,"DUE TO OTHER INTERNAL PROSTHETIC DEVICE,IMPLANT,GRAFT"
37332,CONTACT DERMATIT EYELID
5183,PULMONARY EOSINOPHILIA
31234,INTERMITT EXPLOSIVE DIS
78799,OTHER DIGESTIVE SYS SYMPTOM
42760,PREMATURE BEATS NOS
E0074,ACTIVITIES INVOLVING LACROSSE AND FIELD HOCKEY
V1062,HX OF MYELOID LEUKEMIA
9875,TOX EFF LACRIMOGENIC GAS
E9622,ASSAULT-POIS W GAS/VAPOR
3380,CENTRAL PAIN SYNDROME 
29510,HEBEPHRENIA-UNSPEC
36250,MACULAR DEGENERATION NOS
9711,POIS-PARASYMPATHOLYTICS
30021,AGORAPHOBIA WITH PANIC
25082,NIDDM W/OTHER MANIF UNCONTR
8799,OPN WOUND SITE NOS-COMPL
3738,INFLAMMATION EYELID NEC
8057,FX SACRUM/COCCYX-OPEN
8025,FX MALAR/MAXILLARY-OPEN
61800,UNSPECIFIED PROLAPSE OF VAGINAL WALLS
96900,"POISONING BY ANTIDEPRESSANT, UNSPECIFIED"
3340,FRIEDREICH'S ATAXIA
8083,FRACTURE OF PUBIS-OPEN
9684,POIS-GEN ANESTH NEC/NOS
E8551,ACC POISN-CNS DEPRES NEC
28244,BETA THALASSEMIA
83903,DISLOC 3RD CERV VERT-CL
83904,DISLOC 4TH CERV VERT-CL
36441,HYPHEMA
67513,BREAST ABSCESS-ANTEPART
1529,MAL NEO SMALL BOWEL NOS
78602,ORTHOPNEA
8241,FX MEDIAL MALLEOLUS-OPEN
73002,AC OSTEOMYELITIS-UP/ARM
34831,METABOLIC ENCEPHALOPATHY
72999,OTHER DISORDERS OF SOFT TISSUE
8481,SPRAIN OF JAW
86611,KIDNEY HEMATOMA-OPEN
86514,SPLEEN DISRUPTION-OPEN
41011,"AMI ANTERIOR WALL NEC, INITIAL EPISODE OF CARE"
57470,"CHOLELITH/CHOLEDOCHOLITH, OTH CHOLECYS, NO OBS"
56982,ULCERATION OF INTESTINE
V555,ATTEN TO CYSTOSTOMY
75989,OTHER CONGENITAL ANOMALIES
5307,MALLORY-WEISS SYNDROME
2771,DIS PORPHYRIN METABOLISM
5164,LYMPHANGIOLEIOMYOMATOSIS
E9230,FIREWORKS ACCIDENT
07032,CHR HEP B W/OUT COMA/HEP DELTA
6270,PREMENOPAUSE MENORRHAGIA
V5331,ADJUST CARDIAC PACEMAKER
5178,LUNG INVOLV IN OTH DIS
64813,THYROID DYSFUNC-ANTEPART
99682,COMPL LIVER TRANSPLANT
E9307,ADV EFF ANTINEOP ANTBIOT
83200,DISLOCAT ELBOW NOS-CLOSE
6250,DYSPAREUNIA
29285,DRUG INDUCED SLEEP DISORDERS
E9385,ADV EFF TOPIC/INFIL ANES
E8041,FALL FROM TRAIN-PASSENGR
27739,OTHER AMYLOIDOSIS 
4379,CEREBROVASC DISEASE NOS
80010,CL SKL VLT FX W CEREBR LAC/CONTUS
9101,ABRASION HEAD-INFECTED
24291,THYROTOX NOS W CRISIS
41031,"AMI INFEROPOSTERIOR WALL, INITIAL EPISODE OF CARE"
V7260,"LABORATORY EXAMINATION, UNSPECIFIED"
57421,CHOLELITHIAS NOS W OBSTR
72669,ENTHESOPATHY OF KNEE NEC
6266,METRORRHAGIA
179,CA UTERUS
68601,PYODERMA GANGRENOSUM
1122,CANDIDIAS UROGENITAL NEC
85195,OPEN BRAIN LAC-DEEP COMA
4262,LEFT BB HEMIBLOCK
53989,OTHER COMPLICATIONS OF OTHER BARIATRIC PROCEDURE
9930,"BAROTRAUMA, OTITIC"
0570,ERYTHEMA INFECTIOSUM
99643,BROKEN PROSTHETIC JOINT IMPLANT
71950,JT STIFFNESS NEC-UNSPEC
2872,PURPURA NOS
94110,1ST DEG BURN HEAD NOS
2929,DRUG MENTAL DISORDER NOS
40300,"HYPERTENSIVE CHRONIC KIDNEY DISEASE, MALIGNANT, WITH CHRONIC KIDNEY DISEASE STAGE I THROUGH STAGE IV, OR UNSPECIFIED"
36210,BACKGRND RETINOPATHY NOS
78094,EARLY SATIETY
9400,CHEMICAL BURN PERIOCULAR
33722,REFLEX SYMP DYSTROPHY-LE
9878,TOXIC EFF GAS/VAPOR NEC
E8698,ACC POISON-GAS/VAPOR NEC
3094,ADJ REACT-EMOTION/CONDUC
2911,ALCOHOL AMNESTIC SYND
09889,GONOCOCCAL INF SITE NEC
1761,KAPOSI'S SAROCOMA-SOFT TISSUE
5992,URETHRAL DIVERTICULUM
36520,PRIM ANGL-CLOS GLAUC NOS
3569,IDIO PERIPH NEURPTHY NOS
E8581,ACC POISN-SYSTEMIC AGENT
4878,FLU W MANIFESTATION NEC
81202,FX ANATOM NCK HUMERUS-CL
7891,HEPATOMEGALY
83303,DISLOCA MIDCARPAL-CLOSED
83109,DISLOC SHOULDER NEC-CLOS
28862,LEUKEMOID REACTION 
E8786,ABN REAC-ORGAN REM NEC
36563,GLAUCOMA W VASCULAR DIS
4870,INFLUENZA WITH PNEUMONIA
27787,DISORDERS OF MITOCHONDRIAL METABOLISM
E0051,ACTIVITIES INVOLVING YOGA
99581,ADULT PHYSICAL ABUSE
8502,CONCUSSION-MODERATE COMA
7994,CACHEXIA
V851,"BODY MASS INDEX BETWEEN 19-24, ADULT"
51284,OTHER AIR LEAK
7969,ABNORMAL FINDINGS NEC
25200,"HYPERPARATHYROIDISM, UNSPECIFIED"
80239,MULT FX MANDIBLE-OPEN
86320,SMALL INTEST INJ NOS-CL
7262,SHOULDER REGION DIS NEC
8712,RUPTURE EYE W TISSU LOSS
79409,ABN CNS FUNCT STUDY NEC
63571,LEG AB W COMPL NEC-INC
53981,INFECTION DUE TO OTHER BARIATRIC PROCEDURE
99582,ADULT EMOTIONAL/PSYCHOLOGICAL ABUSE
E9328,ADV EFF ANTITHYROID AGNT
53789,GASTRODUODENAL DIS NEC
73016,CHR OSTEOMYELIT-L/LEG
71430,JUV RHEUM ARTHRITIS NOS
98989,TOXIC EFFECT NONMEDICINAL SUBS
56962,MECHANICAL COMPLIC-COLOST/ENTEROSTOMY
5278,SALIVARY GLAND DIS NEC
2218,BEN NEO FEM GENITAL NEC
0990,CHANCROID
30722,CHRONIC MOTOR TIC DIS
75683,EHLERS-DANLOS SYNDROME
5710,ALCOHOLIC FATTY LIVER
72789,SYNOV/TEND/BURSA DIS NEC
4821,PSEUDOMONAL PNEUMONIA
73622,SWAN-NECK DEFORMITY
71619,TRAUM ARTHROPATHY-MULT
65413,UTERINE TUMOR-ANTEPARTUM
V1204,PERSONAL HISTORY OF METHICILLIN RESISTANT STAPHYLOCOCCUS AUREUS
7212,THORACIC SPONDYLOSIS
5644,POSTOP GI FUNCT DIS NEC
0949,NEUROSYPHILIS NOS
6868,LOCAL SKIN INFECTION NEC
E9348,ADV EFF BLOOD AGENT NEC
99982,EXTRAVASATION OF OTHER VESICANT AGENT
E9799,"TERRORISM, SECONDARY EFFECTS"
V5849,POSTSURGICAL AFTERCARE
V719,OBSERV-SUSPECT COND NOS
37830,HETEROTROPIA NOS
V5359,FITTING AND ADJUSTMENT OF OTHER GASTROINTESTINAL APPLIANCE AND DEVICE
29021,SENILE DEPRESSIVE
34591,"EPILEPSY, NOS WITH INTRACTABLE EPILEPSY"
72706,TENOSYNOVITIS FOOT/ANKLE
1106,DEEP DERMATOPHYTOSIS
E8539,ACC POISN-TRANQUILZR NOS
E0039,OTHER ACTIVITY INVOLVING ICE AND SNOW
481,PNEUMOCOCCAL PNEUMONIA
37482,EDEMA OF EYELID
73019,CHR OSTEOMYELIT-MULT
V441,GASTROSTOMY STATUS
V4975,BELOW KNEE AMPUTATION STATUS
V4976,ABOVE KNEE AMPUTATION STATUS
V4970,UNSPEC LE AMPUTATION STATUS
70700,"PRESSURE ULCER, UNSPECIFIED SITE"
7294,FASCIITIS NOS
6232,STRICTURE OF VAGINA
90451,INJ ANTER TIBIAL ARTERY
E9252,INDUST WIRING/MACHIN ACC
E8294,OTH RD VEH ACC-ST CAR
9724,POIS-CORONARY VASODILAT
9117,FOREIGN BODY TRUNK-INFEC
9534,BRACHIAL PLEXUS INJURY
6282,INFERTILITY-TUBAL ORIGIN
27700,CYSTIC FIBROS W/O ILEUS
1179,MYCOSES NEC & NOS
20282,LYMPHOMAS NEC THORAX
28268,OTHER SICKLE-CELL DISEASE W/O CRISIS
44281,ANEURYSM OF NECK
83300,DISLOC WRIST NOS-CLOSED
3839,MASTOIDITIS NOS
53430,AC MARGINAL ULCER NOS
29381,ORGANIC DELUSIONAL SYND
72252,LUMB/LUMBOSAC DISC DEGEN
58389,NEPHRITIS NEC
2731,MONOCLON PARAPROTEINEMIA
5239,GINGIV/PERIODONT DIS NOS
E8700,ACC CUT/HEM IN SURGERY
72741,GANGLION OF JOINT
30491,DRUG DEPEND NOS-CONTIN
O8612,Endometritis following delivery
78932,ABDOM/PELVIC SWELL/MASS LUQ
11289,CANDIDIASIS SITE NEC
38300,AC MASTOIDITIS W/O COMPL
99663,"DUE TO NERVOUS SYSTEM DEVICE,IMPLANT AND GRAFT"
4358,TRANS CEREB ISCHEMIA NEC
73605,WRIST DROP
9151,ABRASION FINGER-INFECTED
36100,DETACHMNT W DEFECT NOS
42099,ACUTE PERICARDITIS NEC
6178,ENDOMETRIOSIS NEC
8922,OPEN WOUND FOOT W TENDON
42681,LOWN-GANONG-LEVINE SYND
71695,ARTHROPATHY NOS-PELVIS
42682,LONG QT SYNDROME
7175,DERANGEMENT MENISCUS NEC
82520,FX FOOT BONE NOS-CLOSED
94525,2ND DEG BURN KNEE
71835,RECUR DISLOCAT-PELVIS
V220,SUPERVIS NORMAL 1ST PREG
2559,ADRENAL DISORDER N0S
9061,LATE EFF OPEN WND EXTREM
8841,OPEN WOUND ARM NOS-COMPL
E8199,TRAFFIC ACC NOS-PERS NOS
80320,CL SKL FX NEC/MENING HEM
71846,JT CONTRACTURE-L/LEG
28863,MONOCYTOSIS (SYMPTOMATIC) 
E8981,FIRE ACCIDENT NEC
2751,DIS COPPER METABOLISM
79579,OTHER NONSPEC IMMUNOLOGICAL FX
V4361,JOINT REPLACEMENT-SHOULDER
80844,MULTIPLE CLOSED PELVIC FRACTURES WITHOUT DISRUPTION OF PELVIC CIRCLE
67024,"PUERPERAL SEPSIS, POSTPARTUM CONDITION OR COMPLICATION"
20020,BURKITT'S TUMOR UNSPEC
55321,INCISIONAL HERNIA
43884,ATAXIA
6954,LUPUS ERYTHEMATOSUS
V053,VIRAL HEPATITIS VACCINATION
87359,OPEN WND FACE NEC-COMPL
E9056,VENOM SEA ANIMALS/PLANTS
7510,MECKEL'S DIVERTICULUM
73739,SCOLIOSIS NEC
99732,POSTPROCEDURAL ASPIRATION PNEUMONIA
05411,HERPETIC VULVOVAGINITIS
E9314,ADV EFF ANTIMALARIALS
29532,PARANOID SCHIZO-CHRONIC
37689,ORBITAL DISORDERS NEC
1570,MAL NEO PANCREAS HEAD
94416,1 DEG BURN BACK OF HAND
44381,ANGIOPATHY IN OTHER DIS
73393,STRESS FRACTURE OF TIBIA OR FIBULA
E8123,MV COLL NOS-MCYCL PSNGR
4472,RUPTURE OF ARTERY
E9061,RAT BITE
7814,TRANSIENT LIMB PARALYSIS
9695,POISON-TRANQUILIZER NEC
E9675,CHILD/ADULT ABUSE BY SIBLING
20281,LYMPHOMAS NEC HEAD
37942,MIOSIS NOT D/T MIOTICS
E0101,"ACTIVITY INVOLVING PUSH-UPS, PULL-UPS, SIT-UPS"
43411,CEREBRAL EMBOLISM W/INFARCT
94430,3RD DEG BURN HAND NOS
0979,SYPHILIS NOS
40291,"HYPER HRT DIS, UNSPEC WITH HEART FAILURE"
8751,OPEN WOUND CHEST-COMPL
80620,T1-T6 FX-CL/CORD INJ NOS
99831,DISRUPTION OF INTERNAL OPERATION (SURGICAL) WOUND
9971,SURG COMPL-HEART
25053,IDDM OPTHAL MANIF UNCONTROLLED
5721,PORTAL PYEMIA
V443,COLOSTOMY STATUS
8950,AMPUTATION TOE
5970,URETHRAL ABSCESS
71996,JOINT DIS NOS-L/LEG
9031,INJURY BRACHIAL VESSELS
36322,HARADA'S DISEASE
V1001,HX OF TONGUE MALIGNANCY
7595,TUBEROUS SCLEROSIS
E0299,OTHER ACTIVITY
72881,INTERSTITIAL MYOSITIS
2703,BRAN-CHAIN AMIN-ACID DIS
E8174,MV ACC BRD/ALIGHT-ST CAR
5121,IATROGENIC PNEUMOTHORAX
3083,ACUTE STRESS REACT NEC
83901,DISLOC 1ST CERV VERT-CL
94532,3RD DEG BURN FOOT
5523,DIAPHRAGM HERNIA W OBSTR
25042,NIDDM W/RENAL MANIF UNCONTROL
9722,POISONING-ANTILIPEMICS
9803,TOXIC EFFECT FUSEL OIL
70704,"PRESSURE ULCER, HIP"
8480,SPRAIN OF NASAL SEPTUM
7429,NERVOUS SYSTEM ANOM NOS
3335,CHOREA NEC
87354,OPEN WOUND JAW-COMPLICAT
9962,MALFUN NEURO DEVICE/GRAF
683,ACUTE LYMPHADENITIS
9245,CONTUSION LEG NOS
81408,FX HAMATE BONE-CLOSED
37556,ACQ NASOLACRML STENOSIS
78032,COMPLEX FEBRILE CONVULSIONS 
E9529,SUICIDE-GAS/VAPOR NOS
5993,URETHRAL CARUNCLE
6162,BARTHOLIN'S GLAND CYST
75739,SKIN ANOMALY NEC
65883,AMNION PROB NEC-ANTEPART
78931,ABDOM/PELVIC SWELL/MASS RUQ
V5351,FITTING AND ADJUSTMENT OF GASTRIC LAP BAND
4592,COMPRESSION OF VEIN
82380,FX TIBIA NOS-CLOSED
V1045,HX-MALE GENIT MALIG NOS
6806,CARBUNCLE OF LEG
37205,AC ATOPIC CONJUNCTIVITIS
E9260,RADIOFREQ RADIAT EXPOSUR
9050,LATE EFFEC SKULL/FACE FX
1958,MALIG NEO SITE NEC
28866,BANDEMIA
E897,BURN ACC NOT IN BLDG
99527,OTHER DRUG ALLERGY 
E9682,ASSAULT-STRIKING W OBJ
94203,BURN NOS ABDOMINAL WALL
1421,MALIG NEO SUBMANDIBULAR
5798,INTEST MALABSORPTION NEC
05311,GENICULATE HERPES ZOSTER
9832,TOXIC EFF CAUSTIC ALKALI
E9507,SUICIDE-CORROSIV/CAUSTIC
8360,TEAR MED MENISC KNEE-CUR
96972,POISONING BY AMPHETAMINES
72632,LATERAL EPICONDYLITIS
7285,HYPERMOBILITY SYNDROME
9401,BURN PERIOCULAR AREA NEC
7828,CHANGES IN SKIN TEXTURE
78600,RESPIRATORY ABNORM NOS
37929,VITREOUS DISORDERS NEC
E9460,ADV EFF LOC ANTI-INFECTV
8670,BLADDER/URETHRA INJ-CLOS
5273,SALIVARY GLAND ABSCESS
2254,BEN NEO SPINAL MENINGES
83103,INFER DISLOC HUMERUS-CL
1409,MAL NEO LIP/VERMIL NOS
64613,EDEMA/EXCESS WT IN PREG-ANTEPARTUM
1569,MALIG NEO BILIARY NOS
V652,PERSON FEIGNING ILLNESS
2270,BENIGN NEOPLASM ADRENAL
5930,NEPHROPTOSIS
E8501,ACC POISON-METHADONE
3553,LAT POPLITEAL NERVE LES
45351,CHRONIC VENOUS EMBOLISM AND THROMBOSIS OF DEEP VESSELS OF PROXIMAL LOWER EXTREMITY
E9340,ADV EFF IRON & COMPOUNDS
5299,TONGUE DISORDER NOS
2825,SICKLE-CELL TRAIT
4460,POLYARTERITIS NODOSA
9604,POISONING-TETRACYCLINE
E856,ACC POISON-ANTIBIOTICS
78839,OTHER URINARY INCONTINENCE
8400,SPRAIN ACROMIOCLAVICULAR
V5864,LONG TERM(CURRRENT) USE OF NONSTEROIDALS
8679,PELVIC ORGAN INJ NOS-OPN
V8739,CONTACT WITH AND (SUSPECTED) EXPOSURE TO OTHER POTENTIALLY HAZARDOUS SUBSTANCES
9830,TOX EFF CORROSIVE AROMAT
E8640,ACC POIS-CORROSIV AROMAT
79399,OTHER NONSPECIFIC (ABNORMAL) FINDINGS ON RADIOLOGICAL AND OTHER EXAMINATION OF BODY STRUCTURE
37749,OPTIC NERVE DISORDER NEC
8719,OPN WOUND OF EYEBALL NOS
33721,REFLEX SYMP DYSTROPHY -UE
2862,CONG FACTOR XI DISORDER
6391,POSTABORTION HEMORRHAGE
83900,DISLOC CERV VERT NOS-CL
80600,C1-C4 FX-CL/CORD INJ NOS
71659,POLYARTHRITIS NOS-MULT
9659,POIS-ANALGES/ANTIPYR NOS
E9432,ADV EFF EMOLL CATHARTICS
86343,DESCENDING COLON INJ-CL
90241,INJURY RENAL ARTERY
86329,SMALL INTEST INJ NEC-CL
8701,FULL-THICKNES LAC EYELID
92302,CONTUSION AXILLARY REG
94412,1ST DEG BURN THUMB
9752,POIS-SKELET MUSCLE RELAX
33729,REFLEX SYMP DYSTROPH OTH SITE
6224,STRICTURE OF CERVIX
64264,ECLAMPSIA-POSTPARTUM
4748,CHR T & A DIS NEC
20401,ACUTE LYMPHOID LEUK-IN REMIS
7011,"KERATODERMA, ACQUIRED"
86350,COLON INJURY NOS-OPEN
9661,POISON-HYDANTOIN DERIVAT
E9397,ADV EFF PSYCHOSTIMULANTS
3152,OTH LEARNING DIFFICULTY
4959,ALLERG ALVEOL/PNEUM NOS
28521,ANEMIA IN END-STAGE RENAL DISEASE
3555,TARSAL TUNNEL SYNDROME
72700,SYNOVITIS NOS
37854,SIXTH NERVE PALSY
44284,VISCERAL ANEURYSM NEC
9159,SUPRF INJ FINGER NEC-INF
65443,ABN UTERUS NEC-ANTEPART
E911,RESP OBSTR-FOOD INHAL
E9382,ADV EFF GAS ANESTHET NEC
07051,HEPATITIS C W/OUT COMA
80300,CLOSE SKULL FRACTURE NEC
9049,BLOOD VESSEL INJURY NOS
80232,SUBCONDYL FX MANDIB-OPEN
E9139,SUFFOCATION NOS
9751,POIS-SMOOTH MUSCLE RELAX
87210,OPN WND EX EAR NOS-COMPL
E9888,UNDETERMIN CIRCUMST NEC
37500,DACRYOADENITIS NOS
65103,TWIN PREGNANCY-ANTEPART
V1049,HX-MALE GENIT MALIG NEC
E9317,ADV EFF ANTIVIRAL DRUGS
1842,MAL NEO LABIA MINORA
3432,CONGENITAL QUADRIPLEGIA
9920,HEAT STROKE & SUNSTROKE
9068,LATE EFFECT OF BURNS NEC
94201,BURN NOS BREAST
27702,CYSTIC FIBROSIS WITH PULMONARY MANIFESTATIONS
1102,DERMATOPHYTOSIS OF HAND
9990,GENERALIZED VACCINIA
24210,TOX UNINOD GOIT NO CRIS
56738,OTHER RETROPERITONEAL ABSCESS
32382,OTHER CAUSES OF MYELITIS 
65213,CEPHAL VERS NOS-ANTEPART
78762,FECAL SMEARING
25033,IDDM OTHER COMA UNCONTROLLED
5373,DUODENAL OBSTRUCTION NEC
9719,POIS-AUTONOMIC AGENT NOS
E8559,ACC POISON-CNS DRUG NOS
E8860,FALL IN SPORTS
8504,CONCUSSION-DEEP COMA
7280,INFECTIVE MYOSITIS
9610,POISONING-SULFONAMIDES
E954,SUIC/SELF-INJ BY SUBMERS
94113,1ST DEG BURN LIP
74689,CONG HEART ANOMALY NEC
29500,SIMPL SCHIZOPHREN-UNSPEC
99951,OTHER SERUM REACTION DUE TO ADMINISTRATION OF BLOOD AND BLOOD PRODUCTS
36019,ENDOPHTHALMITIS NEC
71650,POLYARTHRITIS NOS-UNSPEC
9104,INSECT BITE HEAD
49300,"EXTRINSIC ASTHMA, UNSPECIFIED"
33943,PRIMARY THUNDERCLAP HEADACHE
67153,THROMBOSIS NEC-ANTEPART
73320,CYST OF BONE NOS
6146,FEM PELVIC PERITON ADHES
E8613,ACC POISON-CLEANSER NEC
V8289,SCREENING FOR OTHER SPECIFIED CONDITIONS
86112,HEART LACERATION-OPEN
33390,EXTRAPYRAMIDAL DIS NOS
1108,DERMATOPHYTOSIS SITE NEC
71590,OSTEOARTHROS NOS-UNSPEC
V446,URINOSTOMY STATUS NEC
3693,"BLINDNESS NOS, BOTH EYES"
5769,DIS OF BILIARY TRACT NOS
63310,TUBAL PREGNANCY WITHOUT INTRAUTERINE PREGNANCY
65463,ABN CERVIX NEC-ANTEPART
78002,TRANSIENT ALTERATION-AWARENESS
V619,FAMILY CIRCUMSTANCE NOS
3599,MYOPATHY NOS
25201,PRIMARY HYPERPARATHYROIDISM
38800,DEGEN/VASCUL DIS EAR NOS
25021,DIAB HYPEROSM COMA IDDM
7290,RHEUMATISM NOS
E9028,AIR PRESSURE CHANGE NEC
9125,INSECT BITE SHLD/ARM-INF
V4583,S/P BREAST IMPLANT REMOVAL
73018,CHR OSTEOMYELIT NEC
20042,"MANTLE CELL LYMPHOMA, INTRATHORACIC LYMPH NODES"
80141,CL SKUL BASE FX W/O COMA
07053,HEPATITIS E W/OUT COMA
2881,FUNCTION DIS NEUTROPHILS
44329,DISSECTION OF OTH ARTERY
07882,EPIDEMIC VOMITING SYND
33828,OTHER CHRONIC POSTOPERATIVE PAIN 
69010,SEBORRHEIC DERMATITIS UNSPEC
30029,ISOLATED PHOBIAS NEC
34600,"MIGRAINE WITH AURA, WITHOUT MENTION OF INTRACTABLE MIGRAINE WITHOUT MENTION OF STATUS MIGRAINOSUS"
30461,DRUG DEPEND NEC-CONTIN
7081,IDIOPATHIC URTICARIA
65973,ABNORMAL FETAL HEART RATE/RHYTHM-ANTEPART
13101,TRICHOMONAL VAGINITIS
37886,INTERNUCL OPHTHALMOPLEG
64233,TRANS HYPERTEN-ANTEPART
1628,MAL NEO BRONCH/LUNG NEC
56089,INTESTINAL OBSTRUCT NEC
E9354,ADV EFF AROM ANALGSC NEC
E9468,ADV EFF SKIN AGENT NEC
7020,ACTINIC KERATOSIS
99520,"UNSPECIFIED ADVERSE EFFECT OF UNSPECIFIED DRUG, MEDICINAL AND BIOLOGICAL SUBSTANCE"
E8312,BOAT ACC INJ NEC-CREW
9179,SUPERF INJ FOOT NEC-INF
85203,SUBARACH HEM-MOD COMA
5811,EPIMEMBRANOUS NEPHRITIS
6802,CARBUNCLE OF TRUNK
2869,COAGULAT DEFECT NEC/NOS
E8140,MV COLL W PEDEST-DRIVER
74100,SPIN BIF W HYDROCEPH NOS
37542,CHRONIC DACRYOCYSTITIS
2539,PITUITARY DISORDER NOS
24960,"SECONDARY DIABETES MELLITUS WITH NEUROLOGICAL MANIFESTATIONS, NOT STATED AS UNCONTROLLED, OR UNSPECIFIED"
E8126,MV COLL NOS-PED CYCL
5999,URINARY TRACT DIS NOS
V4362,JOINT REPLACEMENT-ELBOW
42610,ATRIOVENT BLOCK NOS
5647,MEGACOLON NEC
7051,PRICKLY HEAT
6256,FEM STRESS INCONTINENCE
3181,SEVERE INTELLECTUAL DISABILITIES
72761,ROTATOR CUFF RUPTURE
4352,SUBCLAVIAN STEAL SYNDROM
V7181,OBSERVATION FOR SUSPECTED ABUSE AND NEGLECT NOT FOUND
78050,SLEEP DISTURBANCE NOS
3576,NEUROPATHY DUE TO DRUGS
04104,GROUP D STREPTOCOCCUS
1611,MALIG NEO SUPRAGLOTTIS
83411,DISL METACARPOPHALAN-OPN
E8101,MV-TRAIN COLL-PASNGR
94422,2ND DEG BURN THUMB
88002,OPEN WOUND OF AXILLA
8055,FX LUMBAR VERTEBRA-OPEN
V602,ECONOMIC PROBLEM
2884,HEMOPHAGOCYTIC SYNDROMES 
E0052,ACTIVITIES INVOLVING GYMNASTICS
30430,CANNABIS DEPEND-UNSPEC
73394,STRESS FARCTURE OF THE METATARSALS
E9258,ELECTRIC CURRENT ACC NEC
88009,MULT OPEN WOUND SHOULDER
64823,ANEMIA-ANTEPARTUM
6283,INFERTILITY-UTERINE ORIG
2738,DIS PLAS PROTEIN MET NEC
7811,SMELL & TASTE DISTURB
5929,URINARY CALCULUS NOS
1715,MAL NEO SOFT TIS ABDOMEN
V1029,HX-INTRATHORACIC MAL NEC
24980,"SECONDARY DIABETES MELLITUS WITH OTHER SPECIFIED MANIFESTATIONS, NOT STATED AS UNCONTROLLED, OR UNSPECIFIED"
25801,MULTIPLE ENDOCRINE NEOPLASIA [MEN] TYPE I
E9378,ADV EFF SEDAT/HYPNOT NEC
9733,POISONING-CATHARTIC NEC
29534,PARAN SCHIZO-CHR/EXACERB
E0292,ROUGH HOUSING AND HORSEPLAY
99565,ANAPHYLACTIC REACTION DUE TO FISH
34120,ACUTE (TRANSVERSE) MYELITIS NOS 
05314,HERPES ZOSTER MYELITIS 
09489,NEUROSYPHILIS NEC
44289,ANEURYSM NEC
85401,HEAD/BRAIN INJ NEC-NO COMA
42689,CONDUCTION DISORDER NEC
E9671,CHILD ABUSE BY PERS NEC
9341,FOREIGN BODY BRONCHUS
1984,SEC MALIG NEO NERVE NEC
86415,LIVER HEMATOMA/CONTUSION-OPEN
8621,DIAPHRAGM INJURY-OPEN
44283,SPLENIC ARTERY ANEURYSM
9220,CONTUSION OF BREAST
7989,UNATTENDED DEATH
47820,DISEASE OF PHARYNX NOS
25043,IDDM W/RENAL MANIF UNCONTROLL
71966,JOINT SYMPTOM NEC-L/LEG
53150,CHR STOMACH ULCER W PERF
0540,ECZEMA HERPETICUM
37633,ORBITAL EDEMA
20891,LEUK UNSPEC CELL NOS-IN REMISS
34692,"MIGRAINE, UNSPECIFIED, WITHOUT MENTION OF INTRACTABLE MIGRAINE WITH STATUS MIGRAINOSUS"
4376,NONPYOGEN THROMBOS SINUS
9084,LT EFF INJ THOR/ABD VESS
V058,VACCIN FOR DISEASE NEC
5719,CHRONIC LIVER DIS NOS
6944,PEMPHIGUS
42490,ENDOCARDITIS NOS
42831,ACUTE DIASTOLIC HEART FAILURE
E9412,ADV EFF SYMPATHOMIMETICS
85303,BRAIN HEM NEC-MOD COMA
60882,HEMATOSPERMIA
61189,OTHER SPECIFIED DISORDERS OF BREAST
34700,"NARCOLEPSY, WITHOUT CATAPLEXY"
2721,PURE HYPERGLYCERIDEMIA
8738,OPEN WOUND OF HEAD NEC
E978,LEGAL EXECUTION
9157,FOREIGN BODY FINGER-INF
82131,FX FEMORAL CONDYLE-OPEN
71944,JOINT PAIN-HAND
61804,RECTOCELE
6171,OVARIAN ENDOMETRIOSIS
99664,DUE TO INDWELLING URINARY CATHETER
20960,BENIGN CARCINOID TUMOR OF UNKNOWN PRIMARY SITE
05479,H SIMPLEX COMPLICAT NEC
8796,OPEN WOUND OF TRUNK NEC
73730,IDIOPATHIC SCOLIOSIS
9730,POIS-ANTACID/ANTIGASTRIC
37024,PHOTOKERATITIS
94119,1ST DEG BURN HEAD-MULT
07059,OTHER VIRAL HEP  W/OUT COMA
E9344,ADV EFF FIBRINOLYSIS AGT
7224,CERVICAL DISC DEGEN
37853,FOURTH NERVE PALSY
85246,EXTRADURAL HEM-COMA NOS
5173,ACUTE CHEST SYNDROME
5834,RAPIDLY PROG NEPHRIT NOS
64883,ABN GLUCOSE-ANTEPARTUM
E9384,ADV EFF GEN ANES NEC/NOS
8782,OPN WOUND SCROTUM/TESTES
27403,CHRONIC GOUTY ARTHROPATHY WITH TOPHUS (TOPHI)
80166,OPN SKL BASE FX-COMA NOS
3779,OPTIC NERVE DISORDER NOS
41050,"AMI LATERAL WALL, UNSPECIFIED EPISODE OF CARE"
80136,CL SKUL BASE FX-COMA NOS
64263,ECLAMPSIA-ANTEPARTUM
73399,BONE & CARTILAGE DIS NEC
52809,OTHER STOMATITIS AND MUCOSITIS (ULCERATIVE) 
6398,POSTABORTION COMPL NEC
85186,BRAIN LACER NEC-COMA NOS
9921,HEAT SYNCOPE
99656,MECHAN COMPLIC D/T PD CATH
1231,CYSTICERCOSIS
73023,OSTEOMYELIT NOS-FOREARM
7509,UPPER GI ANOMALY NOS
94411,1ST DEG BURN FINGER
37611,ORBITAL GRANULOMA
52300,"ACUTE GINGIVITIS, PLAQUE INDUCED "
71914,HEMARTHROSIS-HAND
2440,POSTSURGICAL HYPOTHYROID
53490,GASTROJEJUNAL ULCER NOS
94400,BURN NOS HAND-UNSPEC
8714,LACERATION OF EYE NOS
5723,PORTAL HYPERTENSION
E9011,"EXCESSIVE COLD, MAN-MADE"
36235,CENT RETINAL VEIN OCCLUS
8468,SPRAIN SACROILIAC NEC
75560,LOWER LIMB ANOMALY NOS
1963,MAL NEO LYMPH-AXILLA/ARM
9691,POIS-PHENOTHIAZINE TRANQ
E8903,PRIV DWEL FIRE-BURNING
E0065,ACTIVITIES INVOLVING JUMPING ROPE
2223,BENIGN NEO EPIDIDYMIS
28869,OTHER ELEVATED WHITE BLOOD CELL COUNT
49122,OBSTRUCTIVE CHRONIC BRONCHITIS WITH ACUTE BRONCHITIS
5270,SALIVARY GLAND ATROPHY
38003,CHONDRITIS OF PINNA
56489,OTHER FUNCT DISORDERS-INTESTINE
3970,TRICUSPID VALVE DISEASE
8631,STOMACH INJURY-OPEN
V0184,CONTACT OR EXPOSURE TO MENINGOCOCCUS
9876,TOXIC EFF CHLORINE GAS
V909,"RETAINED FOREIGN BODY, UNSPECIFIED MATERIAL"
71690,ARTHROPATHY NOS-UNSPEC
9060,LT EFF OPN WND HEAD/TRNK
2250,BENIGN NEOPLASM BRAIN
94415,1ST DEG BURN PALM
37203,MUCOPUR CONJUNCTIVIT NEC
7149,INFLAMM POLYARTHROP NOS
99949,ANAPHYLACTIC REACTION DUE TO OTHER SERUM
80301,CL SKULL FX NEC W/O COMA
5279,SALIVARY GLAND DIS NOS
36189,RETINAL DETACHMENT NEC
9642,POISONING-ANTICOAGULANTS
E8582,ACC POISON-BLOOD AGENT
94126,2ND DEG BURN SCALP
9034,INJURY PALMAR ARTERY
035,ERYSIPELAS
87351,OPEN WOUND CHEEK-COMPL
78835,POST VOID DRIBBLING
20490,"UNSPECIFIED LYMPHOID LEUKEMIA, WITHOUT MENTION OF HAVING ACHIEVED REMISSION"
5290,GLOSSITIS
34430,MONOPLEGIA LE UNSPEC SIDE
34440,MONOPLEGIA UE UNSPEC SIDE
5778,PANCREATIC DISEASE NEC
7238,CERVICAL SYNDROME NEC
36211,HYPERTENSIVE RETINOPATHY
5304,PERFORATION OF ESOPHAGUS
23989,"NEOPLASMS OF UNSPECIFIED NATURE, OTHER SPECIFIED SITES"
9038,INJURY ARM VESSELS NEC
V1091,PERSONAL HISTORY OF MALIGNANT NEUROENDOCRINE TUMOR
8702,LAC EYELID INV LACRM PAS
67204,PUERP PYREXIA-POSTPARTUM
66924,MATERN HYPOTENS-POSTPART
78961,ABDOMINAL TENDERNESS RUQ
E8251,MV N-TRAFF NEC/NOS-PSGR
2126,BENIGN NEOPLASM THYMUS
70219,OTHER SEBORRHEIC KERATOSIS
4257,METABOLIC CARDIOMYOPATHY
09959,CHLAMYDIA TRACHOMATIS OTH SITE
80025,CL SKUL VLT FX-DEEP COMA
53570,"EOSINOPHILIC GASTRITIS, WITHOUT MENTION OF HEMORRHAGE"
70581,DYSHIDROSIS
E8142,MV COLL W PEDEST-MOTCYCL
45189,THROMBOPHLEBITIS NEC
E8498,ACCIDENT IN PLACE NEC
E9280,ACC D/T WEIGHTLESS ENVIR
7587,KLINEFELTER'S SYNDROME
19881,SECOND MALIG NEO BREAST
V4551,CONTRACEPTIVE IUD STATUS
94204,BURN NOS BACK
53100,AC STOMACH ULCER W HEM
E9572,SUIC-JUMP FROM NATUR SIT
3207,MENING IN OTH BACT DIS
60782,"VASCULAR DISORDER, PENIS"
6245,HEMATOMA OF VULVA
94406,BURN NOS BACK OF HAND
V1083,HX-SKIN MALIGNANCY NEC
E8020,RR ACC W DERAIL-EMPLOYEE
8672,URETER INJURY-CLOSED
7215,KISSING SPINE
94225,2ND DEG BURN GENITALIA
8709,OPN WND OCULAR ADNEX NOS
73349,ASEPT NECROSIS BONE NEC
72740,SYNOVIAL CYST NOS
2764,MIXED ACID-BASE BAL DIS
2729,LIPOID METABOL DIS NOS
2988,REACT PSYCHOSIS NEC/NOS
9039,INJURY ARM VESSEL NOS
99760,"AMPUTAT STUMP COMPL, UNSPEC"
5949,LOWER URIN CALCUL NOS
E8383,WATERCRFT ACC NEC-PASNGR
79923,IMPULSIVENESS
99952,OTHER SERUM REACTION DUE TO VACCINATION
59010,AC PYELONEPHRITIS NOS
4466,THROMBOT MICROANGIOPATHY
28730,"PRIMARY THROMBOCYTOPENIA, UNSPECIFIED"
4420,UPPER EXTREMITY ANEURYSM
0085,BACTERIAL ENTERITIS NOS
36256,MACULAR PUCKERING
7874,VISIBLE PERISTALSIS
94320,2ND DEG BURN ARM NOS
3862,CENTRAL ORIGIN VERTIGO
E9686,ASSAULT BY AIR GUN
5293,HYPERTROPH TONGUE PAPILL
9550,INJURY AXILLARY NERVE
88001,OPEN WOUND OF SCAPULA
80854,MULTIPLE OPEN PELVIC FRACTURES WITHOUT DISRUPTION OF PELVIC CIRCLE
V0189,CONTACT WITH/EXPOSURE TO OTHER COMMUNICABLE DISEASES
85400,HEAD/BRAIN INJURY NEC
42611,ATRIOVENT BLOCK-1ST DEGR
V4282,STEM CELL TRANSPLANT STATUS
53140,CHR STOMACH ULC W HEM
E9359,ADV EFF ANALGESIC NOS
2978,PARANOID STATES NEC
04149,OTHER AND UNSPECIFIED ESCHERICHIA COLI [E. COLI]
87400,OPN WND LARYNX W TRACHEA
037,TETANUS
84849,SPRAIN OF STERNUM NEC
66884,ANESTH COMPL-POSTPARTUM
30553,OPIOID ABUSE-IN REMISS
05379,H ZOSTER COMPLICATED NEC
63502,LEG ABOR W PELV INF-COMP
2113,BENIGN NEOPLASM LG BOWEL
2381,UNC BEHAV NEO SOFT TISSU
2589,POLYGLANDUL DYSFUNC NOS
05440,HERPES SIMPLEX EYE NOS
0543,HERPETIC ENCEPHALITIS
9879,TOXIC EFF GAS/VAPOR NOS
0312,DMAC
24920,"SECONDARY DIABETES MELLITUS WITH HYPEROSMOLARITY, NOT STATED AS UNCONTROLLED, OR UNSPECIFIED"
94302,BURN NOS ELBOW
71189,INF ARTHRITIS NEC-MULT
5754,PERFORATION GALLBLADDER
56781,CHOLEPERITONITIS
V741,SCREENING-PULMONARY TB
64842,MENTAL DIS-DELIV W P/P
66614,POSTPART HEM NEC-POSTPAR
70706,"PRESSURE ULCER, ANKLE"
34603,"MIGRAINE WITH AURA, WITH INTRACTABLE MIGRAINE, SO STATED, WITH STATUS MIGRAINOSUS"
0498,VIRAL ENCEPHALITIS NEC
0478,VIRAL MENINGITIS NEC
94127,2ND DEG BURN FACE NEC
7239,NECK DISORDER/SYMPT NOS
34620,"VARIANTS OF MIGRAINE, NOT ELSEWHERE CLASSIFIED, WITHOUT MENTION OF INTRACTABLE MIGRAINE WITHOUT MENTION OF STATUS MIGRAINOSUS"
87353,OPEN WOUND LIP-COMPLICAT
V9032,RETAINED TOOTH
65133,TWIN PREG W/FETAL LOSS & RETENTION OF 1 FETUS ANTEPART
30081,SOMATIZATION DISORDER
9732,POIS-EMOLLIENT CATHARTIC
0840,FALCIPARUM MALARIA
E9292,LATE EFF ACC POISONING
5933,STRICTURE OF URETER
78059,SLEEP DISTURBANCES NEC
1125,DISSEMINATED CANDIDIASIS
2320,CA IN SITU SKIN LIP
72270,DISC DIS W MYELOPATH NOS
86101,HEART CONTUSION-CLOSED
23879,OTHER LYMPHATIC AND HEMATOPOIETIC TISSUES
E9291,LATE EFF TRANSPORT ACC
9148,SUPERFICIAL INJ HAND NEC
71984,JOINT DIS NEC-HAND
8932,OPEN WOUND TOE W TENDON
27906,COMMON VARIABL IMMUNODEF
82331,FX FIBULA SHAFT-OPEN
9558,INJ MULT NERVE SHLDR/ARM
81402,"FX LUNATE, WRIST-CLOSED"
94332,3RD DEG BURN ELBOW
3360,SYRINGOMYELIA
1129,CANDIDIASIS SITE NOS
44021,ATHEROSCLEROSIS EXT W/CLAUD
E8793,ABN REACT-SHOCK THERAPY
4732,CHR ETHMOIDAL SINUSITIS
V173,FAM HX-ISCHEM HEART DIS
7537,ANOMALIES OF URACHUS
42823,ACUTE ON CHRONIC SYSTOLIC HEART FAILURE
78261,PALLOR
37852,TOTAL THIRD NERVE PALSY
85205,SUBARACH HEM-DEEP COMA
86809,INTRA-ABDOM INJ NEC-CLOS
2395,OTHER GU NEOPLASM NOS
E8196,TRAFFIC ACC NOS-PED CYCL
V550,ATTEN TO TRACHEOSTOMY
1618,MALIGNANT NEO LARYNX NEC
1620,MALIGNANT NEO TRACHEA
5131,ABSCESS OF MEDIASTINUM
3552,FEMORAL NERVE LESION NEC
65453,CERV INCOMPET-ANTEPARTUM
3529,CRANIAL NERVE DIS NOS
99685,BONE MARROW TRANSPLANT COMPLICATION
27950,"GRAFT-VERSUS-HOST DISEASE, UNSPECIFIED"
94322,2ND DEG BURN ELBOW
7083,DERMATOGRAPHIC URTICARIA
79091,ABNORMAL ARTERIAL BLOOD GASES
80851,FRACTURE OF ILIUM-OPEN
E8313,BOAT ACC INJ NEC-PASSENG
5822,CHR MEMBRANOPROLIF NEPHR
29211,DRUG PARANOID STATE
1100,DERMATOPHYT SCALP/BEARD
7867,ABNORMAL CHEST SOUNDS
66401,DEL W 1 DEG LACERAT-DEL
3568,IDIO PERIPH NEURPTHY NEC
78604,CHEYNE-STOKES RESPIRATION
2230,BENIGN NEOPLASM KIDNEY
67624,BREAST ENGORGE-POSTPART
66704,RETAIN PLAC NOS-POSTPART
51283,CHRONIC PNEUMOTHORAX
34691,"MIGRAINE, UNSPECIFIED, WITH INTRACTABLE MIGRAINE, SO STATED, WITHOUT MENTION OF STATUS MIGRAINOSUS"
3082,"STRESS REACT, PSYCHOMOT"
E8616,ACC POISON-PAINTS NEC
94433,3RD DEG BURN MULT FINGER
9918,EFFECT REDUCED TEMP NEC
3016,DEPENDENT PERSONALITY
40410,"HYPERTENSIVE HEART AND CHRONIC KIDNEY DISEASE, BENIGN, WITHOUT HEART FAILURE AND WITH CHRONIC KIDNEY DISEASE STAGE I THROUGH STAGE IV, OR UNSPECIFIED"
52333,ACUTE PERIODONTITIS 
64973,"CERVICAL SHORTENING, ANTEPARTUM CONDITION OR COMPLICATION"
5529,"HERNIA, SITE NOS W OBSTR"
38915,"SENSORINEURAL HEARING LOSS, UNILATERAL"
80131,CL SKUL BASE FX W/O COMA
8793,OPN WND ANT ABDOMEN-COMP
86502,SPLEEN CAPSULAR TEAR
4719,NASAL POLYP NOS
E0091,ACTIVITY INVOLVING CALISTHENICS
30503,ALCOHOL ABUSE-IN REMISS
75313,"POLYCYSTIC KIDNEY, AUTOSOMAL DOMINANT"
E9447,ADV EFF URIC ACID METAB
44502,"ATHEROEMBOLISM, LOWER EXTREMITY"
9105,INSECT BITE HEAD-INFECT
86239,INTRATHORAC INJ NEC-OPEN
7949,ABN FUNCTION STUDY NEC
81259,FX LOWER HUMER NEC-OPEN
85191,OPN BRAIN LACER W/O COMA
80112,CL SKUL BASE FX-BRF COMA
78054,HYPERSOMNIA NEC
9053,LATE EFF FEMORAL NECK FX
6230,DYSPLASIA OF VAGINA
75450,TALIPES VARUS
5265,ALVEOLITIS OF JAW
86504,SPLEEN DISRUPTION-CLOS
07989,OTHER SPEC VIRAL INFECTION
E8137,MV-OTH VEH COLL-PEDEST
71597,OSTEOARTHROS NOS-ANKLE
67014,"PUERPERAL ENDOMETRITIS, POSTPARTUM CONDITION OR COMPLICATION"
71108,PYOGEN ARTHRITIS NEC
80150,OPEN SKULL BASE FRACTURE
8960,"AMPUTATION FOOT, UNILAT"
59589,CYSTITIS NEC
9670,POISONING-BARBITURATES
E851,ACC POISON-BARBITURATES
53130,ACUTE STOMACH ULCER NOS
V072,PROPHYLACT IMMUNOTHERAPY
71489,INFLAMM POLYARTHROP NEC
69272,SOLAR RADIATION DERMATITIS
80322,CL SKULL FX NEC-BRF COMA
08249,"EHRLICHIOSIS,OTHER"
6170,UTERINE ENDOMETRIOSIS
37610,"CHR INFLAM NOS, ORBIT"
94212,1ST DEG BURN CHEST WALL
67324,PULM EMBOL NOS-POSTPART
E8242,N-TRAF BRD/ALIGHT-MOCYCL
7848,HEMORRHAGE FROM THROAT
52800,"STOMATITIS AND MUCOSITIS, UNSPECIFIED"
43819,"LATE EFFECT CVA, OTHER SPEECH"
1760,KAPOSI'S SARCOMA-SKIN
38200,AC SUPP OTITIS MEDIA NOS
3869,VERTIGINOUS SYND NOS
49120,"OBSTRUCTIVE CHRONIC BRONCHITIS, W/O EXACERBATION"
3373,AUTONOMIC DYSREFLEXIA
75251,UNDESCENDED TESTIS
1723,MAL MELANOM FACE NEC/NOS
7286,CONTRACTED PALMAR FASCIA
1208,SCHISTOSOMIASIS NEC
52689,JAW DISEASE NEC
87365,OPEN WOUND OF PALATE
94534,3RD DEG BURN LOW LEG
80405,CL SKUL/OTH FX-DEEP COMA
0778,VIRAL CONJUNCTIVITIS NEC
E8699,ACC POISON-GAS/VAPOR NOS
9881,TOXIC EFFECT MUSHROOMS
E8655,ACC POISON-MUSHROOMS
4780,HYPERTRPH NASAL TURBINAT
94103,BURN NOS LIP
V1201,HX TUBERCULOSIS
5951,CHR INTERSTIT CYSTITIS
3331,TREMOR NEC
94301,BURN NOS FOREARM
E9581,"SUICIDE-BURN, FIRE"
8603,TRAUM HEMOTHORAX-OPEN
82534,"FX CUNEIFORM, FOOT-OPEN"
81393,FX RADIUS W ULNA NOS-OPN
82122,FX LOW FEMUR EPIPHY-CLOS
34540,"LOCALIZATION-RELATED (FOCAL) (PARTIAL) EPILEPSY AND EPILEPTIC SYNDROMES WITH COMPLEX PARTIAL SEIZURES, WITHOUT MENTION OF INTRACTABLE EPILEPSY"
80110,CL SKL BASE FX/CEREB LAC
2375,UNC BEH NEO BRAIN/SPINAL
9121,ABRASION SHLDR/ARM-INFEC
2982,REACTIVE CONFUSION
E9435,ADV EFF ANTIDIARRHEA AGT
51631,IDIOPATHIC PULMONARY FIBROSIS
E9792,TERRORISM-OTHER EXPLOSION AND FRAGMENTS
33385,SUBACUTE DYSKINESIA DUE TO DRUGS 
66944,OTH OB SURG COMPL-POSTPA
25062,NIDDM NEURO MANIF UNCONTROLLED
99665,"DUE TO OTHER GENITOURINARY DEVICE,IMPLANT AND GRAFT"
7540,CONG SKULL/FACE/JAW DEF
94519,1ST DEG BURN LEG-MULT
E9232,EXPLOSIVE GASES ACCIDENT
8053,FX DORSAL VERTEBRA-OPEN
86384,PANCREAS INJURY NOS-CLOS
5759,DIS OF GALLBLADDER NOS
74769,ANOMALY OTH PERIPH VASC SITE
2808,IRON DEFIC ANEMIA NEC
72290,DISC DIS NEC/NOS-UNSPEC
36602,POST SUBCAPS POL CATARCT
79901,ASPHYXIA
86321,DUODENUM INJURY-CLOSED
80156,OPN SKL BASE FX-COMA NOS
87202,OPN WOUND AUDITORY CANAL
53783,ANGIODYSPLASIA STOM/DUOD W/HEM
8221,FRACTURE PATELLA-OPEN
4557,THROMBOS HEMORRHOIDS NOS
27731,FAMILIAL MEDITERRANEAN FEVER 
80003,CL SKULL VLT FX-MOD COMA
71692,ARTHROPATHY NOS-UP/ARM
542,OTHER APPENDICITIS
78934,ABDOM/PELVIC SWELL/MASS LLQ
V6281,INTERPERSONAL PROBL NEC
7218,SPINAL DISORDERS NEC
1398,LATE EFF INFECT DIS NEC
4220,AC MYOCARDIT IN OTH DIS
1453,MALIG NEO SOFT PALATE
E9287,"ENVIRONMENTAL AND ACCIDENTAL CAUSES, MECHANISM OR COMPONENT OF FIREARM AND AIR GUN"
6236,VAGINAL HEMATOMA
94504,BURN NOS LOWER LEG
1340,MYIASIS
7945,ABN THYROID FUNCT STUDY
71191,INF ARTHRITIS NOS-SHLDER
9403,ACID BURN CORNEA/CONJUNC
E9885,UNDET CIRC-MOT VEH CRASH
E8382,WATERCRAFT ACC NEC-CREW
E0054,ACTIVITIES INVOLVING CHEERLEADING
56984,ANGIODYSPLASIA
2850,SIDEROBLASTIC ANEMIA
5206,TOOTH ERUPTION DISTURB
30481,COMB DRUG DEP NEC-CONTIN
72664,PATELLAR TENDINITIS
33391,STIFF-MAN SYNDROME
20501,ACUTE MYELOID LEUK-IN REMISS
82139,FX LOW END FEMUR NEC-OPN
1960,MAL NEO LYMPH-HEAD/NECK
78092,EXCESSIVE CRYING OF INFANT (BABY)
31501,ALEXIA
53290,DUODENAL ULCER NOS
2165,BENIGN NEO SKIN TRUNK
37273,CONJUNCTIVAL EDEMA
3077,ENCOPRESIS
4281,LEFT HEART FAILURE
80116,CL SKUL BASE FX-COMA NOS
8671,BLADDER/URETHRA INJ-OPEN
86813,PERITONEUM INJURY-OPEN
7592,ENDOCRINE ANOMALY NEC
71509,GENERAL OSTEOARTHROSIS
20287,LYMPHOMAS NEC SPLEEN
67323,PULM EMBOL NOS-ANTEPART
80621,T1-T6 FX-CL/COM CORD LES
45387,ACUTE VENOUS EMBOLISM AND THROMBOSIS OF OTHER THORACIC VEINS
72613,PARTIAL TEAR OF ROTATOR CUFF
0792,COXSACKIE VIRUS INF NOS
9620,POIS-CORTICOSTEROIDS
67521,MASTITIS-DELIVERED
55120,GANGR VENTRAL HERNIA NOS
5967,BLADDER WALL HEMORRHAGE
56739,OTHER RETROPERITONEAL INFECTIONS
92710,CRUSHING INJURY FOREARM
99651,CORNEAL GRFT MALFUNCTION
25063,IDDM NEURO MANIF UNCONTROLLED
5563,ULCERATIVE PROCTOSIGMOIDITIS
69589,ERYTHEMATOUS COND NEC
94112,1ST DEG BURN EYE
1460,MALIGNANT NEOPL TONSIL
53011,REFLUX ESOPHAGITIS
E8900,PRIVAT DWELL FIRE-EXPLOS
6953,ROSACEA
2701,PHENYLKETONURIA &PKU&
29595,SCHIZOPHRENIA NOS-REMISS
9710,POIS-PARASYMPATHOMIMETIC
25022,NIDDM W/HYPEROSM COMA UNCONTR
09953,CHLAMYDIA TRACHOMATIS LOWER GU
33379,OTHER ACQUIRED TORSION DYSTONIA 
83652,POST DISL PROX TIBIA-CL
79921,NERVOUSNESS
56031,GALLSTONE ILEUS
67133,DEEP VEIN THROMB-ANTEPAR
74764,LOWER LIMB VESSEL ANOMALY
04181,MYCOPLASMA
E9484,ADV EFF TETANUS VACCINE
V604,NO FAMILY ABLE TO CARE
64793,INFECT NOS-ANTEPARTUM
17390,"UNSPECIFIED MALIGNANT NEOPLASM OF SKIN, SITE UNSPECIFIED"
E8204,SNOW VEH ACC-ST CAR
260,PROTEIN MALNUTRITION
V0259,CARRIER OR SUSPIC OF OTHER SPEC BACT
9984,FB LEFT DURING PROCEDURE
1514,MAL NEO STOMACH BODY
8430,SPRAIN ILIOFEMORAL
94405,BURN NOS PALM
11281,CANDIDAL ENDOCARDITIS
4131,PRINZMETAL ANGINA
38860,OTORRHEA NOS
9470,BURN OF MOUTH & PHARYNX
9279,CRUSHING INJURY ARM NOS
34404,QUADRIPLEGIA C5-C7 INCOMPLETE
0919,SECONDARY SYPHILIS NOS
3526,MULT CRANIAL NERVE PALSY
51902,MECHANICAL COMPLIC OF TRACHEOSTOMY
37855,EXTERNAL OPHTHALMOPLEGIA
71653,POLYARTHRIT NOS-FOREARM
71657,POLYARTHRITIS NOS-ANKLE
87279,OPEN WOUND EAR NEC-COMPL
4351,VERTEBRAL ARTERY SYNDROM
80610,C1-C4 FX-OP/CORD INJ NOS
5966,"BLADDER RUPT, NONTRAUM"
V411,EYE PROBLEMS NEC
90454,INJ POST TIBIAL VEIN
9897,TOX EFF AFLATOX/MYCOTOX
9580,AIR EMBOLISM
94300,BURN NOS ARM-UNSPEC
30490,DRUG DEPEND NOS-UNSPEC
7517,PANCREAS ANOMALIES
80142,CL SKUL BASE FX-BRF COMA
9103,BLISTER HEAD-INFECTED
E8012,RR COLL W OTH OBJ-PEDEST
73316,PATH FX TIBIA OR FIBULA
3519,FACIAL NERVE DIS NOS
2798,IMMUNE MECHANISM DIS NEC
37730,OPTIC NEURITIS NOS
4411,RUPTUR THORACIC ANEURYSM
4588,OTHER SPECIFIED HYPOTENSION
35781,CHRONIC INFLAMMATORY DEMYELINATING POLYNEURITIS
5565,LEFT SIDED ULCERATIVE COLITIS
30747,SLEEP STAGE DYSFUNC NEC
E848,OTH VEHICLE ACC NEC
36845,GEN VISUAL CONTRACTION
9896,TOXIC EFF SOAP/DETERGENT
E8611,ACC POISON-SOAP PRODUCTS
3101,ORGANIC PERSONALITY SYND
1950,MAL NEO HEAD/FACE/NECK
67384,PULMON EMBOL NEC-POSTPAR
71233,CHONDROCALC NOS-FOREARM
73022,OSTEOMYELITIS NOS-UP/ARM
33529,MOTOR NEURON DISEASE NEC
80843,MULTIPLE CLOSED PELVIC FRACTURES WITH DISRUPTION OF PELVIC CIRCLE
78962,ABDOMINAL TENDERNESS LUQ
1531,MAL NEO TRANSVERSE COLON
94313,1ST DEG BURN UPPER ARM
64933,"COAGULATION DEFECTS COMPLICATING PREGNANCY, CHILDBIRTH, OR THE PUERPERIUM, ANTEPARTUM CONDITION OR COMPLICATION"
3551,MERALGIA PARESTHETICA
22801,HEMANGIOMA SKIN
64873,BONE DISORDER-ANTEPARTUM
E8216,OTH OFF-ROAD MV-PED CYCL
80223,FX CORON PROC MANDIB-CL
94515,1ST DEG BURN KNEE
E8913,FIRE IN BLDG-BURNING
20023,BURKITT'S TUMOR ABDOM
5995,PROLAPSE URETHRAL MUCOSA
4294,HRT DIS POSTCARDIAC SURG
V1551,PERSONAL HISTORY OF TRAUMATIC FRACTURE
94329,2ND DEG BURN ARM-MULT
94221,2ND DEG BURN BREAST
94810,10-19% BDY BRN/3 DEG NOS
E8930,CLOTHING FIRE-PRIV DWELL
65493,ABN PELV ORG NOS-ANTEPAR
9764,POISON-HAIR/SCALP PREP
36217,RETINAL VARICES
5374,GASTRIC/DUODENAL FISTULA
17371,"BASAL CELL CARCINOMA OF SKIN OF LOWER LIMB, INCLUDING HIP"
17331,BASAL CELL CARCINOMA OF SKIN OF OTHER AND UNSPECIFIED PARTS OF FACE
84209,SPRAIN OF WRIST NEC
30120,SCHIZOID PERSONALITY NOS
7639,COMPL DELIV NOS AFF NB
43331,OCCLUS MULT/BIL ART W/INFARCT
1707,MAL NEO LONG BONES LEG
36320,CHORIORETINITIS NOS
38635,VIRAL LABYRINTHITIS
3209,BACTERIAL MENINGITIS NOS
V2503,ENC. FOR ER CONTRACEP. COUNSEL AND PRESCRIP.
56721,PERITONITIS (ACUTE) GENERALIZED
4941,BRONCHIECTASIS WITH ACUTE EXACERBATION
30082,UNDIF SOMATOFORM DISORDER
81219,FX UPPER HUMERUS NEC-OPN
45183,PHLEBITIS DEEP VEINS UE
61650,ULCERATION OF VULVA NOS
E8062,RR ACC NEC-PEDESTRIAN
2535,DIABETES INSIPIDUS
3316,CORTICOBASAL DEGENERATION
V0171,CONTACT OR EXPOSURE TO VARICELLA
36813,VISUAL DISCOMFORT
43301,OCCLUS BASILAR ART W/INFARCT
2468,DISORDERS OF THYROID NEC
58081,AC NEPHRITIS IN OTH DIS
0463,PROG MULTIFOC LEUKOENCEP
9519,INJURY CRANIAL NERVE NOS
07810,VIRAL WARTS NOS
1808,MALIG NEO CERVIX NEC
07041,HEPATITIS C W/COMA
6804,CARBUNCLE OF HAND
53082,ESOPHAGEAL HEMORRHAGE
E9057,POISONING BY OTHER PLANT
E9883,UNDETERM CIRC-EXTRM COLD
75563,CONG HIP DEFORMITY NEC
3312,SENILE DEGENERAT BRAIN
37142,RECURRENT CORNEA EROSION
5791,TROPICAL SPRUE
88010,OPEN WND SHOULDER-COMPL
1173,ASPERGILLOSIS
E9424,ADV EFF CORONARY VASODIL
72190,SPONDYLOS NOS W/O MYELOP
9569,INJ NERVE PELV/LEG NOS
94108,BURN NOS NECK
V189,"FAMILY HISTORY, GENETIC DISEASE CARRIER"
37234,PINGUECULITIS
V1060,HX OF LEUKEMIA NOS
71917,HEMARTHROSIS-ANKLE
1624,MAL NEO MIDDLE LOBE LUNG
E9804,UNDET POIS-MED AGNT NEC
79922,IRRITABILITY
29580,SCHIZOPHRENIA NEC-UNSPEC
2732,PARAPROTEINEMIA NEC
37530,DACRYOCYSTITIS NOS
5227,PERIAPICAL ABSC W SINUS
32361,INFECTIOUS ACUTE DISSEMINATED ENCEPHALOMYELITIS (ADEM)
5812,MEMBRANOPROLIF NEPHROSIS
E8714,POSTENDOSCOPY FORGN BODY
86800,INTRA-ABDOM INJ NOS-CLOS
30150,HISTRIONIC PERSON NOS
86131,LUNG CONTUSION-OPEN
9991,AIR EMBOL COMP MED CARE
E0078,"ACTIVITIES INVOLVING PHYSICAL GAMES GENERALLY ASSOCIATED WITH SCHOOL RECESS, SUMMER CAMP AND CHILDREN"
4920,EMPHYSEMATOUS BLEB
3051,TOBACCO USE
71234,CHONDROCALCIN NOS-HAND
7324,JUV OSTEOCHONDROSIS LEG
7142,SYST RHEUM ARTHRITIS NEC
73004,AC OSTEOMYELITIS-HAND
53087,MECHANICAL COMPLICATION OF ESOPHAGOSTOMY
2168,BENIGN NEOPLASM SKIN NEC
E0103,ACTIVITY INVOLVING PILATES
E8232,OTH COLL STND OBJ-MOCYCL
20070,"LARGE CELL LYMPHOMA, UNSPECIFIED SITE, EXTRANODAL AND SOLID ORGAN SITES"
71689,ARTHROPATHY NEC-MULT
71834,RECUR DISLOCAT-HAND
E8642,ACC POISN-CAUSTIC ALKALI
4479,ARTERIAL DISEASE NOS
75459,CONG VARUS FOOT DEF NEC
3438,CEREBRAL PALSY NEC
7538,CYSTOURETHRAL ANOM NEC
587,"RENAL SCLEROSIS, UNSPECIFIED"
62130,"ENDOMETRIAL HYPERPLASIA, UNSPECIFIED"
79009,"ABNORMALITY OF RED BLOOD CELLS,OTHER"
E8653,ACC POISON-BERRIES/SEEDS
6111,HYPERTROPHY OF BREAST
85252,EXTRADUR HEM-BRIEF COMA
0844,MALARIA NEC
95215,T7-T12 SPIN CORD INJ NOS
71593,OSTEOARTHROS NOS-FOREARM
81012,FX CLAVICLE SHAFT-OPEN
5306,ACQ ESOPHAG DIVERTICULUM
72273,LUMB DISC DIS W MYELOPAT
2693,MINERAL DEFICIENCY NEC
31289,OTH SPEC CONDUCT DISORD NEC
28653,ANTIPHOSPHOLIPID ANTIBODY WITH HEMORRHAGIC DISORDER
2354,UNC BEHAV NEO PERITONEUM
2763,ALKALOSIS
34650,"PERSISTENT MIGRAINE AURA WITHOUT CEREBRAL INFARCTION, WITHOUT MENTION OF INTRACTABLE MIGRAINE WITHOUT MENTION OF STATUS MIGRAINOSUS"
9915,CHILBLAINS
94408,BURN NOS HAND-MULTIPLE
44323,DISSECTION OF RENAL ARTERY
99741,RETAINED CHOLELITHIASIS FOLLOWING CHOLECYSTECTOMY
23773,SCHWANNOMATOSIS
83969,DISLOCAT SITE NEC-CLOSED
V642,NO PROC/PATIENT DECISION
01194,PULMON TB NOS-CULT DX
3100,FRONTAL LOBE SYNDROME
30393,ALCOH DEP NEC/NOS-REMISS
9249,CONTUSION NOS
2662,B-COMPLEX DEFIC NEC
80065,OPN SKL VLT FX-DEEP COMA
E9109,ACCIDENTAL DROWNING NOS
E9190,MACHINE ACCID-AGRICULT
78831,URGE INCONTINENCE
78969,ABDOMINAL TENDERNESS OTH SITE
30015,DISSOCIATIVE REACT NOS
1764,KAPOSI'S SARCOMA-LUNG
94117,1ST DEG BURN FACE NEC
73341,ASEPTIC NECROSIS HUMERUS
2899,BLOOD DISEASE NOS
35971,INCLUSION BODY MYOSITIS
30742,PERSISTENT INSOMNIA
3638,DISORDERS OF CHOROID NEC
8788,OPEN WOUND GENITAL NEC
63402,SPON ABOR W PEL INF-COMP
1481,MAL NEO PYRIFORM SINUS
V078,OTHER SPECIFIED PROPHYLACTIC OR TREATMENT MEASURE
V1090,PERSONAL HISTORY OF UNSPECIFIED MALIGNANT NEOPLASM
81410,FX CARPAL BONE NOS-OPEN
80056,OPN SKUL VLT FX-COMA NOS
66541,HIGH VAGINAL LACER-DELIV
2390,DIGESTIVE NEOPLASM NOS
7226,DISC DEGENERATION NOS
47400,CHRONIC TONSILLITIS
27788,TUMOR LYSIS SYNDROME
3014,COMPULSIVE PERSONALITY
8716,PENETRAT FB NEC EYE
27501,HEREDITARY HEMOCHROMATOSIS
E8212,OTH OFF-ROAD MV-MOCYCL
72401,SPINAL STENOSIS-THORACIC
81314,FX UP ULNA NEC/NOS-OPEN
2980,REACT DEPRESS PSYCHOSIS
1902,MAL NEO LACRIMAL GLAND
V1053,"PERSONAL HISTORY OF MALIGNANT NEOPLASM, RENAL PELVIS"
7514,INTESTINAL FIXATION ANOM
V703,MED EXAM NEC-ADMIN PURP
5809,ACUTE NEPHRITIS NOS
63401,SPON ABOR W PELV INF-INC
94229,2ND DEG BURN TRUNK NEC
48801,INFLUENZA DUE TO IDENTIFIED AVIAN INFLUENZA VIRUS WITH PNEUMONIA
71837,RECUR DISLOCAT-ANKLE
E8530,ACC POIS-PHENTHIAZ TRANQ
0993,REITER'S DISEASE
2102,BEN NEO MAJOR SALIVARY
5369,STOMACH FUNCTION DIS NOS
20979,SECONDARY NEUROENDOCRINE TUMOR OF OTHER SITES
80625,T7-T12 FX-CL/CRD INJ NOS
9169,SUPERF INJ LEG NEC-INFEC
9042,INJURY FEMORAL VEIN
9048,INJURY LEG VESSEL NOS
65414,UTERINE TUMOR-POSTPARTUM
V1085,HX OF BRAIN MALIGNANCY
72619,ROTATOR CUFF DIS NEC
62931,EROSION OF IMPLANTED VAGINAL MESH AND OTHER PROSTHETIC MATERIALS TO SURROUNDING ORGAN OR TISSUE
36810,SUBJ VISUAL DISTURB NOS
94124,2ND DEG BURN CHIN
78440,"VOICE AND RESONANCE DISORDER, UNSPECIFIED"
7483,LARYNGOTRACH ANOMALY NEC
E8554,ACC POISN-ANTICHOLINERG
2726,LIPODYSTROPHY
92721,CRUSHING INJURY OF WRIST
07819,OTHER SPECIFIED VIRAL WARTS
78343,SHORT STATURE(IN CHILDHOOD)
E0062,ACTIVITIES INVOLVING GOLF
37815,ALTERNATING EXOTROPIA
9683,POISON-INTRAVEN ANESTHET
9736,POISONING-EMETICS
9753,POISON-MUSCLE AGENT NEC
V019,COMMUNIC DIS CONTACT NOS
30502,ALCOHOL ABUSE-EPISODIC
94232,3RD DEG BURN CHEST WALL
94811,10-19% BDY BRN/10-19% 3D
E9174,OTHER STATIONARY OBJECT WITHOUT FALL
E8531,ACC POIS-BUTYRPHEN TRANQ
1459,MALIG NEOPLASM MOUTH NOS
E8299,OTH RD VEH ACC-PERS NOS
37919,DISORDER OF SCLERA NEC
7424,BRAIN ANOMALY NEC
20240,HAIRY-CELL LEUKEM UNSPEC
2111,BENIGN NEOPLASM STOMACH
78603,APNEA
3574,NEUROPATHY IN OTHER DIS
E892,FIRE NOT IN BUILDING
37242,PERIPH PROGESS PTERYGIUM
73711,RADIATION KYPHOSIS
72742,GANGLION OF TENDON
8405,SPRAIN SUBSCAPULARIS
V1084,HX OF EYE MALIGNANCY
71900,JOINT EFFUSION-UNSPEC
V5399,"FITTING & ADJUSTMENT, OTHER DEVICE"
44629,OTHER SPECIFIED HYPERSENSITIVITY ANGIITIS
1458,MALIG NEOPLASM MOUTH NEC
86345,RECTUM INJURY-CLOSED
9664,POIS-ANTI-PARKINSON DRUG
1110,PITYRIASIS VERSICOLOR
5064,FUM/VAPOR CHR RESP COND
262,OTHER SEVERE PROTEIN-CALORIE MALNUTRITION
30282,VOYEURISM
92702,CRUSH INJ AXILLARY REG
88019,MULT OPN WND SHOULD-COMP
36920,"LOW VISION, 2 EYES NOS"
94820,20-29% BDY BRN/3 DEG NOS
9768,POIS-SKIN/MEMBR AGNT NEC
64892,OTH CURR COND-DEL W P/P
E9177,FURNITURE WITH FALL
2730,POLYCLON HYPERGAMMAGLOBU
44024,ATHEROSCLEROSIS EXT W/GANGRENE
4295,CHORDAE TENDINAE RUPTURE
2940,AMNESTIC SYNDROME
2450,ACUTE THYROIDITIS
0341,SCARLET FEVER
5561,ULCERATIVE ILEOCOLITIS
37739,OPTIC NEURITIS NEC
4375,MOYAMOYA DISEASE
07049,OTHER VIRAL HEPATITIS W/COMA
E0081,ACTIVITIES INVOLVING WRESTLING
85224,SUBDURAL HEM-PROLNG COMA
86513,SPLEEN PARNCHYM LAC-OPN
64123,PREM SEPAR PLAC-ANTEPART
36231,CENT RETINA ARTERY OCCLU
1368,INFECT/PARASITE DIS NEC
69018,OTHER SEBORRHEIC DERMATITIS
8872,"AMPUT ABV ELBOW, UNILAT"
36281,RETINAL HEMORRHAGE
30746,SOMNAMBULISM/NGHT TERROR
E9329,ADV EFF HORMONES NEC/NOS
4650,ACUTE LARYNGOPHARYNGITIS
E9009,EXCESSIVE HEAT NOS
80853,MULTIPLE OPEN PELVIC FRACTURES WITH DISRUPTION OF PELVIC CIRCLE
4841,PNEUM W CYTOMEG INCL DIS
E9389,ADV EFF LOC ANES NEC/NOS
3589,MYONEURAL DISORDERS NOS
3336,GENETIC TORSION DYSTONIA 
7289,MUSCLE/LIGAMENT DIS NOS
95892,TRAUMATIC COMPARTMENT SYNDROME OF LOWER EXTREMITY
E0033,ACTIVITIES INVOLVING CROSS COUNTRY SKIING
9709,POIS-CNS STIMULANT NOS
72630,ELBOW ENTHESOPATHY NOS
17330,UNSPECIFIED MALIGNANT NEOPLASM OF SKIN OF OTHER AND UNSPECIFIED PARTS OF FACE
E8146,MV COLL W PED-PED CYCL
44322,DISSECTION OF ILIAC ARTERY
E9343,ADV EFF VITAMIN K
9617,POISONING-ANTIVIRAL DRUG
9132,BLISTER FOREARM
9913,FROSTBITE NEC/NOS
6214,HEMATOMETRA
85175,OPN CEREBE LAC-DEEP COMA
34882,BRAIN DEATH
2448,ACQUIRED HYPOTHYROID NEC
8442,SPRAIN CRUCIATE LIG KNEE
E8322,SUBMERS NEC-CREW
E8841,FALL FROM CLIFF
71909,JOINT EFFUSION-MULT JTS
0987,GC INFECT ANUS & RECTUM
09952,CHLAMYDIA TRACH ANUS/RECTUM
E8342,WATERCRAFT FALL NEC-CREW
6159,UTERINE INFLAM DIS NOS
71686,ARTHROPATHY NEC-L/LEG
71687,ARTHROPATHY NEC-ANKLE
87323,OPEN WOUND NASAL SINUS
7179,INT DERANGEMENT KNEE NOS
80842,FRACTURE ISCHIUM-CLOSED
6031,INFECTED HYDROCELE
V4986,DO NOT RESUSCITATE STATUS
37484,CYSTS OF EYELIDS
5063,FUM/VAP AC RESP COND NEC
79419,ABN PERIPH NERV STUD NEC
9928,HEAT EFFECT NEC
71912,HEMARTHROSIS-UP/ARM
7924,ABN FINDINGS-SALIVA
31230,IMPULSE CONTROL DIS NOS
86409,LIVER INJURY NEC-CLOSED
83906,DISLOC 6TH CERV VERT-CL
87271,OPEN WND EAR DRUM-COMPL
9283,CRUSHING INJURY TOE
2739,DIS PLAS PROTEIN MET NOS
52475,VERTICAL DISPLACEMENT OF ALVEOLUS AND TEETH
4429,ANEURYSM NOS
4242,NONRHEUM TRICUSP VAL DIS
53440,CHR MARGINAL ULCER W HEM
30720,TIC DISORDER NOS
29665,"BIPOL AFF, MIX-PART REM"
S01312A,"Laceration without foreign body of left ear, init encntr"
W01190A,"Fall same lev from slip/trip w strike agnst furniture, init"
R270,"Ataxia, unspecified"
1609,MAL NEO ACCESS SINUS NOS
82340,"TORUS FRACTURE,TIBIA ALONE"
67404,CEREBROVASC DIS-POSTPART
7935,NONSPECIFIC (ABNORMAL) FINDINGS ON RADIOLOGICAL AND OTHER EXAMINATION OF GENITOURINARY ORGANS
1622,MALIG NEO MAIN BRONCHUS
11284,CANDIDAL ESOPHAGITIS
73310,PATHOLOGIC FX UNSPECIFIED SITE
60499,ORCHITIS/EPIDIDYMIT NEC
6289,FEMALE INFERTILITY NOS
V712,OBSERV-SUSPECT TB
86404,"LIVER LACERATION, MAJOR"
48241,METHICILLIN SUSCEPTIBLE PNEUMONIA DUE TO STAPHYLOCOCCUS AUREUS
20412,"CHRONIC LYMPHOID LEUKEMIA, IN RELAPSE"
7321,JUV OSTEOCHONDROS PELVIS
9831,TOXIC EFFECT ACIDS
E8641,ACC POISON-ACIDS
71981,JOINT DIS NEC-SHLDER
81406,FX TRAPEZOID BONE-CLOSED
20010,LYMPHOSARCOMA UNSPEC
94123,2ND DEG BURN LIP
94129,2ND DEG BURN HEAD-MULT
78469,SYMBOLIC DYSFUNCTION NEC
E9334,ADV EFF ENZYMES NEC
80050,OPN SKULL VAULT FRACTURE
28861,LYMPHOCYTOSIS (SYMPTOMATIC) 
20071,"LARGE CELL LYMPHOMA, LYMPH NODES OF HEAD, FACE, AND NECK"
80160,OP SKL BASE FX/CEREB LAC
66131,PRECIPITATE LABOR-DELIV
81513,FX METACARPAL SHAFT-OPEN
E9685,TRANSPORT VEHICLE
E0069,OTHER ACTIVITY INVOLVING OTHER SPORTS AND ATHLETICS PLAYED INDIVIDUALLY
73321,SOLITARY BONE CYST
20929,MALIGNANT CARCINOID TUMOR OF OTHER SITES
V8301,ASTYMPTOMATIC HEMOPHILIA A CARRIER
4243,PULMONARY VALVE DISORDER
37724,PSEUDOPAPILLEDEMA
4404,CHRONIC TOTAL OCCLUSION OF ARTERY OF THE EXTREMITIES
5309,ESOPHAGEAL DISORDER NOS
79959,OTHER SIGNS AND SYMPTOMS INVOLVING COGNITION
64623,RENAL DIS NOS-ANTEPARTUM
63510,LEGAL ABOR W HEMORR-UNSP
73629,ACQ FINGER DEFORMITY NEC
27540,UNSPEC CACIUM METAB DISORDER
9136,FOREIGN BODY FOREARM
94403,BURN NOS MULT FINGERS
04119,OTHER STAPHYLOCOCCUS
E9238,EXPLOSIVES ACCIDENT NEC
9942,EFFECTS OF HUNGER
E9041,LACK OF FOOD
36442,RUBEOSIS IRIDIS
29990,CHILD PSYCHOS NOS-ACTIVE
29654,BIPOL DEPR-SEV W PSYCH
6267,POSTCOITAL BLEEDING
5271,SALIVARY GLND HYPRTROPHY
9766,POISON-ENT PREPARATION
94513,1ST DEG BURN ANKLE
20030,"MARGINAL ZONE LYMPHOMA, UNSPECIFIED SITE, EXTRANODAL AND SOLID ORGAN SITES"
42833,ACUTE ON CHRONIC DIASTOLIC HEART FAILURE
7815,CLUBBING OF FINGERS
1572,MAL NEO PANCREAS TAIL
7942,ABN PULMONARY FUNC STUDY
2138,BEN NEO BONES ANKLE/FOOT
78833,MIXED INCONTINENCE
6948,BULLOUS DERMATOSES NEC
E9370,ADV EFF BARBITURATES
71959,JT STIFFNESS NEC-MULT JT
46410,AC TRACHEITIS NO OBSTRUC
90453,INJ POST TIBIAL ARTERY
V5350,FITTING AND ADJUSTMENT OF INTESTINAL APPLIANCE AND DEVICE
44020,UNSPEC ATHEROSCLEROSIS-EXT
V558,ATTN TO ARTIF OPEN NEC
94521,2ND DEG BURN TOE
81252,"FX HUMER, LAT CONDYL-OPN"
9228,MULTIPLE CONTUSION TRUNK
20301,MULTIPLE MYELOMA-IN REMISSION
49321,CHRONIC ASTHMA W/COPD W/STAT ASTHM
6310,INAPPROPRIATE CHANGE IN QUANTITATIVE HUMAN CHORIONIC GONADOTROPIN (HCG) IN EARLY PREGNANCY
27489,GOUT W MANIFESTATION NEC
2891,CHRONIC LYMPHADENITIS
1255,MANSONELLA OZZARDI INFEC
34511,GEN CONVULSIVE EPILEPSY WITH INTRACTABLE EPILEPSY
E8200,SNOW VEH ACC-DRIVER
2638,PROTEIN-CAL MALNUTR NEC
4919,CHRONIC BRONCHITIS NOS
86403,"LIVER LACERATION, MOD"
E8268,PED CYCLE ACC-PERS NEC
61801,"CYSTOCELE, MIDLINE"
5269,JAW DISEASE NOS
73329,BONE CYST NEC
36130,RETINAL DEFECT NOS
34681,"OTHER FORMS OF MIGRAINE, WITH INTRACTABLE MIGRAINE, SO STATED, WITHOUT MENTION OF STATUS MIGRAINOSUS"
94319,1ST DEG BURN ARM-MULT
2391,RESPIRATORY NEOPLASM NOS
66984,COMPL DELIV NEC-POSTPART
66404,DEL W 1 DEG LAC-POSTPART
E9870,UNDET CIRC-FALL RESIDENC
4560,ESOPHAG VARICES W BLEED
9099,LATE EFF EXTER CAUSE NEC
2827,HEMOGLOBINOPATHIES NEC
83819,DISLOCAT FOOT NEC-OPEN
55093,RECUR BILAT INGUIN HERN
3593,FAMIL PERIODIC PARALYSIS
51883,CHRONIC RESPIRATORY FAILURE
1986,SECOND MALIG NEO OVARY
47879,DISEASE OF LARYNX NEC
04184,OTHER ANAEROBE INFECTION
64841,MENTAL DISORDER-DELIVER
83210,DISLOCAT ELBOW NOS-OPEN
80227,FX ALVEOLAR BORD MAND-CL
4400,AORTIC ATHEROSCLEROSIS
7359,ACQ DEFORMITY OF TOE NOS
78935,ABDOM/PELV SWELL/MASS PERIUMBIL
9627,POISONING-THYROID/DERIV
4011,BENIGN HYPERTENSION
2388,UNCERT BEHAVIOR NEO NEC
99654,BREAST PRSTHESIS MALFUNC
80420,CL SKL/OTH FX/MENING HEM
85141,CEREBELL CONTUS W/O COMA
6983,LICHENIFICATION
29641,"BIPOLAR AFF, MANIC-MILD"
4371,AC CEREBROVASC INSUF NOS
75650,OSTEODYSTROPHY NOS
V6282,"BEREAVEMENT, UNCOMPLICAT"
E9674,CHILD/ADULT ABUSE BY CHILD
86222,ESOPHAGUS INJURY-CLOSED
99641,MECHANICAL LOOSENING OF PROSTHETIC JOINT
24990,"SECONDARY DIABETES MELLITUS WITH UNSPECIFIED COMPLICATION, NOT STATED AS UNCONTROLLED, OR UNSPECIFIED"
82533,FX CUBOID-OPEN
5286,LEUKOPLAKIA ORAL MUCOSA
1714,MAL NEO SOFT TIS THORAX
82390,FX TIBIA NOS-OPEN
20511,CHRONIC MYELOID LEUK-IN REMISS
80146,CL SKUL BASE FX-COMA NOS
E8381,WATERCRAFT ACC NEC-POWER
E9677,CHILD/ADULT AB-OTHR RELATIVE
75610,ANOMALY OF SPINE NOS
0701,HEPATITIS A W/O COMA
6390,POSTABORTION GU INFECT
78341,FAILURE TO THRIVE (IN CHILDHOOD)
9808,TOXIC EFFECT ALCOHOL NEC
E8608,ACC POISON-ALCOHOL NEC
V2382,"SUPERVISION, HIGH RISK PREGN-ELDER MULTIGRAV"
20923,MALIGNANT CARCINOID TUMOR OF THE STOMACH
E9301,ADV EFF ANTIFUNG ANTBIOT
7283,MUSCLE DISORDERS NEC
80176,OPN SKL BASE FX-COMA NOS
64614,EDEMA/EXCESS WT IN PREG-POSTPARTUM
7816,MENINGISMUS
9057,LATE EFFEC SPRAIN/STRAIN
84501,SPRAIN OF ANKLE DELTOID
85223,SUBDURAL HEMORR-MOD COMA
E8694,SECOND-HAND TOBACCO SMOKE
6970,LICHEN PLANUS
72691,"EXOSTOSIS, SITE NOS"
28261,HB-SS DISEASE W/O CRISIS
59989,OTHER DISORDER-URINARY TRACT
4162,CHRONIC PULMONARY EMBOLISM
2166,BENIGN NEO SKIN ARM
1270,ASCARIASIS
E9231,BLASTING MATERIALS ACCID
98982,TOXIC EFFECT OF LATEX
E8263,PED CYC ACC-OCC ANIM VEH
V0489,"PROPHYLACTIC VACCINE AND INNOC., OTH.VIRAL"
36811,SUDDEN VISUAL LOSS
4421,RENAL ARTERY ANEURYSM
5765,SPASM SPHINCTER OF ODDI
29043,ARTERIOSCLER DEPRESSIVE
9509,INJ OPTIC NERV/PATH NOS
82311,FX UPPER END FIBULA-OPEN
81312,FX CORONOID PRO ULNA-OPN
94335,3RD DEG BURN SHOULDER
30403,OPIOID DEPENDENCE-REMISS
E9335,ADV EFF VITAMINS NEC
71886,JT DERANGEMENT NEC-L/LEG
3859,DIS MID EAR/MASTOID NOS
V431,LENS REPLACEMENT NEC
E9100,WATER-SKIING ACCIDENT
E8708,ACC CUT IN MED CARE NEC
E9493,ADV EFF YELLOW FEVER VAC
53350,CHR PEPTIC ULCER W PERF
37274,CONJUNCTIVA VASC ANOMALY
E9281,EXPOSURE TO NOISE
5080,AC PUL MANIF D/T RADIAT
71651,POLYARTHRITIS NOS-SHLDER
4613,AC SPHENOIDAL SINUSITIS
8742,OPEN WOUND THYROID GLAND
1533,MAL NEO SIGMOID COLON
2913,ALCOHOL HALLUCINOSIS
3541,MEDIAN NERVE LESION NEC
V6549,SPECIFIED COUNSELING
V2541,CONTRACEPT PILL SURVEILL
42820,"SYSTOLIC HEART FAIL, UNSPEC"
9402,ALKAL BURN CORNEA/CONJUN
86512,SPLEEN CAPSULAR TEAR-OPN
71915,HEMARTHROSIS-PELVIS
29382,ORGANIC HALLUCINOSIS SYN
85146,CEREBELL CONTUS-COMA NOS
71196,INF ARTHRIT NOS-L/LEG
04100,STREPTOCOCCUS UNSPECIFIED
71533,LOC OSTEOART NOS-FOREARM
1834,MALIG NEO PARAMETRIUM
37202,AC FOLLIC CONJUNCTIVITIS
7915,GLYCOSURIA
71645,TRANS ARTHROPATHY-PELVIS
7836,POLYPHAGIA
E9473,ADV EFF ALCOHOL DETER
59000,CHR PYELONEPHRITIS NOS
9340,FOREIGN BODY IN TRACHEA
38619,PERIPHERAL VERTIGO NEC
53310,AC PEPTIC ULCER W PERFOR
44401,SADDLE EMBOLUS OF ABDOMINAL AORTA
E8659,ACC POISN-FOOD/PLANT NOS
7249,BACK DISORDER NOS
30022,AGORAPHOBIA W/O PANIC
E9554,SUICIDE-FIREARM NEC
0862,CHAGAS DISEASE NOS
9348,FB TRACH/BRONCH/LUNG NEC
71698,ARTHROPATHY NOS-OTH SITE
81300,FX UPPER FOREARM NOS-CL
V5889,OTHER SPECIFIED AFTERCARE
E8001,RR COLL NOS-PASSENGER
6249,NONINFLAM DIS VULVA NOS
2451,SUBACUTE THYROIDITIS
E9679,CHILD ABUSE NOS
83805,DISL METATARSOPHALANG-CL
E8183,MV TRAFF ACC-MCYCL PSGR
80032,CL SKULL VLT FX-BRF COMA
80132,CL SKUL BASE FX-BRF COMA
33383,SPASMODIC TORTICOLLIS
E9659,ASSAULT-EXPLOSIVE NOS
E0179,OTHER ACTIVITY INVOLVING EXTERNAL MOTION
82532,"FX NAVICULAR, FOOT-OPEN"
E9854,UNDETER CIRC-FIREARM NEC
6119,BREAST DISORDER NOS
99585,OTH ADULT ABUSE AND NEGLECT
4918,CHRONIC BRONCHITIS NEC
2394,BLADDER NEOPLASM NOS
7469,CONG HEART ANOMALY NOS
4378,CEREBROVASC DISEASE NEC
67303,OB AIR EMBOLISM-ANTEPART
92810,CRUSHING INJ LOWER LEG
9635,POISONING-VITAMINS NEC
9195,INSECT BITE NEC-INFECTED
2912,ALCOHOLIC DEMENTIA NEC
78056,SLEEP STAGE DYSFUNCTIONS
73345,"ASEPTIC NECROSIS OF BONE, JAW"
E9336,ADV EFFECT ORAL BISPHOSPHOMATES
99589,ADVERSE EFFECT NEC
E9322,ADV EFF OVARIAN HORMONES
66193,ABNORM LABOR NOS-ANTEPAR
86100,HEART INJURY NOS-CLOSED
28732,EVANS SYNDROME
5690,ANAL & RECTAL POLYP
3562,HERED SENSORY NEUROPATHY
04101,GROUP A STREPTOCOCCUS
38861,CEREBROSP FLUID OTORRHEA
1309,TOXOPLASMOSIS NOS
2915,ALCOHOLIC JEALOUSY
64254,SEV PREECLAMP-POSTPARTUM
2871,THROMBOCYTOPATHY
28739,OTHER PRIMARY THROMBOCYTOPENIA
4266,OTHER HEART BLOCK
0075,CYCLOSPORIASIS
37215,PARASITIC CONJUNCTIVITIS
38910,SENSORNEUR HEAR LOSS NOS
99809,"POSTOPERATIVE SHOCK, OTHER"
9927,HEAT EDEMA
32742,REM SLEEP BEHAVIOR DISORDER
72979,NONTRAUMATIC COMPARTMENT SYNDROME OF OTHER SITES
V1000,HX OF GI MALIGNANCY NOS
87211,OPEN WOUND AURICLE-COMPL
1109,DERMATOPHYTOSIS SITE NOS
34281,OTHER HEMIPLEG DOMINANT SIDE
65143,TRIP PREG W/FETAL LOSS & RETENT OF 1 OR MORE FETUS ANTEPARTUM
9894,TOXIC EFF PESTICIDES NEC
E8634,ACC POISON-PESTICIDE NEC
30780,PSYCHOGENIC PAIN NOS
94305,BURN NOS SHOULDER
78843,NOCTURIA
81411,"FX NAVICULAR, WRIST-OPEN"
44023,ATHEROSCLEROSIS EXT W/ULCER
27482,GOUTY TOPHI SITE NEC
9761,POISONING-ANTIPRURITICS
V1069,HX OF LEUKEMIA NEC
66454,PERIN HEMATOMA-POSTPART
3612,SEROUS RETINA DETACHMENT
30431,CANNABIS DEPEND-CONTIN
90081,INJ EXTERN JUGULAR VEIN
5991,URETHRAL FISTULA
37124,EDEMA D/T CONTACT LENS
9137,FOREIGN BODY FOREARM-INF
V422,HEART VALVE TRANSPLANT
61802,"CYSTOCELE, LATERAL"
4230,HEMOPERICARDIUM
27900,HYPOGAMMAGLOBULINEM NOS
E8784,ABN REACT-PLAST SURG NEC
3240,INTRACRANIAL ABSCESS
3319,CEREB DEGENERATION NOS
81320,FX SHAFT FOREARM NOS-CL
V3000,SINGLE LIVEBORN-IN HOSP. W/O CESAREAN SECTION
V301,SINGL LIVEBRN-BEFORE ADM
64513,"POST TERM PREGNANCY (40-42 WEEKS), ENTEPARTUM CONDITION OR COMPLICATION"
37251,PINGUECULA
2558,ADRENAL DISORDER NEC
0794,HUMAN PAPILLOMA VIRUS
E8497,ACCID IN RESIDENT INSTIT
9349,FB RESPIRATORY TREE NOS
8870,"AMPUT BELOW ELB, UNILAT"
81511,FX 1ST METACARP BASE-OPN
08240,"EHRLICHIOSIS,UNSPECIFIED"
81110,FX SCAPULA NOS-OPEN
70901,VITILIGO
3221,EOSINOPHILIC MENINGITIS
94115,1ST DEG BURN NOSE
45930,CHRONIC VENOUS HYPERTENSION WITHOUT COMPLICATIONS
83219,DISLOCAT ELBOW NEC-OPEN
30151,CHR FACTITIOUS ILLNESS
73006,AC OSTEOMYELITIS-L/LEG
67523,MASTITIS-ANTEPARTUM
81230,FX HUMERUS NOS-OPEN
78964,ABDOMINAL TENDERNESS LLQ
6081,SPERMATOCELE
4467,TAKAYASU'S DISEASE
485,"BRONCHOPNEUMONIA,ORGANISM UNSPECIFIED"
78033,POST TRAUMATIC SEIZURES
5291,GEOGRAPHIC TONGUE
V163,FAMILY HX-BREAST MALIG
9128,SUPERF INJ SHLDR/ARM NEC
V694,LACK OF ADEQUATE SLEEP
71662,MONOARTHRITIS NOS-UP/ARM
E9176,CROWD ACCIDENT WITH FALL
E8384,WATERCRAFT ACC NEC-SKIER
99701,CNS COMP
3789,EYE MOVEMNT DISORDER NOS
E8128,MV COLLIS NOS-PERS NEC
9809,TOXIC EFFECT ALCOHOL NOS
1712,MAL NEO SOFT TISSUE ARM
V4459,OTHER CYSTOSTOMY STATUS
9799,POIS-VACCINE/BIOLOG NEC
9041,INJ SUPERFIC FEMORAL ART
6227,MUCOUS POLYP OF CERVIX
E9081,TORNADO
4957,VENTILATION PNEUMONIT
9111,ABRASION TRUNK-INFECTED
9153,BLISTER FINGER-INFECTED
78942,ABDOMINAL RIGIDITY LUQ
5851,"CHRONIC KIDNEY DISEASE, STAGE I"
34989,CNS DISORDER NEC
1887,MALIG NEO URACHUS
44029,OTHER ATHEROSCLEROSIS EXTREM
78452,FLUENCY DISORDER IN CONDITIONS CLASSIFIED ELSEWHERE
9479,BURN INTERNAL ORGAN NOS
80035,CL SKUL VLT FX-DEEP COMA
80135,CL SKL BASE FX-DEEP COMA
80425,CL SKUL/OTH FX-DEEP COMA
