icd_code,icd_title
R531,Weakness
G20,Parkinson's disease
R4182,"Altered mental status, unspecified"
F0390,Unspecified dementia without behavioral disturbance
S0181XD,"Laceration w/o foreign body of oth part of head, subs encntr"
V00131D,"Fall from skateboard, subsequent encounter"
S025XXA,"Fracture of tooth (traumatic), init for clos fx"
S0181XA,"Laceration w/o foreign body of oth part of head, init encntr"
W1789XA,"Other fall from one level to another, initial encounter"
S098XXA,"Other specified injuries of head, initial encounter"
S01111A,"Laceration w/o fb of right eyelid and periocular area, init"
W228XXA,"Striking against or struck by other objects, init encntr"
R1310,"Dysphagia, unspecified"
S72092A,"Oth fracture of head and neck of left femur, init"
W1830XA,"Fall on same level, unspecified, initial encounter"
M109,"Gout, unspecified"
K5289,Other specified noninfective gastroenteritis and colitis
R109,Unspecified abdominal pain
E7800,"Pure hypercholesterolemia, unspecified"
I10,Essential (primary) hypertension
R1012,Left upper quadrant pain
J189,"Pneumonia, unspecified organism"
R509,"Fever, unspecified"
R112,"Nausea with vomiting, unspecified"
F10129,"Alcohol abuse with intoxication, unspecified"
J111,Flu due to unidentified influenza virus w oth resp manifest
R42,Dizziness and giddiness
E119,Type 2 diabetes mellitus without complications
E780,Pure hypercholesterolemia
R238,Other skin changes
M25512,Pain in left shoulder
R252,Cramp and spasm
M79662,Pain in left lower leg
M79661,Pain in right lower leg
S93401A,"Sprain of unspecified ligament of right ankle, init encntr"
W109XXA,"Fall (on) (from) unspecified stairs and steps, init encntr"
E11649,Type 2 diabetes mellitus with hypoglycemia without coma
Z7901,Long term (current) use of anticoagulants
R0600,"Dyspnea, unspecified"
I509,"Heart failure, unspecified"
E1122,Type 2 diabetes mellitus w diabetic chronic kidney disease
N184,"Chronic kidney disease, stage 4 (severe)"
Z794,Long term (current) use of insulin
D6489,Other specified anemias
R0609,Other forms of dyspnea
K644,Residual hemorrhoidal skin tags
K6289,Other specified diseases of anus and rectum
R102,Pelvic and perineal pain
R202,Paresthesia of skin
S9031XA,"Contusion of right foot, initial encounter"
V0310XA,"Ped on foot injured pick-up truck, pk-up/van in traf, init"
K5660,Unspecified intestinal obstruction
I2699,Other pulmonary embolism without acute cor pulmonale
R1031,Right lower quadrant pain
R1032,Left lower quadrant pain
R319,"Hematuria, unspecified"
I639,"Cerebral infarction, unspecified"
H16001,"Unspecified corneal ulcer, right eye"
H53143,"Visual discomfort, bilateral"
J45901,Unspecified asthma with (acute) exacerbation
J441,Chronic obstructive pulmonary disease w (acute) exacerbation
I2510,Athscl heart disease of native coronary artery w/o ang pctrs
I4891,Unspecified atrial fibrillation
R0602,Shortness of breath
R079,"Chest pain, unspecified"
K922,"Gastrointestinal hemorrhage, unspecified"
D62,Acute posthemorrhagic anemia
F441,Dissociative fugue
R05,Cough
E876,Hypokalemia
R312,Other microscopic hematuria
I82B11,Acute embolism and thrombosis of right subclavian vein
M7989,Other specified soft tissue disorders
C169,"Malignant neoplasm of stomach, unspecified"
L03031,Cellulitis of right toe
R0789,Other chest pain
E10621,Type 1 diabetes mellitus with foot ulcer
L97529,Non-pressure chronic ulcer oth prt left foot w unsp severity
L03116,Cellulitis of left lower limb
I82412,Acute embolism and thrombosis of left femoral vein
M545,Low back pain
J069,"Acute upper respiratory infection, unspecified"
M549,"Dorsalgia, unspecified"
M5126,"Other intervertebral disc displacement, lumbar region"
F329,"Major depressive disorder, single episode, unspecified"
R45851,Suicidal ideations
G9389,Other specified disorders of brain
H5713,"Ocular pain, bilateral"
E039,"Hypothyroidism, unspecified"
M3500,"Sicca syndrome, unspecified"
S0101XA,"Laceration without foreign body of scalp, initial encounter"
I313,Pericardial effusion (noninflammatory)
I314,Cardiac tamponade
R5383,Other fatigue
O26892,"Oth pregnancy related conditions, second trimester"
Z3A24,24 weeks gestation of pregnancy
N938,Other specified abnormal uterine and vaginal bleeding
Z98890,Other specified postprocedural states
Z952,Presence of prosthetic heart valve
T83128A,"Displacement of oth urinary devices and implants, init"
Y838,"Oth surgical procedures cause abn react/compl, w/o misadvnt"
Y9289,Oth places as the place of occurrence of the external cause
N390,"Urinary tract infection, site not specified"
B372,Candidiasis of skin and nail
K5900,"Constipation, unspecified"
R1110,"Vomiting, unspecified"
F1290,"Cannabis use, unspecified, uncomplicated"
S12200A,"Unsp disp fx of third cervical vertebra, init for clos fx"
Z760,Encounter for issue of repeat prescription
O26893,"Oth pregnancy related conditions, third trimester"
K0889,Other specified disorders of teeth and supporting structures
Z3A34,34 weeks gestation of pregnancy
S61210A,"Laceration w/o fb of r idx fngr w/o damage to nail, init"
W25XXXA,"Contact with sharp glass, initial encounter"
R002,Palpitations
F10239,"Alcohol dependence with withdrawal, unspecified"
D72829,"Elevated white blood cell count, unspecified"
F28,Oth psych disorder not due to a sub or known physiol cond
E162,"Hypoglycemia, unspecified"
B20,Human immunodeficiency virus [HIV] disease
S0090XA,"Unsp superficial injury of unsp part of head, init encntr"
M542,Cervicalgia
E1165,Type 2 diabetes mellitus with hyperglycemia
M79642,Pain in left hand
W260XXA,"Contact with knife, initial encounter"
J029,"Acute pharyngitis, unspecified"
B349,"Viral infection, unspecified"
R51,Headache
R918,Other nonspecific abnormal finding of lung field
S0003XA,"Contusion of scalp, initial encounter"
W108XXA,"Fall (on) (from) other stairs and steps, initial encounter"
E785,"Hyperlipidemia, unspecified"
L03317,Cellulitis of buttock
F4310,"Post-traumatic stress disorder, unspecified"
X58XXXA,"Exposure to other specified factors, initial encounter"
R001,"Bradycardia, unspecified"
K610,Anal abscess
K604,Rectal fistula
N179,"Acute kidney failure, unspecified"
I959,"Hypotension, unspecified"
S066X0A,"Traum subrac hem w/o loss of consciousness, init"
L03115,Cellulitis of right lower limb
L02415,Cutaneous abscess of right lower limb
A419,"Sepsis, unspecified organism"
R339,"Retention of urine, unspecified"
E860,Dehydration
B2790,"Infectious mononucleosis, unspecified without complication"
D649,"Anemia, unspecified"
R569,Unspecified convulsions
G40909,"Epilepsy, unsp, not intractable, without status epilepticus"
I82441,Acute embolism and thrombosis of right tibial vein
R092,Respiratory arrest
J9383,Other pneumothorax
M5431,"Sciatica, right side"
R1011,Right upper quadrant pain
R1013,Epigastric pain
N839,"Noninflammatory disord of ovary, fallop & broad ligmt, unsp"
K769,"Liver disease, unspecified"
S72001A,"Fracture of unsp part of neck of right femur, init"
W010XXA,"Fall same lev from slip/trip w/o strike against object, init"
R630,Anorexia
R440,Auditory hallucinations
Q909,"Down syndrome, unspecified"
L0501,Pilonidal cyst with abscess
S8251XA,"Disp fx of medial malleolus of right tibia, init for clos fx"
S82831A,"Oth fracture of upper and lower end of right fibula, init"
N611,Abscess of the breast and nipple
L0231,Cutaneous abscess of buttock
K8020,Calculus of gallbladder w/o cholecystitis w/o obstruction
M25562,Pain in left knee
W541XXA,"Struck by dog, initial encounter"
S12300A,"Unsp disp fx of fourth cervical vertebra, init for clos fx"
H6121,"Impacted cerumen, right ear"
H6122,"Impacted cerumen, left ear"
R5381,Other malaise
K7460,Unspecified cirrhosis of liver
B1920,Unspecified viral hepatitis C without hepatic coma
K56609,"Unsp intestnl obst, unsp as to partial versus complete obst"
I81,Portal vein thrombosis
R17,Unspecified jaundice
A879,"Viral meningitis, unspecified"
R410,"Disorientation, unspecified"
A539,"Syphilis, unspecified"
K8590,"Acute pancreatitis without necrosis or infection, unsp"
R197,"Diarrhea, unspecified"
Z7984,Long term (current) use of oral hypoglycemic drugs
Z8673,"Prsnl hx of TIA (TIA), and cereb infrc w/o resid deficits"
R1084,Generalized abdominal pain
M10062,"Idiopathic gout, left knee"
M13862,"Other specified arthritis, left knee"
N8320,Unspecified ovarian cysts
G43909,"Migraine, unsp, not intractable, without status migrainosus"
R4581,Low self-esteem
F29,Unsp psychosis not due to a substance or known physiol cond
H8111,"Benign paroxysmal vertigo, right ear"
Z7982,Long term (current) use of aspirin
I7100,Dissection of unspecified site of aorta
I214,Non-ST elevation (NSTEMI) myocardial infarction
M722,Plantar fascial fibromatosis
S2239XA,"Fracture of one rib, unsp side, init for clos fx"
V0300XA,"Ped on foot injured pick-up truck, pk-up/van nontraf, init"
S61412A,"Laceration without foreign body of left hand, init encntr"
R040,Epistaxis
F1020,"Alcohol dependence, uncomplicated"
B009,"Herpesviral infection, unspecified"
E875,Hyperkalemia
F1910,"Other psychoactive substance abuse, uncomplicated"
O26891,"Oth pregnancy related conditions, first trimester"
R1030,"Lower abdominal pain, unspecified"
Z3A00,Weeks of gestation of pregnancy not specified
S32391A,"Oth fracture of right ilium, init encntr for closed fracture"
R0781,Pleurodynia
I6201,Nontraumatic acute subdural hemorrhage
R55,Syncope and collapse
I472,Ventricular tachycardia
F1010,"Alcohol abuse, uncomplicated"
F10229,"Alcohol dependence with intoxication, unspecified"
M79671,Pain in right foot
T50992A,"Poisoning by oth drug/meds/biol subst, self-harm, init"
R262,"Difficulty in walking, not elsewhere classified"
T43591A,"Poisoning by oth antipsychot/neurolept, accidental, init"
T43621A,"Poisoning by amphetamines, accidental (unintentional), init"
S39012A,"Strain of muscle, fascia and tendon of lower back, init"
K436,"Other and unsp ventral hernia with obstruction, w/o gangrene"
R1111,Vomiting without nausea
S02401A,"Maxillary fracture, unspecified side, init"
S023XXA,"Fracture of orbital floor, init encntr for closed fracture"
V4752XA,"Driver of car injured in clsn w statnry object in traf, init"
S0121XA,"Laceration without foreign body of nose, initial encounter"
S68522A,"Partial traumatic trnsphal amputation of left thumb, init"
W312XXA,"Contact w powered woodworking and forming machines, init"
K029,"Dental caries, unspecified"
H01005,Unspecified blepharitis left lower eyelid
H01002,Unspecified blepharitis right lower eyelid
H01001,Unspecified blepharitis right upper eyelid
J36,Peritonsillar abscess
I7101,Dissection of thoracic aorta
R570,Cardiogenic shock
D709,"Neutropenia, unspecified"
R5081,Fever presenting with conditions classified elsewhere
C9200,"Acute myeloblastic leukemia, not having achieved remission"
G8929,Other chronic pain
K921,Melena
I469,"Cardiac arrest, cause unspecified"
Z0000,Encntr for general adult medical exam w/o abnormal findings
R451,Restlessness and agitation
F419,"Anxiety disorder, unspecified"
J101,Flu due to oth ident influenza virus w oth resp manifest
S51812A,"Laceration without foreign body of left forearm, init encntr"
S51811A,"Laceration w/o foreign body of right forearm, init encntr"
X789XXA,"Intentional self-harm by unsp sharp object, init encntr"
R4701,Aphasia
M25571,Pain in right ankle and joints of right foot
A812,Progressive multifocal leukoencephalopathy
S066X9A,"Traum subrac hem w LOC of unsp duration, init"
S12600A,"Unsp disp fx of seventh cervical vertebra, init for clos fx"
V4352XA,"Car driver injured in collision w car in traf, init"
S22059A,"Unsp fracture of T5-T6 vertebra, init for clos fx"
S22069A,"Unsp fracture of T7-T8 vertebra, init for clos fx"
V499XXA,"Car occupant (driver) (passenger) injured in unsp traf, init"
S0501XA,"Inj conjunctiva and corneal abrasion w/o fb, right eye, init"
D696,"Thrombocytopenia, unspecified"
S02652A,"Fracture of angle of left mandible, init"
S27321A,"Contusion of lung, unilateral, initial encounter"
Y048XXA,"Assault by other bodily force, initial encounter"
T814XXA,"Infection following a procedure, initial encounter"
R000,"Tachycardia, unspecified"
I471,Supraventricular tachycardia
I480,Paroxysmal atrial fibrillation
K047,Periapical abscess without sinus
J9600,"Acute respiratory failure, unsp w hypoxia or hypercapnia"
K7200,Acute and subacute hepatic failure without coma
K7031,Alcoholic cirrhosis of liver with ascites
R188,Other ascites
T8242XA,"Displacement of vascular dialysis catheter, init encntr"
S63502A,"Unspecified sprain of left wrist, initial encounter"
J0180,Other acute sinusitis
N201,Calculus of ureter
M62830,Muscle spasm of back
N200,Calculus of kidney
M25471,"Effusion, right ankle"
R200,Anesthesia of skin
B86,Scabies
R600,Localized edema
S0083XA,"Contusion of other part of head, initial encounter"
S22080A,"Wedge compression fracture of T11-T12 vertebra, init"
S82142A,"Displaced bicondylar fracture of left tibia, init"
W19XXXA,"Unspecified fall, initial encounter"
M79602,Pain in left arm
M25561,Pain in right knee
T23171A,"Burn of first degree of right wrist, initial encounter"
X12XXXA,"Contact with other hot fluids, initial encounter"
I213,ST elevation (STEMI) myocardial infarction of unsp site
K920,Hematemesis
N739,"Female pelvic inflammatory disease, unspecified"
N72,Inflammatory disease of cervix uteri
C9000,Multiple myeloma not having achieved remission
I82622,Acute embolism and thrombosis of deep veins of l up extrem
T83098A,"Mech compl of other urinary catheter, initial encounter"
Y848,"Oth medical procedures cause abn react/compl, w/o misadvnt"
N99518,Other cystostomy complication
Y833,"Form of external stoma cause abn react/compl, w/o misadvnt"
T8389XA,"Oth complication of genitourinary prosth dev/grft, init"
Y738,"Misc gastroent and urology devices assoc w incdt, NEC"
I442,"Atrioventricular block, complete"
R110,Nausea
Z9282,S/p admn tPA in diff fac w/n last 24 hr bef adm to crnt fac
S2220XA,"Unsp fracture of sternum, init encntr for closed fracture"
K429,Umbilical hernia without obstruction or gangrene
S52571A,"Oth intartic fracture of lower end of right radius, init"
S0081XA,"Abrasion of other part of head, initial encounter"
W172XXA,"Fall into hole, initial encounter"
S52592A,"Oth fractures of lower end of left radius, init for clos fx"
W000XXA,"Fall on same level due to ice and snow, initial encounter"
R072,Precordial pain
S20229A,"Contusion of unspecified back wall of thorax, init encntr"
S5002XA,"Contusion of left elbow, initial encounter"
Y0889XA,"Assault by other specified means, initial encounter"
E109,Type 1 diabetes mellitus without complications
E10649,Type 1 diabetes mellitus with hypoglycemia without coma
K625,Hemorrhage of anus and rectum
R871,Abn lev hormones in specimens from female genital organs
C9110,Chronic lymphocytic leuk of B-cell type not achieve remis
T383X1A,"Poisoning by insulin and oral hypoglycemic drugs, acc, init"
I82431,Acute embolism and thrombosis of right popliteal vein
N19,Unspecified kidney failure
K7581,Nonalcoholic steatohepatitis (NASH)
J90,"Pleural effusion, not elsewhere classified"
I160,Hypertensive urgency
S0990XA,"Unspecified injury of head, initial encounter"
W07XXXA,"Fall from chair, initial encounter"
T446X1A,"Poisoning by alpha-adrenocpt antagonists, accidental, init"
S8011XA,"Contusion of right lower leg, initial encounter"
M436,Torticollis
S12000A,"Unsp disp fx of first cervical vertebra, init for clos fx"
J020,Streptococcal pharyngitis
Z950,Presence of cardiac pacemaker
K5090,"Crohn's disease, unspecified, without complications"
T8332XA,"Displacement of intrauterine contraceptive device, init"
S8001XA,"Contusion of right knee, initial encounter"
V736XXA,"Pasngr on bus injured pick-up truck, pk-up/van in traf, init"
J449,"Chronic obstructive pulmonary disease, unspecified"
S62232A,"Oth disp fx of base of first MC bone, left hand, init"
S62310A,"Disp fx of base of second metacarpal bone, right hand, init"
S2232XA,"Fracture of one rib, left side, init for clos fx"
S42022A,"Disp fx of shaft of left clavicle, init for clos fx"
S32029A,"Unsp fracture of second lumbar vertebra, init for clos fx"
S22089A,"Unsp fracture of T11-T12 vertebra, init for clos fx"
F259,"Schizoaffective disorder, unspecified"
F251,"Schizoaffective disorder, depressive type"
O009,"Ectopic pregnancy, unspecified"
Z3A25,25 weeks gestation of pregnancy
S060X1A,"Concussion w LOC of 30 minutes or less, init"
S6981XA,"Oth injuries of right wrist, hand and finger(s), init encntr"
M5440,"Lumbago with sciatica, unspecified side"
I82491,Acute embolism and thrombosis of deep vein of r low extrem
T82868A,"Thrombosis due to vascular prosth dev/grft, init"
Y832,"Anastomos,bypass or grft cause abn react/compl, w/o misadvnt"
N186,End stage renal disease
Z992,Dependence on renal dialysis
I120,Hyp chr kidney disease w stage 5 chr kidney disease or ESRD
S72142A,"Displaced intertrochanteric fracture of left femur, init"
E1010,Type 1 diabetes mellitus with ketoacidosis without coma
E872,Acidosis
R7881,Bacteremia
E1065,Type 1 diabetes mellitus with hyperglycemia
L97519,Non-prs chronic ulcer oth prt right foot w unsp severity
S52121A,"Disp fx of head of right radius, init for clos fx"
V193XXA,"Pedl cyclst (driver) injured in unsp nontraf, init"
I888,Other nonspecific lymphadenitis
S86012A,"Strain of left Achilles tendon, initial encounter"
S43401A,"Unspecified sprain of right shoulder joint, init encntr"
M546,Pain in thoracic spine
I714,"Abdominal aortic aneurysm, without rupture"
S6992XA,"Unsp injury of left wrist, hand and finger(s), init encntr"
F23,Brief psychotic disorder
Z452,Encounter for adjustment and management of VAD
G1221,Amyotrophic lateral sclerosis
S32422A,"Disp fx of posterior wall of left acetabulum, init"
V476XXA,"Car pasngr injured in clsn with statnry object in traf, init"
T18128A,"Food in esophagus causing other injury, initial encounter"
I609,"Nontraumatic subarachnoid hemorrhage, unspecified"
D690,Allergic purpura
T360X5A,"Adverse effect of penicillins, initial encounter"
S20219A,"Contusion of unspecified front wall of thorax, init encntr"
S060X0A,"Concussion without loss of consciousness, initial encounter"
D130,Benign neoplasm of esophagus
F17210,"Nicotine dependence, cigarettes, uncomplicated"
S29012A,"Strain of muscle and tendon of back wall of thorax, init"
W06XXXA,"Fall from bed, initial encounter"
S42402A,"Unsp fracture of lower end of left humerus, init for clos fx"
V199XXA,"Pedl cyclst (driver) (passenger) injured in unsp traf, init"
H9312,"Tinnitus, left ear"
T40601A,"Poisoning by unsp narcotics, accidental, init"
R4020,Unspecified coma
S01511A,"Laceration without foreign body of lip, initial encounter"
M25531,Pain in right wrist
I83892,Varicose veins of l low extrem with other complications
S161XXA,"Strain of muscle, fascia and tendon at neck level, init"
K629,"Disease of anus and rectum, unspecified"
C9210,"Chronic myeloid leuk, BCR/ABL-positive, not achieve remis"
D735,Infarction of spleen
R0902,Hypoxemia
D61818,Other pancytopenia
N472,Paraphimosis
F430,Acute stress reaction
N289,"Disorder of kidney and ureter, unspecified"
N419,"Inflammatory disease of prostate, unspecified"
R208,Other disturbances of skin sensation
H5711,"Ocular pain, right eye"
W1809XA,"Striking against oth object w subsequent fall, init encntr"
I5040,Unsp combined systolic and diastolic (congestive) hrt fail
M79605,Pain in left leg
M7122,"Synovial cyst of popliteal space [Baker], left knee"
L03213,Periorbital cellulitis
Z48817,"Encntr for surgical aftcr fol surgery on the skin, subcu"
J188,"Other pneumonia, unspecified organism"
L0889,Oth local infections of the skin and subcutaneous tissue
N508,Other specified disorders of male genital organs
T85898A,"Oth complication of other internal prosth dev/grft, init"
E871,Hypo-osmolality and hyponatremia
I951,Orthostatic hypotension
S61211A,"Laceration w/o fb of l idx fngr w/o damage to nail, init"
Z203,Contact with and (suspected) exposure to rabies
K6389,Other specified diseases of intestine
S52341B,"Displ spiral fx shaft of rad, r arm, 7thB"
X959XXA,"Assault by unspecified firearm discharge, initial encounter"
M25511,Pain in right shoulder
K5732,Dvtrcli of lg int w/o perforation or abscess w/o bleeding
S1181XA,"Laceration w/o foreign body of oth part of neck, init encntr"
X781XXA,"Intentional self-harm by knife, initial encounter"
Z0441,Encounter for exam and obs following alleged adult rape
C259,"Malignant neoplasm of pancreas, unspecified"
K91840,Postproc hemor of a dgstv sys org fol a dgstv sys procedure
I82B12,Acute embolism and thrombosis of left subclavian vein
I82C12,Acute embolism and thrombosis of left internal jugular vein
S81012A,"Laceration without foreign body, left knee, init encntr"
D329,"Benign neoplasm of meninges, unspecified"
T8189XA,"Oth complications of procedures, NEC, init"
M25552,Pain in left hip
S90822A,"Blister (nonthermal), left foot, initial encounter"
R740,Nonspec elev of levels of transamns & lactic acid dehydrgnse
R599,"Enlarged lymph nodes, unspecified"
D860,Sarcoidosis of lung
Z9641,Presence of insulin pump (external) (internal)
A0471,"Enterocolitis due to Clostridium difficile, recurrent"
K8033,Calculus of bile duct w acute cholangitis with obstruction
S20211A,"Contusion of right front wall of thorax, initial encounter"
M25521,Pain in right elbow
S37062A,"Major laceration of left kidney, initial encounter"
W101XXA,"Fall (on)(from) sidewalk curb, initial encounter"
T84020A,"Dislocation of internal right hip prosthesis, init encntr"
S72091A,"Oth fracture of head and neck of right femur, init"
T8149XA,"Infection following a procedure, other surgical site, init"
M79672,Pain in left foot
Z4689,Encounter for fitting and adjustment of oth devices
Z3A22,22 weeks gestation of pregnancy
Z09,Encntr for f/u exam aft trtmt for cond oth than malig neoplm
K830,Cholangitis
M24412,"Recurrent dislocation, left shoulder"
M4854XA,"Collapsed vertebra, NEC, thoracic region, init"
N9410,Unspecified dyspareunia
I200,Unstable angina
L03316,Cellulitis of umbilicus
G35,Multiple sclerosis
S90129A,"Contusion of unsp lesser toe(s) w/o damage to nail, init"
S7002XA,"Contusion of left hip, initial encounter"
R0689,Other abnormalities of breathing
J09X2,Flu due to ident novel influenza A virus w oth resp manifest
K831,Obstruction of bile duct
R1010,"Upper abdominal pain, unspecified"
Z3A33,33 weeks gestation of pregnancy
S32019A,"Unsp fracture of first lumbar vertebra, init for clos fx"
R1033,Periumbilical pain
M5489,Other dorsalgia
S31614A,"Lac w/o fb of abd wall, left lower q w penet perit cav, init"
S0266XA,"Fracture of symphysis of mandible, init for clos fx"
X991XXA,"Assault by knife, initial encounter"
M25462,"Effusion, left knee"
F410,Panic disorder [episodic paroxysmal anxiety]
L02214,Cutaneous abscess of groin
K3580,Unspecified acute appendicitis
L299,"Pruritus, unspecified"
N3090,"Cystitis, unspecified without hematuria"
Z86718,Personal history of other venous thrombosis and embolism
S90812A,"Abrasion, left foot, initial encounter"
S90811A,"Abrasion, right foot, initial encounter"
M797,Fibromyalgia
Z7902,Long term (current) use of antithrombotics/antiplatelets
R300,Dysuria
E038,Other specified hypothyroidism
F319,"Bipolar disorder, unspecified"
R21,Rash and other nonspecific skin eruption
M25551,Pain in right hip
Y040XXA,"Assault by unarmed brawl or fight, initial encounter"
K529,"Noninfective gastroenteritis and colitis, unspecified"
M25532,Pain in left wrist
S40012A,"Contusion of left shoulder, initial encounter"
H9201,"Otalgia, right ear"
M791,Myalgia
X501XXA,"Overexertion from prolonged static or awkward postures, init"
R591,Generalized enlarged lymph nodes
G9589,Other specified diseases of spinal cord
S63292A,"Dislocation of distal interphaln joint of r mid finger, init"
R0981,Nasal congestion
K4090,"Unil inguinal hernia, w/o obst or gangr, not spcf as recur"
F1120,"Opioid dependence, uncomplicated"
K2970,"Gastritis, unspecified, without bleeding"
J3489,Other specified disorders of nose and nasal sinuses
B353,Tinea pedis
Z590,Homelessness
J209,"Acute bronchitis, unspecified"
L986,"Oth infiltrative disorders of the skin, subcu"
F1110,"Opioid abuse, uncomplicated"
S20212A,"Contusion of left front wall of thorax, initial encounter"
J320,Chronic maxillary sinusitis
R45850,Homicidal ideations
M79604,Pain in right leg
S59901A,"Unspecified injury of right elbow, initial encounter"
S50311A,"Abrasion of right elbow, initial encounter"
S300XXA,"Contusion of lower back and pelvis, initial encounter"
Y042XXA,"Asslt by strike agnst or bumped into by another person, init"
L03114,Cellulitis of left upper limb
L03113,Cellulitis of right upper limb
I809,Phlebitis and thrombophlebitis of unspecified site
B351,Tinea unguium
N433,"Hydrocele, unspecified"
N3289,Other specified disorders of bladder
S022XXA,"Fracture of nasal bones, init encntr for closed fracture"
J329,"Chronic sinusitis, unspecified"
N50811,Right testicular pain
N50812,Left testicular pain
R350,Frequency of micturition
L0591,Pilonidal cyst without abscess
N764,Abscess of vulva
N950,Postmenopausal bleeding
H05012,Cellulitis of left orbit
G971,Other reaction to spinal and lumbar puncture
H5712,"Ocular pain, left eye"
H538,Other visual disturbances
S61511A,"Laceration without foreign body of right wrist, init encntr"
M62838,Other muscle spasm
A6920,"Lyme disease, unspecified"
T675XXA,"Heat exhaustion, unspecified, initial encounter"
X30XXXA,"Exposure to excessive natural heat, initial encounter"
M069,"Rheumatoid arthritis, unspecified"
R2681,Unsteadiness on feet
V134XXA,"Pedl cyc driver inj pick-up truck, pk-up/van in traf, init"
M1A0321,"Idiopathic chronic gout, left wrist, with tophus (tophi)"
Z3A01,Less than 8 weeks gestation of pregnancy
O0090,Unspecified ectopic pregnancy without intrauterine pregnancy
O081,Delayed or excess hemor fol ectopic and molar pregnancy
N831,Corpus luteum cyst
D259,"Leiomyoma of uterus, unspecified"
S0292XA,"Unsp fracture of facial bones, init for clos fx"
L089,"Local infection of the skin and subcutaneous tissue, unsp"
S61221A,"Laceration w fb of l idx fngr w/o damage to nail, init"
W270XXA,"Contact with workbench tool, initial encounter"
K611,Rectal abscess
I2692,Saddle embolus of pulmonary artery w/o acute cor pulmonale
S72441A,"Disp fx of lower epiphysis (separation) of right femur, init"
M9701XA,"Periprosth fracture around internal prosth r hip jt, init"
R4781,Slurred speech
S80811A,"Abrasion, right lower leg, initial encounter"
L538,Other specified erythematous conditions
S139XXA,"Sprain of joints and ligaments of unsp parts of neck, init"
Z87442,Personal history of urinary calculi
I629,"Nontraumatic intracranial hemorrhage, unspecified"
S61052A,"Open bite of left thumb without damage to nail, init encntr"
W5501XA,"Bitten by cat, initial encounter"
L03012,Cellulitis of left finger
R9431,Abnormal electrocardiogram [ECG] [EKG]
F22,Delusional disorders
I724,Aneurysm of artery of lower extremity
I249,"Acute ischemic heart disease, unspecified"
E11628,Type 2 diabetes mellitus with other skin complications
S50812A,"Abrasion of left forearm, initial encounter"
L02612,Cutaneous abscess of left foot
O00101,Right tubal pregnancy without intrauterine pregnancy
N189,"Chronic kidney disease, unspecified"
S7011XA,"Contusion of right thigh, initial encounter"
I129,Hypertensive chronic kidney disease w stg 1-4/unsp chr kdny
O0080,Other ectopic pregnancy without intrauterine pregnancy
N939,"Abnormal uterine and vaginal bleeding, unspecified"
R29810,Facial weakness
R471,Dysarthria and anarthria
I161,Hypertensive emergency
S99912A,"Unspecified injury of left ankle, initial encounter"
E11319,Type 2 diabetes w unsp diabetic rtnop w/o macular edema
H9202,"Otalgia, left ear"
H6692,"Otitis media, unspecified, left ear"
G40309,"Gen idiopathic epilepsy, not intractable, w/o stat epi"
S56521A,"Lacerat extn musc/fasc/tend at forarm lv, right arm, init"
Z113,Encntr screen for infections w sexl mode of transmiss
R7989,Other specified abnormal findings of blood chemistry
O039,Complete or unsp spontaneous abortion without complication
E1169,Type 2 diabetes mellitus with other specified complication
M869,"Osteomyelitis, unspecified"
F0150,Vascular dementia without behavioral disturbance
N10,Acute pyelonephritis
S42232A,"3-part fracture of surgical neck of left humerus, init"
K219,Gastro-esophageal reflux disease without esophagitis
S8392XA,"Sprain of unspecified site of left knee, initial encounter"
W500XXA,"Accidental hit or strike by another person, init encntr"
S32591A,"Oth fracture of right pubis, init encntr for closed fracture"
S72141A,"Displaced intertrochanteric fracture of right femur, init"
S52021A,"Disp fx of olecran pro w/o intartic extn right ulna, init"
S62396A,"Oth fracture of fifth metacarpal bone, right hand, init"
G43819,"Other migraine, intractable, without status migrainosus"
F209,"Schizophrenia, unspecified"
I878,Other specified disorders of veins
Z3A10,10 weeks gestation of pregnancy
R413,Other amnesia
I671,"Cerebral aneurysm, nonruptured"
S53125A,"Posterior dislocation of left ulnohumeral joint, init encntr"
Z4789,Encounter for other orthopedic aftercare
Z9181,History of falling
Z96651,Presence of right artificial knee joint
T8131XA,"Disruption of external operation (surgical) wound, NEC, init"
G061,Intraspinal abscess and granuloma
M4626,"Osteomyelitis of vertebra, lumbar region"
C228,"Malignant neoplasm of liver, primary, unspecified as to type"
S065X0A,"Traum subdr hem w/o loss of consciousness, init"
K311,Adult hypertrophic pyloric stenosis
M533,"Sacrococcygeal disorders, not elsewhere classified"
N1330,Unspecified hydronephrosis
W1811XA,"Fall from or off toilet w/o strike against object, init"
I429,"Cardiomyopathy, unspecified"
Z8546,Personal history of malignant neoplasm of prostate
K9413,Enterostomy malfunction
F4320,"Adjustment disorder, unspecified"
R6884,Jaw pain
R443,"Hallucinations, unspecified"
S229XXA,"Fracture of bony thorax, part unsp, init for clos fx"
S81852A,"Open bite, left lower leg, initial encounter"
W540XXA,"Bitten by dog, initial encounter"
G8918,Other acute postprocedural pain
S81812A,"Laceration without foreign body, left lower leg, init encntr"
L89899,"Pressure ulcer of other site, unspecified stage"
N12,"Tubulo-interstitial nephritis, not spcf as acute or chronic"
L89322,"Pressure ulcer of left buttock, stage 2"
M7918,"Myalgia, other site"
T7840XA,"Allergy, unspecified, initial encounter"
S82391A,"Oth fracture of lower end of right tibia, init for clos fx"
S5001XA,"Contusion of right elbow, initial encounter"
T161XXA,"Foreign body in right ear, initial encounter"
S01112A,"Laceration w/o fb of left eyelid and periocular area, init"
W01190A,"Fall same lev from slip/trip w strike agnst furniture, init"
S0291XA,"Unsp fracture of skull, init encntr for closed fracture"
S71132A,"Puncture wound without foreign body, left thigh, init encntr"
S7012XA,"Contusion of left thigh, initial encounter"
T82520A,"Displacement of surgically created AV fistula, init"
T82594A,"Mech compl of infusion catheter, initial encounter"
K859,"Acute pancreatitis, unspecified"
T82898A,"Oth complication of vascular prosth dev/grft, init"
E748,Other specified disorders of carbohydrate metabolism
S134XXA,"Sprain of ligaments of cervical spine, initial encounter"
G459,"Transient cerebral ischemic attack, unspecified"
J181,"Lobar pneumonia, unspecified organism"
E11621,Type 2 diabetes mellitus with foot ulcer
S82141A,"Displaced bicondylar fracture of right tibia, init"
V4362XA,"Car passenger injured in collision w car in traf, init"
T182XXA,"Foreign body in stomach, initial encounter"
F5081,Binge eating disorder
L03011,Cellulitis of right finger
S82841A,"Displaced bimalleolar fracture of right lower leg, init"
O200,Threatened abortion
R627,Adult failure to thrive
K4030,"Unil inguinal hernia, w obst, w/o gangr, not spcf as recur"
K810,Acute cholecystitis
T8130XA,"Disruption of wound, unspecified, initial encounter"
T407X1A,"Poisoning by cannabis (derivatives), accidental, init"
E0580,Other thyrotoxicosis without thyrotoxic crisis or storm
M6282,Rhabdomyolysis
R140,Abdominal distension (gaseous)
S52531A,"Colles' fracture of right radius, init for clos fx"
L7622,"Postproc hemorrhage of skin, subcu following other procedure"
V00211A,"Fall from ice-skates, initial encounter"
O6003,"Preterm labor without delivery, third trimester"
Z3A32,32 weeks gestation of pregnancy
H81399,"Other peripheral vertigo, unspecified ear"
S61012A,"Laceration w/o fb of left thumb w/o damage to nail, init"
O99341,"Oth mental disorders complicating pregnancy, first trimester"
Z3A11,11 weeks gestation of pregnancy
J40,"Bronchitis, not specified as acute or chronic"
Z3A13,13 weeks gestation of pregnancy
N83512,Torsion of left ovary and ovarian pedicle
S99822A,"Other specified injuries of left foot, initial encounter"
I319,"Disease of pericardium, unspecified"
N132,Hydronephrosis with renal and ureteral calculous obstruction
T401X1A,"Poisoning by heroin, accidental (unintentional), init encntr"
K659,"Peritonitis, unspecified"
R4789,Other speech disturbances
T8189XD,"Oth complications of procedures, NEC, subs"
N644,Mastodynia
N63,Unspecified lump in breast
F1410,"Cocaine abuse, uncomplicated"
K561,Intussusception
C3490,Malignant neoplasm of unsp part of unsp bronchus or lung
S0219XA,"Oth fracture of base of skull, init for clos fx"
W2107XA,"Struck by softball, initial encounter"
H6091,"Unspecified otitis externa, right ear"
H6691,"Otitis media, unspecified, right ear"
S270XXA,"Traumatic pneumothorax, initial encounter"
S2241XA,"Multiple fractures of ribs, right side, init for clos fx"
S329XXA,"Fracture of unsp parts of lumbosacral spine and pelvis, init"
S3792XA,"Contusion of unsp urinary and pelvic organ, init encntr"
N920,Excessive and frequent menstruation with regular cycle
K122,Cellulitis and abscess of mouth
M9689,Oth intraop and postproc comp and disorders of the ms sys
S61231A,"Pnctr w/o fb of l idx fngr w/o damage to nail, init"
W460XXA,"Contact with hypodermic needle, initial encounter"
T18198A,"Oth foreign object in esophagus causing oth injury, init"
S22079A,"Unsp fracture of T9-T10 vertebra, init for clos fx"
S2231XA,"Fracture of one rib, right side, init for clos fx"
S32592A,"Oth fracture of left pubis, init encntr for closed fracture"
L290,Pruritus ani
S0232XA,"Fracture of orbital floor, left side, init"
T426X2A,"Poisn by oth antieplptc and sed-hypntc drugs, slf-hrm, init"
O209,"Hemorrhage in early pregnancy, unspecified"
Z86711,Personal history of pulmonary embolism
Q445,Other congenital malformations of bile ducts
S30814A,"Abrasion of vagina and vulva, initial encounter"
E8352,Hypercalcemia
M7062,"Trochanteric bursitis, left hip"
R39198,Other difficulties with micturition
S838X1A,"Sprain of other specified parts of right knee, init encntr"
X500XXA,"Overexertion from strenuous movement or load, init"
Z930,Tracheostomy status
J9602,Acute respiratory failure with hypercapnia
R579,"Shock, unspecified"
S82144A,"Nondisplaced bicondylar fracture of right tibia, init"
S00511A,"Abrasion of lip, initial encounter"
M25572,Pain in left ankle and joints of left foot
T84213A,"Breakdown of int fix of bones of foot and toes, init"
M13872,"Other specified arthritis, left ankle and foot"
S61216A,"Lac w/o fb of r little finger w/o damage to nail, init"
W3189XA,"Contact with other specified machinery, initial encounter"
Y95,Nosocomial condition
I608,Other nontraumatic subarachnoid hemorrhage
R042,Hemoptysis
R0989,Oth symptoms and signs involving the circ and resp systems
E873,Alkalosis
M5127,"Other intervertebral disc displacement, lumbosacral region"
M5430,"Sciatica, unspecified side"
S72101A,"Unsp trochanteric fracture of right femur, init for clos fx"
R6521,Severe sepsis with septic shock
H8110,"Benign paroxysmal vertigo, unspecified ear"
S0281XA,"Fracture of oth skull and facial bones, right side, init"
S0240CA,"Maxillary fracture, right side, init"
F418,Other specified anxiety disorders
O210,Mild hyperemesis gravidarum
Z3A09,9 weeks gestation of pregnancy
N4889,Other specified disorders of penis
Z0389,Encntr for obs for oth suspected diseases and cond ruled out
R062,Wheezing
H18821,"Corneal disorder due to contact lens, right eye"
K7689,Other specified diseases of liver
S9032XA,"Contusion of left foot, initial encounter"
O26899,"Oth pregnancy related conditions, unspecified trimester"
S62336A,"Disp fx of neck of fifth metacarpal bone, right hand, init"
L120,Bullous pemphigoid
M50223,Other cervical disc displacement at C6-C7 level
R442,Other hallucinations
M4800,"Spinal stenosis, site unspecified"
I739,"Peripheral vascular disease, unspecified"
S2221XA,"Fracture of manubrium, initial encounter for closed fracture"
S43221A,"Posterior subluxation of right sternoclavicular joint, init"
V00321A,"Fall from snow-skis, initial encounter"
F0781,Postconcussional syndrome
G44309,"Post-traumatic headache, unspecified, not intractable"
S0211GA,"Other fracture of occiput, right side, init"
S06379A,"Contus/lac/hem crblm w LOC of unsp duration, init"
Y828,Other medical devices associated with adverse incidents
J811,Chronic pulmonary edema
K0510,"Chronic gingivitis, plaque induced"
R220,"Localized swelling, mass and lump, head"
I610,"Nontraumatic intcrbl hemorrhage in hemisphere, subcortical"
M5124,"Other intervertebral disc displacement, thoracic region"
I613,Nontraumatic intracerebral hemorrhage in brain stem
W1839XA,"Other fall on same level, initial encounter"
K440,"Diaphragmatic hernia with obstruction, without gangrene"
F10120,"Alcohol abuse with intoxication, uncomplicated"
M5412,"Radiculopathy, cervical region"
I6203,Nontraumatic chronic subdural hemorrhage
K9423,Gastrostomy malfunction
S72351A,"Displaced comminuted fracture of shaft of right femur, init"
S82492A,"Oth fracture of shaft of left fibula, init for clos fx"
S8252XA,"Disp fx of medial malleolus of left tibia, init for clos fx"
G40901,"Epilepsy, unsp, not intractable, with status epilepticus"
K8000,Calculus of gallbladder w acute cholecyst w/o obstruction
M79675,Pain in left toe(s)
S46812A,"Strain of musc/fasc/tend at shldr/up arm, left arm, init"
S2242XA,"Multiple fractures of ribs, left side, init for clos fx"
L03311,Cellulitis of abdominal wall
J0390,"Acute tonsillitis, unspecified"
Z4800,Encounter for change or removal of nonsurg wound dressing
S61512A,"Laceration without foreign body of left wrist, init encntr"
S61522A,"Laceration with foreign body of left wrist, init encntr"
X780XXA,"Intentional self-harm by sharp glass, initial encounter"
X788XXA,"Intentional self-harm by other sharp object, init encntr"
N451,Epididymitis
Z202,Contact w and exposure to infect w a sexl mode of transmiss
S62617A,"Disp fx of proximal phalanx of left little finger, init"
R221,"Localized swelling, mass and lump, neck"
K9161,Intraop hemor/hemtom of dgstv sys org comp a dgstv sys proc
S60122A,"Contusion of left index finger w damage to nail, init encntr"
S230XXA,"Traumatic rupture of thoracic intervertebral disc, init"
S7001XA,"Contusion of right hip, initial encounter"
C7951,Secondary malignant neoplasm of bone
C7931,Secondary malignant neoplasm of brain
Z85118,Personal history of malignant neoplasm of bronchus and lung
R270,"Ataxia, unspecified"
D432,"Neoplasm of uncertain behavior of brain, unspecified"
T781XXA,"Oth adverse food reactions, not elsewhere classified, init"
S42302A,"Unsp fracture of shaft of humerus, left arm, init"
K9409,Other complications of colostomy
G44209,"Tension-type headache, unspecified, not intractable"
G610,Guillain-Barre syndrome
S61011A,"Laceration w/o fb of right thumb w/o damage to nail, init"
M25461,"Effusion, right knee"
S42021A,"Disp fx of shaft of right clavicle, init for clos fx"
S0011XA,"Contusion of right eyelid and periocular area, init encntr"
K37,Unspecified appendicitis
T404X1A,"Poisoning by oth synthetic narcotics, accidental, init"
S72491A,"Oth fracture of lower end of right femur, init for clos fx"
S42211A,"Unsp disp fx of surgical neck of right humerus, init"
S8012XA,"Contusion of left lower leg, initial encounter"
Z940,Kidney transplant status
S61213A,"Laceration w/o fb of l mid finger w/o damage to nail, init"
W458XXA,"Oth foreign body or object entering through skin, init"
S43004A,"Unspecified dislocation of right shoulder joint, init encntr"
T391X2A,"Poisoning by 4-Aminophenol derivatives, self-harm, init"
K209,"Esophagitis, unspecified"
V475XXA,"Car driver injured in clsn with statnry object in traf, init"
A039,"Shigellosis, unspecified"
Z1630,Resistance to unspecified antimicrobial drugs
K220,Achalasia of cardia
B003,Herpesviral meningitis
Z4803,Encounter for change or removal of drains
C20,Malignant neoplasm of rectum
S39011A,"Strain of muscle, fascia and tendon of abdomen, init encntr"
W208XXA,"Oth cause of strike by thrown, projected or fall obj, init"
T8141XA,"Infct fol a proc, superfic incisional surgical site, init"
K562,Volvulus
K651,Peritoneal abscess
E309,"Disorder of puberty, unspecified"
S82852A,"Displaced trimalleolar fracture of left lower leg, init"
W1849XA,"Oth slipping, tripping and stumbling w/o falling, init"
Z3A20,20 weeks gestation of pregnancy
S301XXA,"Contusion of abdominal wall, initial encounter"
N83201,"Unspecified ovarian cyst, right side"
T400X1A,"Poisoning by opium, accidental (unintentional), init encntr"
S93402A,"Sprain of unspecified ligament of left ankle, init encntr"
T33812A,"Superficial frostbite of left ankle, initial encounter"
T698XXA,"Other specified effects of reduced temperature, init encntr"
N492,Inflammatory disorders of scrotum
S72031A,"Displaced midcervical fracture of right femur, init"
Z049,Encounter for examination and observation for unsp reason
H1132,"Conjunctival hemorrhage, left eye"
H109,Unspecified conjunctivitis
T17228A,"Food in pharynx causing other injury, initial encounter"
S60221A,"Contusion of right hand, initial encounter"
W51XXXA,"Accidental strike or bumped into by another person, init"
S0001XA,"Abrasion of scalp, initial encounter"
V814XXA,"Person injured wh brd/alit from rail trn/veh, init"
K7010,Alcoholic hepatitis without ascites
S60512A,"Abrasion of left hand, initial encounter"
S60511A,"Abrasion of right hand, initial encounter"
S80212A,"Abrasion, left knee, initial encounter"
S80211A,"Abrasion, right knee, initial encounter"
D509,"Iron deficiency anemia, unspecified"
T63441A,"Toxic effect of venom of bees, accidental, init"
F309,"Manic episode, unspecified"
S8391XA,"Sprain of unspecified site of right knee, initial encounter"
S93601A,"Unspecified sprain of right foot, initial encounter"
V274XXA,"Mtrcy driver injured in clsn w statnry object in traf, init"
S12090A,"Oth disp fx of first cervical vertebra, init for clos fx"
S86802A,"Unsp injury of musc/tend at lower leg level, left leg, init"
S61315A,"Laceration w/o fb of l rng fngr w damage to nail, init"
L239,"Allergic contact dermatitis, unspecified cause"
K05219,"Aggressive periodontitis, localized, unspecified severity"
J45909,"Unspecified asthma, uncomplicated"
O021,Missed abortion
R601,Generalized edema
T82598A,"Mech compl of cardiac and vascular devices and implnt, init"
D708,Other neutropenia
C8510,"Unspecified B-cell lymphoma, unspecified site"
J9859,"Other diseases of mediastinum, not elsewhere classified"
Z87891,Personal history of nicotine dependence
S22039A,"Unsp fracture of third thoracic vertebra, init for clos fx"
S22049A,"Unsp fracture of fourth thoracic vertebra, init for clos fx"
I861,Scrotal varices
R3915,Urgency of urination
R5082,Postprocedural fever
S27329A,"Contusion of lung, unspecified, initial encounter"
F322,"Major depressv disord, single epsd, sev w/o psych features"
S02602A,"Fracture of unspecified part of body of left mandible, init"
S02601A,"Fracture of unspecified part of body of right mandible, init"
R6883,Chills (without fever)
S42391A,"Oth fracture of shaft of right humerus, init for clos fx"
I4892,Unspecified atrial flutter
R609,"Edema, unspecified"
S61311A,"Laceration w/o fb of l idx fngr w damage to nail, init"
A546,Gonococcal infection of anus and rectum
S43005A,"Unspecified dislocation of left shoulder joint, init encntr"
V1988XA,"Pedl cyclst (driver) injured in oth transport acc, init"
T7621XA,"Adult sexual abuse, suspected, initial encounter"
Y0759,"Oth non-family member, perpetrator of maltreat and neglect"
K910,Vomiting following gastrointestinal surgery
Y839,"Surgical proc, unsp cause abn react/compl, w/o misadvnt"
V4950XA,"Passenger injured in collision w unsp mv in traf, init"
M25474,"Effusion, right foot"
S3982XA,"Other specified injuries of lower back, initial encounter"
L918,Other hypertrophic disorders of the skin
S4981XA,"Oth injuries of right shoulder and upper arm, init encntr"
S0101XD,"Laceration without foreign body of scalp, subs encntr"
W1830XD,"Fall on same level, unspecified, subsequent encounter"
Z4802,Encounter for removal of sutures
T83028A,"Displacement of other urinary catheter, initial encounter"
Y846,"Urinary catheterization cause abn react/compl, w/o misadvnt"
R338,Other retention of urine
L02511,Cutaneous abscess of right hand
S90211A,"Contusion of right great toe w damage to nail, init encntr"
O034,Incomplete spontaneous abortion without complication
D680,Von Willebrand's disease
K5190,"Ulcerative colitis, unspecified, without complications"
F308,Other manic episodes
F53,Puerperal psychosis
S40861A,"Insect bite (nonvenomous) of right upper arm, init encntr"
W57XXXA,"Bit/stung by nonvenom insect & oth nonvenom arthropods, init"
X509XXA,"Other and unspecified ovrexrtn or strnous move/pstr, init"
K088,Other specified disorders of teeth and supporting structures
S8002XA,"Contusion of left knee, initial encounter"
S00512A,"Abrasion of oral cavity, initial encounter"
T65891A,"Toxic effect of substances, accidental (unintentional), init"
K56699,Other intestnl obst unsp as to partial versus complete obst
Z206,Contact w and (suspected) exposure to human immunodef virus
J939,"Pneumothorax, unspecified"
Z3A28,28 weeks gestation of pregnancy
V099XXA,"Pedestrian injured in unsp transport accident, init encntr"
K632,Fistula of intestine
S52502A,"Unsp fracture of the lower end of left radius, init"
F439,"Reaction to severe stress, unspecified"
W01198A,"Fall same lev from slip/trip w strike agnst oth object, init"
S32492A,"Oth fracture of left acetabulum, init for clos fx"
I7419,Embolism and thrombosis of other parts of aorta
M79645,Pain in left finger(s)
I456,Pre-excitation syndrome
T783XXA,"Angioneurotic edema, initial encounter"
G308,Other Alzheimer's disease
F0280,Dementia in oth diseases classd elswhr w/o behavrl disturb
S67190A,"Crushing injury of right index finger, initial encounter"
S67192A,"Crushing injury of right middle finger, initial encounter"
S67191A,"Crushing injury of left index finger, initial encounter"
W231XXA,"Caught, crush, jammed, or pinched betw stationry obj, init"
V110XXA,"Pedl cyc driver injured in clsn w oth pedl cyc nontraf, init"
B029,Zoster without complications
G9520,Unspecified cord compression
F909,"Attention-deficit hyperactivity disorder, unspecified type"
L988,Oth disrd of the skin and subcutaneous tissue
S20222A,"Contusion of left back wall of thorax, initial encounter"
S99911A,"Unspecified injury of right ankle, initial encounter"
K1120,"Sialoadenitis, unspecified"
S72401A,"Unsp fracture of lower end of right femur, init for clos fx"
S72002A,"Fracture of unsp part of neck of left femur, init"
Z043,Encounter for exam and observation following oth accident
S42102A,"Fracture of unsp part of scapula, left shoulder, init"
V0390XA,"Ped on foot injured pick-up truck, pk-up/van, unsp, init"
D638,Anemia in other chronic diseases classified elsewhere
S8982XA,"Other specified injuries of left lower leg, init encntr"
T33822A,"Superficial frostbite of left foot, initial encounter"
T33821A,"Superficial frostbite of right foot, initial encounter"
X31XXXA,"Exposure to excessive natural cold, initial encounter"
S92512A,"Disp fx of proximal phalanx of left lesser toe(s), init"
S90122A,"Contusion of left lesser toe(s) w/o damage to nail, init"
D589,"Hereditary hemolytic anemia, unspecified"
S06300A,"Unsp focal TBI w/o loss of consciousness, init"
D682,Hereditary deficiency of other clotting factors
T754XXA,"Electrocution, initial encounter"
W868XXA,"Exposure to other electric current, initial encounter"
F12950,"Cannabis use, unsp with psychotic disorder with delusions"
S42002A,"Fracture of unsp part of left clavicle, init for clos fx"
K760,"Fatty (change of) liver, not elsewhere classified"
S61411A,"Laceration without foreign body of right hand, init encntr"
N610,Mastitis without abscess
O99343,"Oth mental disorders complicating pregnancy, third trimester"
Z3A30,30 weeks gestation of pregnancy
S12400A,"Unsp disp fx of fifth cervical vertebra, init for clos fx"
G6289,Other specified polyneuropathies
G4709,Other insomnia
C099,"Malignant neoplasm of tonsil, unspecified"
S82032A,"Displaced transverse fracture of left patella, init"
S066X1A,"Traum subrac hem w LOC of 30 minutes or less, init"
K56600,"Partial intestinal obstruction, unspecified as to cause"
T434X1A,"Poisoning by butyrophen/thiothixen neuroleptc, acc, init"
F1320,"Sedative, hypnotic or anxiolytic dependence, uncomplicated"
F13239,"Sedatv/hyp/anxiolytc dependence w withdrawal, unsp"
T424X2A,"Poisoning by benzodiazepines, intentional self-harm, init"
T401X2A,"Poisoning by heroin, intentional self-harm, init encntr"
F13230,"Sedatv/hyp/anxiolytc dependence w withdrawal, uncomplicated"
S298XXA,"Other specified injuries of thorax, initial encounter"
S20311A,"Abrasion of right front wall of thorax, initial encounter"
T402X5A,"Adverse effect of other opioids, initial encounter"
N99820,Postproc hemor of a GU sys org following a GU sys procedure
S92522A,"Disp fx of middle phalanx of left lesser toe(s), init"
S065X9A,"Traum subdr hem w LOC of unsp duration, init"
S82392B,"Oth fx lower end of left tibia, init for opn fx type I/2"
G8389,Other specified paralytic syndromes
N4830,"Priapism, unspecified"
S2002XA,"Contusion of left breast, initial encounter"
S36039A,"Unspecified laceration of spleen, initial encounter"
R791,Abnormal coagulation profile
S5012XA,"Contusion of left forearm, initial encounter"
I998,Other disorder of circulatory system
M5020,"Other cervical disc displacement, unsp cervical region"
T6591XA,"Toxic effect of unsp substance, accidental, init"
S838X2A,"Sprain of other specified parts of left knee, init encntr"
S0240DA,"Maxillary fracture, left side, init"
S62613A,"Disp fx of proximal phalanx of left middle finger, init"
S62620A,"Disp fx of middle phalanx of right index finger, init"
S70311A,"Abrasion, right thigh, initial encounter"
V00131A,"Fall from skateboard, initial encounter"
H532,Diplopia
S43402A,"Unspecified sprain of left shoulder joint, initial encounter"
Z23,Encounter for immunization
C50911,Malignant neoplasm of unsp site of right female breast
E2740,Unspecified adrenocortical insufficiency
M25541,Pain in joints of right hand
M25441,"Effusion, right hand"
G510,Bell's palsy
E042,Nontoxic multinodular goiter
G500,Trigeminal neuralgia
K645,Perianal venous thrombosis
R195,Other fecal abnormalities
S82251C,"Displ commnt fx shaft of r tibia, 7thC"
S82451C,"Displ commnt fx shaft of r fibula, 7thC"
V2940XA,"Mtrcy driver injured in collision w unsp mv in traf, init"
O8620,"Urinary tract infection following delivery, unspecified"
Z370,Single live birth
L02211,Cutaneous abscess of abdominal wall
C469,"Kaposi's sarcoma, unspecified"
Z048,Encounter for examination and observation for oth reasons
S86812A,"Strain of musc/tend at lower leg level, left leg, init"
K767,Hepatorenal syndrome
Z853,Personal history of malignant neoplasm of breast
S46912A,"Strain unsp musc/fasc/tend at shldr/up arm, left arm, init"
Z915,Personal history of self-harm
S0269XA,"Fracture of mandible of oth site, init for clos fx"
L738,Other specified follicular disorders
T82838A,"Hemorrhage due to vascular prosth dev/grft, init"
S12390A,"Oth disp fx of fourth cervical vertebra, init for clos fx"
V80010A,"Animl-ridr injured by fall fr horse in nonclsn acc, init"
S82252A,"Displaced comminuted fracture of shaft of left tibia, init"
I749,Embolism and thrombosis of unspecified artery
L03811,"Cellulitis of head [any part, except face]"
L700,Acne vulgaris
S32028A,"Oth fracture of second lumbar vertebra, init for clos fx"
K5790,"Dvrtclos of intest, part unsp, w/o perf or abscess w/o bleed"
M5416,"Radiculopathy, lumbar region"
S42292A,"Oth disp fx of upper end of left humerus, init for clos fx"
S020XXA,"Fracture of vault of skull, init encntr for closed fracture"
L500,Allergic urticaria
S01512A,"Laceration without foreign body of oral cavity, init encntr"
K353,Acute appendicitis with localized peritonitis
N946,"Dysmenorrhea, unspecified"
S81811A,"Laceration w/o foreign body, right lower leg, init encntr"
I83015,Varicose veins of r low extrem w ulcer oth part of foot
I83025,Varicose veins of l low extrem w ulcer oth part of foot
M79601,Pain in right arm
K863,Pseudocyst of pancreas
D644,Congenital dyserythropoietic anemia
S60392A,"Other superficial injuries of left thumb, initial encounter"
G08,Intracranial and intraspinal phlebitis and thrombophlebitis
M79644,Pain in right finger(s)
S72492A,"Oth fracture of lower end of left femur, init for clos fx"
C785,Secondary malignant neoplasm of large intestine and rectum
V5940XA,"Driver of pk-up/van injured in clsn w unsp mv in traf, init"
T43222A,"Poisn by slctv serotonin reuptake inhibtr, self-harm, init"
L03032,Cellulitis of left toe
T1592XA,"Foreign body on external eye, part unsp, left eye, init"
S6991XA,"Unsp injury of right wrist, hand and finger(s), init encntr"
T189XXA,"Foreign body of alimentary tract, part unsp, init encntr"
T80218A,"Other infection due to central venous catheter, init encntr"
T82524A,"Displacement of infusion catheter, initial encounter"
G43809,"Other migraine, not intractable, without status migrainosus"
E870,Hyperosmolality and hypernatremia
S80872A,"Other superficial bite, left lower leg, initial encounter"
J9601,Acute respiratory failure with hypoxia
E11610,Type 2 diabetes mellitus w diabetic neuropathic arthropathy
A4189,Other specified sepsis
L7632,"Postproc hematoma of skin, subcu following other procedure"
Y843,"Shock therapy cause abn react/compl, w/o misadvnt"
L02512,Cutaneous abscess of left hand
M9712XA,"Periprosth fracture around internal prosth l knee jt, init"
L0232,Furuncle of buttock
L732,Hidradenitis suppurativa
Z4801,Encounter for change or removal of surgical wound dressing
L237,"Allergic contact dermatitis due to plants, except food"
B001,Herpesviral vesicular dermatitis
J309,"Allergic rhinitis, unspecified"
I712,"Thoracic aortic aneurysm, without rupture"
S40011A,"Contusion of right shoulder, initial encounter"
S82851A,"Displaced trimalleolar fracture of right lower leg, init"
L739,"Follicular disorder, unspecified"
K649,Unspecified hemorrhoids
T501X5A,"Adverse effect of loop diuretics, initial encounter"
I5041,Acute combined systolic and diastolic (congestive) hrt fail
E118,Type 2 diabetes mellitus with unspecified complications
C61,Malignant neoplasm of prostate
F2089,Other schizophrenia
H6123,"Impacted cerumen, bilateral"
S82451A,"Displaced comminuted fracture of shaft of right fibula, init"
H539,Unspecified visual disturbance
S2249XA,"Multiple fractures of ribs, unsp side, init for clos fx"
V091XXA,"Pedestrian injured in unsp nontraffic accident, init encntr"
B070,Plantar wart
S30853A,"Superficial foreign body of scrotum and testes, init encntr"
R1901,"Right upper quadrant abdominal swelling, mass and lump"
S3991XA,"Unspecified injury of abdomen, initial encounter"
R935,"Abn findings on dx imaging of abd regions, inc retroperiton"
V130XXA,"Pedl cyc driver inj pick-up truck, pk-up/van nontraf, init"
S50312A,"Abrasion of left elbow, initial encounter"
V0190XA,"Ped on foot injured in collision w pedl cyc, unsp, init"
S61217A,"Lac w/o fb of l little finger w/o damage to nail, init"
W230XXA,"Caught, crush, jammed, or pinched betw moving objects, init"
K7030,Alcoholic cirrhosis of liver without ascites
B852,"Pediculosis, unspecified"
S80812A,"Abrasion, left lower leg, initial encounter"
R251,"Tremor, unspecified"
M6281,Muscle weakness (generalized)
Z951,Presence of aortocoronary bypass graft
T7801XA,"Anaphylactic reaction due to peanuts, initial encounter"
I119,Hypertensive heart disease without heart failure
M86171,"Other acute osteomyelitis, right ankle and foot"
S60222A,"Contusion of left hand, initial encounter"
S61214A,"Laceration w/o fb of r rng fngr w/o damage to nail, init"
I82411,Acute embolism and thrombosis of right femoral vein
E1052,Type 1 diabetes w diabetic peripheral angiopathy w gangrene
I96,"Gangrene, not elsewhere classified"
E1110,Type 2 diabetes mellitus with ketoacidosis without coma
W268XXA,"Contact with other sharp object(s), NEC, initial encounter"
T882XXA,"Shock due to anesthesia, initial encounter"
T413X5A,"Adverse effect of local anesthetics, initial encounter"
S59801A,"Other specified injuries of right elbow, initial encounter"
S6982XA,"Oth injuries of left wrist, hand and finger(s), init encntr"
G834,Cauda equina syndrome
V0920XA,"Pedestrian injured in traf involving unsp mv, init"
H1012,"Acute atopic conjunctivitis, left eye"
H1110,Unspecified conjunctival degenerations
F3189,Other bipolar disorder
M79652,Pain in left thigh
M7981,Nontraumatic hematoma of soft tissue
J040,Acute laryngitis
Z944,Liver transplant status
N5082,Scrotal pain
I803,"Phlebitis and thrombophlebitis of lower extremities, unsp"
S032XXA,"Dislocation of tooth, initial encounter"
J942,Hemothorax
L97429,Non-prs chronic ulcer of left heel and midfoot w unsp severt
E10622,Type 1 diabetes mellitus with other skin ulcer
H5442,"Blindness, left eye, normal vision right eye"
E1310,Oth diabetes mellitus with ketoacidosis without coma
E1022,Type 1 diabetes mellitus w diabetic chronic kidney disease
S82302A,"Unsp fracture of lower end of left tibia, init for clos fx"
S82445A,"Nondisplaced spiral fracture of shaft of left fibula, init"
Z993,Dependence on wheelchair
H40212,"Acute angle-closure glaucoma, left eye"
L97419,Non-prs chr ulcer of right heel and midfoot w unsp severt
H6092,"Unspecified otitis externa, left ear"
S8992XA,"Unspecified injury of left lower leg, initial encounter"
S82001A,"Unsp fracture of right patella, init for clos fx"
K8050,Calculus of bile duct w/o cholangitis or cholecyst w/o obst
R10811,Right upper quadrant abdominal tenderness
N4821,Abscess of corpus cavernosum and penis
J982,Interstitial emphysema
N813,Complete uterovaginal prolapse
K5730,Dvrtclos of lg int w/o perforation or abscess w/o bleeding
N7093,"Salpingitis and oophoritis, unspecified"
S99922A,"Unspecified injury of left foot, initial encounter"
S069X9A,"Unsp intracranial injury w LOC of unsp duration, init"
W100XXA,"Fall (on)(from) escalator, initial encounter"
K068,Oth disrd of gingiva and edentulous alveolar ridge
K750,Abscess of liver
S62612A,"Disp fx of proximal phalanx of right middle finger, init"
S52501A,"Unsp fracture of the lower end of right radius, init"
T85691A,"Mech compl of intraperitoneal dialysis catheter, init encntr"
I82413,"Acute embolism and thrombosis of femoral vein, bilateral"
I82433,"Acute embolism and thrombosis of popliteal vein, bilateral"
R419,Unsp symptoms and signs w cognitive functions and awareness
T43592A,"Poisoning by oth antipsychot/neurolept, self-harm, init"
J708,Respiratory conditions due to oth external agents
T508X5A,"Adverse effect of diagnostic agents, initial encounter"
Y92238,Oth place in hospital as place
N410,Acute prostatitis
I723,Aneurysm of iliac artery
H578,Other specified disorders of eye and adnexa
Z3201,"Encounter for pregnancy test, result positive"
S82871A,"Displaced pilon fracture of right tibia, init for clos fx"
Z01818,Encounter for other preprocedural examination
H7291,"Unspecified perforation of tympanic membrane, right ear"
O030,Genitl trct and pelvic infection fol incmpl spon abortion
N719,"Inflammatory disease of uterus, unspecified"
J390,Retropharyngeal and parapharyngeal abscess
Z936,Other artificial openings of urinary tract status
T83032A,"Leakage of nephrostomy catheter, initial encounter"
T83022A,"Displacement of nephrostomy catheter, initial encounter"
S80862A,"Insect bite (nonvenomous), left lower leg, initial encounter"
S80861A,"Insect bite (nonvenomous), right lower leg, init encntr"
S60861A,"Insect bite (nonvenomous) of right wrist, initial encounter"
H933X9,Disorders of unspecified acoustic nerve
O9989,Oth diseases and conditions compl preg/chldbrth
C569,Malignant neoplasm of unspecified ovary
R1909,"Other intra-abdominal and pelvic swelling, mass and lump"
T85618A,"Breakdown (mechanical) of internal prosth dev/grft, init"
F14920,"Cocaine use, unspecified with intoxication, uncomplicated"
S63286A,"Disloc of proximal interphaln joint of r little finger, init"
R911,Solitary pulmonary nodule
G939,"Disorder of brain, unspecified"
M7051,"Other bursitis of knee, right knee"
N83209,"Unspecified ovarian cyst, unspecified side"
N185,"Chronic kidney disease, stage 5"
S82452A,"Displaced comminuted fracture of shaft of left fibula, init"
S92351B,"Disp fx of fifth metatarsal bone, r foot, init for opn fx"
S92101B,"Unsp fracture of right talus, init encntr for open fracture"
Y9368,"Activity, volleyball (beach) (court)"
K558,Other vascular disorders of intestine
I7774,Dissection of vertebral artery
S29011A,"Strain of muscle and tendon of front wall of thorax, init"
L02416,Cutaneous abscess of left lower limb
S86912A,"Strain of unsp musc/tend at lower leg level, left leg, init"
K652,Spontaneous bacterial peritonitis
S55112A,"Laceration of radial artery at forearm level, left arm, init"
S71111A,"Laceration without foreign body, right thigh, init encntr"
T859XXA,"Unsp complication of internal prosth dev/grft, init"
M10071,"Idiopathic gout, right ankle and foot"
M25542,Pain in joints of left hand
C9500,Acute leukemia of unsp cell type not achieve remission
S12100A,"Unsp disp fx of second cervical vertebra, init for clos fx"
V139XXA,"Unsp pedl cyclst inj pick-up truck, pk-up/van in traf, init"
S32039A,"Unsp fracture of third lumbar vertebra, init for clos fx"
L0100,"Impetigo, unspecified"
T505X2A,"Poisoning by appetite depressants, self-harm, init"
E8342,Hypomagnesemia
S63501A,"Unspecified sprain of right wrist, initial encounter"
S82891A,"Oth fracture of right lower leg, init for clos fx"
F1210,"Cannabis abuse, uncomplicated"
Z4889,Encounter for other specified surgical aftercare
Y844,"Aspiration of fluid cause abn react/compl, w/o misadvnt"
M7041,"Prepatellar bursitis, right knee"
S36533A,"Laceration of sigmoid colon, initial encounter"
X838XXA,"Intentional self-harm by other specified means, init encntr"
M71161,"Other infective bursitis, right knee"
I350,Nonrheumatic aortic (valve) stenosis
I82442,Acute embolism and thrombosis of left tibial vein
T50901A,"Poisoning by unsp drug/meds/biol subst, accidental, init"
S00432A,"Contusion of left ear, initial encounter"
M5441,"Lumbago with sciatica, right side"
N50819,"Testicular pain, unspecified"
M48061,"Spinal stenosis, lumbar region without neurogenic claud"
Y835,"Amputation of limb(s) cause abn react/compl, w/o misadvnt"
L97528,Non-prs chronic ulcer oth prt left foot with oth severity
E1152,Type 2 diabetes w diabetic peripheral angiopathy w gangrene
E849,"Cystic fibrosis, unspecified"
L02212,"Cutaneous abscess of back [any part, except buttock]"
S63282A,"Disloc of proximal interphaln joint of r mid finger, init"
Z955,Presence of coronary angioplasty implant and graft
B373,Candidiasis of vulva and vagina
N6310,"Unspecified lump in the right breast, unspecified quadrant"
H1189,Other specified disorders of conjunctiva
S82241A,"Displaced spiral fracture of shaft of right tibia, init"
S82241D,"Displ spiral fx shaft of r tibia, 7thD"
S82831D,"Oth fx upr & low end r fibula, subs for clos fx w routn heal"
M79641,Pain in right hand
S68118A,"Complete traumatic MCP amputation of finger, init"
I82492,Acute embolism and thrombosis of deep vein of l low extrem
I8001,Phlebitis and thombophlb of superfic vessels of r low extrem
S43491A,"Other sprain of right shoulder joint, initial encounter"
S138XXA,"Sprain of joints and ligaments of oth prt neck, init encntr"
F11229,"Opioid dependence with intoxication, unspecified"
T8384XA,"Pain due to genitourinary prosth dev/grft, initial encounter"
O208,Other hemorrhage in early pregnancy
Z3A14,14 weeks gestation of pregnancy
J392,Other diseases of pharynx
T59811A,"Toxic effect of smoke, accidental (unintentional), init"
M20012,Mallet finger of left finger(s)
E8889,Other specified metabolic disorders
R7303,Prediabetes
K648,Other hemorrhoids
S61232A,"Pnctr w/o fb of r mid finger w/o damage to nail, init"
K7469,Other cirrhosis of liver
N5089,Other specified disorders of the male genital organs
S92422A,"Disp fx of distal phalanx of left great toe, init"
V180XXA,"Pedl cyc driver injured in nonclsn trnsp acc nontraf, init"
D473,Essential (hemorrhagic) thrombocythemia
M10072,"Idiopathic gout, left ankle and foot"
R229,"Localized swelling, mass and lump, unspecified"
R269,Unspecified abnormalities of gait and mobility
K7040,Alcoholic hepatic failure without coma
K9172,Acc pnctr & lac of a dgstv sys org during oth procedure
E161,Other hypoglycemia
T380X5A,"Adverse effect of glucocort/synth analog, init"
F312,"Bipolar disord, crnt episode manic severe w psych features"
V4988XA,"Car occupant (driver) injured in oth transport acc, init"
K5720,Dvtrcli of lg int w perforation and abscess w/o bleeding
S13141A,"Dislocation of C3/C4 cervical vertebrae, initial encounter"
H02402,Unspecified ptosis of left eyelid
M9711XA,"Periprosth fracture around internal prosth r knee jt, init"
S9001XA,"Contusion of right ankle, initial encounter"
I69359,Hemiplga following cerebral infarction affecting unsp side
Y92009,Unsp place in unsp non-institut (private) residence as place
I69959,Hemiplga following unsp cerebvasc disease aff unsp side
O3481,"Maternal care for oth abnlt of pelvic organs, first tri"
K631,Perforation of intestine (nontraumatic)
K55069,"Acute infarction of intestine, part and extent unspecified"
S0093XA,"Contusion of unspecified part of head, initial encounter"
W1812XA,"Fall from or off toilet w strike against object, init"
T8489XA,"Oth comp of internal orthopedic prosth dev/grft, init"
S40022A,"Contusion of left upper arm, initial encounter"
W182XXA,"Fall in (into) shower or empty bathtub, initial encounter"
E806,Other disorders of bilirubin metabolism
F12188,Cannabis abuse with other cannabis-induced disorder
A0811,Acute gastroenteropathy due to Norwalk agent
S96812A,"Strain of muscles and tendons at ank/ft level, l foot, init"
T1581XA,"Fb in oth and multiple parts of external eye, r eye, init"
I7409,Other arterial embolism and thrombosis of abdominal aorta
T43011A,"Poisoning by tricyclic antidepressants, accidental, init"
T43291A,"Poisoning by oth antidepressants, accidental, init"
T5891XA,"Toxic effect of carb monx from unsp source, acc, init"
F445,Conversion disorder with seizures or convulsions
S68626A,"Partial traumatic trnsphal amp of r little finger, init"
T23262A,"Burn of second degree of back of left hand, init encntr"
X102XXA,"Contact with fats and cooking oils, initial encounter"
S93492A,"Sprain of other ligament of left ankle, initial encounter"
Z9114,Patient's other noncompliance with medication regimen
M65841,"Other synovitis and tenosynovitis, right hand"
S60420A,"Blister (nonthermal) of right index finger, init encntr"
M868X4,"Other osteomyelitis, hand"
R142,Eructation
M4646,"Discitis, unspecified, lumbar region"
S3219XA,"Other fracture of sacrum, init encntr for closed fracture"
X958XXA,"Assault by other firearm discharge, initial encounter"
I63512,Cereb infrc d/t unsp occls or stenos of left mid cereb art
S71152A,"Open bite, left thigh, initial encounter"
S71151A,"Open bite, right thigh, initial encounter"
T7849XA,"Other allergy, initial encounter"
R203,Hyperesthesia
S30812A,"Abrasion of penis, initial encounter"
W503XXA,"Accidental bite by another person, initial encounter"
M96831,Postproc hemor of a ms structure following other procedure
J9692,"Respiratory failure, unspecified with hypercapnia"
S22020A,"Wedge compression fracture of second thoracic vertebra, init"
T476X5A,"Adverse effect of antidiarrheal drugs, initial encounter"
S0512XA,"Contusion of eyeball and orbital tissues, left eye, init"
O99513,"Diseases of the resp sys comp pregnancy, third trimester"
S60151A,"Contusion of right little finger w damage to nail, init"
Z3A17,17 weeks gestation of pregnancy
S42252A,"Disp fx of greater tuberosity of left humerus, init"
D46Z,Other myelodysplastic syndromes
N048,Nephrotic syndrome with other morphologic changes
Z9481,Bone marrow transplant status
R809,"Proteinuria, unspecified"
L97819,Non-pressure chronic ulcer oth prt r low leg w unsp severity
L281,Prurigo nodularis
K612,Anorectal abscess
R10816,Epigastric abdominal tenderness
S7221XA,"Displaced subtrochanteric fracture of right femur, init"
W0110XA,"Fall same lev from slip/trip w strike agnst unsp obj, init"
L97516,Non-prs chr ulc oth prt r foot with bne invl w/o evd of necr
S72011A,"Unsp intracapsular fracture of right femur, init for clos fx"
S81011A,"Laceration without foreign body, right knee, init encntr"
I898,Oth noninfective disorders of lymphatic vessels and nodes
L03211,Cellulitis of face
L0201,Cutaneous abscess of face
S21212A,"Lac w/o fb of l bk wl of thorax w/o penet thor cavity, init"
X990XXA,"Assault by sharp glass, initial encounter"
N4822,Cellulitis of corpus cavernosum and penis
K449,Diaphragmatic hernia without obstruction or gangrene
S82121A,"Disp fx of lateral condyle of right tibia, init for clos fx"
F11120,"Opioid abuse with intoxication, uncomplicated"
T543X1A,"Tox eff of corrosv alkalis and alk-like substnc, acc, init"
L298,Other pruritus
S22011A,"Stable burst fracture of first thoracic vertebra, init"
G309,"Alzheimer's disease, unspecified"
T43211A,"Poisn by slctv seroton/norepineph reup inhibtr, acc, init"
N4833,"Priapism, drug-induced"
I618,Other nontraumatic intracerebral hemorrhage
K1121,Acute sialoadenitis
S99811A,"Other specified injuries of right ankle, initial encounter"
S8981XA,"Other specified injuries of right lower leg, init encntr"
T782XXA,"Anaphylactic shock, unspecified, initial encounter"
H938X3,"Other specified disorders of ear, bilateral"
S271XXA,"Traumatic hemothorax, initial encounter"
S22019A,"Unsp fracture of first thoracic vertebra, init for clos fx"
J0100,"Acute maxillary sinusitis, unspecified"
J0110,"Acute frontal sinusitis, unspecified"
N399,"Disorder of urinary system, unspecified"
V234XXA,"Mtrcy driver injured pick-up truck, pk-up/van in traf, init"
G4489,Other headache syndrome
T378X2A,"Poisn by oth systemic anti-infect/parasit, self-harm, init"
S0282XA,"Fracture of oth skull and facial bones, left side, init"
S064X0A,"Epidural hemorrhage w/o loss of consciousness, init encntr"
S30860A,"Insect bite (nonvenomous) of lower back and pelvis, init"
T391X1A,"Poisoning by 4-Aminophenol derivatives, accidental, init"
T7809XA,"Anaphylactic reaction due to oth food products, init encntr"
L98499,Non-pressure chronic ulcer of skin of sites w unsp severity
H5462,"Unqualified visual loss, left eye, normal vision right eye"
L401,Generalized pustular psoriasis
N23,Unspecified renal colic
K2960,Other gastritis without bleeding
S82251A,"Displaced comminuted fracture of shaft of right tibia, init"
V393XXA,"Occupant (driver) of 3-whl mv injured in unsp nontraf, init"
O9A212,"Inj/poisn/oth conseq of extrn causes comp preg, second tri"
E236,Other disorders of pituitary gland
Z466,Encounter for fitting and adjustment of urinary device
H3411,"Central retinal artery occlusion, right eye"
F1123,Opioid dependence with withdrawal
S42221A,"2-part disp fx of surgical neck of right humerus, init"
S52611A,"Disp fx of right ulna styloid process, init for clos fx"
S62525A,"Nondisp fx of distal phalanx of left thumb, init for clos fx"
S638X2A,"Sprain of other part of left wrist and hand, init encntr"
W240XXA,"Contact w lifting devices, not elsewhere classified, init"
R58,"Hemorrhage, not elsewhere classified"
T424X1D,"Poisoning by benzodiazepines, accidental, subs"
T510X1D,"Toxic effect of ethanol, accidental (unintentional), subs"
F1019,Alcohol abuse with unspecified alcohol-induced disorder
L509,"Urticaria, unspecified"
N898,Other specified noninflammatory disorders of vagina
K8080,Other cholelithiasis without obstruction
D89813,"Graft-versus-host disease, unspecified"
S63635A,"Sprain of interphalangeal joint of left ring finger, init"
S60042A,"Contusion of left ring finger w/o damage to nail, init"
S62630A,"Disp fx of distal phalanx of right index finger, init"
R361,Hematospermia
Z7721,Contact w and exposure to potentially hazardous body fluids
S60032A,"Contusion of left middle finger w/o damage to nail, init"
S8991XA,"Unspecified injury of right lower leg, initial encounter"
Z3A12,12 weeks gestation of pregnancy
O4691,"Antepartum hemorrhage, unspecified, first trimester"
Z781,Physical restraint status
S272XXA,"Traumatic hemopneumothorax, initial encounter"
X811XXA,"Slf-hrm by jumping or lying in front of (subway) train, init"
F1510,"Other stimulant abuse, uncomplicated"
S90561A,"Insect bite (nonvenomous), right ankle, initial encounter"
F411,Generalized anxiety disorder
S32049A,"Unsp fracture of fourth lumbar vertebra, init for clos fx"
W11XXXA,"Fall on and from ladder, initial encounter"
B0233,Zoster keratitis
H16003,"Unspecified corneal ulcer, bilateral"
H6011,Cellulitis of right external ear
I711,"Thoracic aortic aneurysm, ruptured"
N6002,Solitary cyst of left breast
S62001A,"Unsp fracture of navicular bone of right wrist, init"
R070,Pain in throat
V4940XA,"Driver injured in collision w unsp mv in traf, init"
S01411A,"Laceration w/o fb of right cheek and TMJ area, init"
S01311A,"Laceration without foreign body of right ear, init encntr"
W450XXA,"Nail entering through skin, initial encounter"
Y9389,"Activity, other specified"
W2209XA,"Striking against other stationary object, initial encounter"
E1140,"Type 2 diabetes mellitus with diabetic neuropathy, unsp"
T23251A,"Burn of second degree of right palm, initial encounter"
T310,Burns involving less than 10% of body surface
S52331A,"Displaced oblique fracture of shaft of right radius, init"
D5700,"Hb-SS disease with crisis, unspecified"
L02213,Cutaneous abscess of chest wall
O001,Tubal pregnancy
C3492,Malignant neoplasm of unsp part of left bronchus or lung
S52121D,"Disp fx of head of r radius, subs for clos fx w routn heal"
W19XXXD,"Unspecified fall, subsequent encounter"
S61250A,"Open bite of right index finger w/o damage to nail, init"
S61230A,"Pnctr w/o fb of r idx fngr w/o damage to nail, init"
R578,Other shock
T84021A,"Dislocation of internal left hip prosthesis, init encntr"
L234,Allergic contact dermatitis due to dyes
D560,Alpha thalassemia
S50321A,"Blister (nonthermal) of right elbow, initial encounter"
S52352A,"Displaced comminuted fx shaft of radius, left arm, init"
S52252A,"Displaced comminuted fx shaft of ulna, left arm, init"
S42001A,"Fracture of unsp part of right clavicle, init for clos fx"
L949,"Localized connective tissue disorder, unspecified"
K3184,Gastroparesis
R938,Abnormal findings on diagnostic imaging of body structures
S43014A,"Anterior dislocation of right humerus, initial encounter"
S12490A,"Oth disp fx of fifth cervical vertebra, init for clos fx"
S60051A,"Contusion of right little finger w/o damage to nail, init"
H543,"Unqualified visual loss, both eyes"
S12501A,"Unsp nondisp fx of sixth cervical vertebra, init for clos fx"
S12601A,"Unsp nondisp fx of seventh cervical vertebra, init"
I748,Embolism and thrombosis of other arteries
M25062,"Hemarthrosis, left knee"
F10230,"Alcohol dependence with withdrawal, uncomplicated"
G4089,Other seizures
S99812A,"Other specified injuries of left ankle, initial encounter"
V4302XA,"Car driver injured in collision w car nontraf, init"
L292,Pruritus vulvae
S62635B,"Disp fx of distal phalanx of l rng fngr, init for opn fx"
S62637B,"Disp fx of dist phalanx of l little finger, init for opn fx"
S61335A,"Pnctr w/o foreign body of l rng fngr w damage to nail, init"
S61317A,"Laceration w/o fb of l little finger w damage to nail, init"
S53114A,"Anterior dislocation of right ulnohumeral joint, init encntr"
H9193,"Unspecified hearing loss, bilateral"
W03XXXA,"Oth fall same lev due to collision w another person, init"
K9171,Accidental pnctr & lac of a dgstv sys org dur dgstv sys proc
S01412A,"Laceration w/o foreign body of left cheek and TMJ area, init"
W08XXXA,"Fall from other furniture, initial encounter"
M25472,"Effusion, left ankle"
H918X1,"Other specified hearing loss, right ear"
A084,"Viral intestinal infection, unspecified"
I6521,Occlusion and stenosis of right carotid artery
S62616A,"Disp fx of proximal phalanx of right little finger, init"
F12929,"Cannabis use, unspecified with intoxication, unspecified"
S61215A,"Laceration w/o fb of l rng fngr w/o damage to nail, init"
S61215D,"Laceration w/o fb of l rng fngr w/o damage to nail, subs"
V199XXD,"Pedl cyclst (driver) (passenger) injured in unsp traf, subs"
S02621A,"Fracture of subcondylar process of right mandible, init"
S00572A,"Other superficial bite of oral cavity, initial encounter"
K602,"Anal fissure, unspecified"
Y908,Blood alcohol level of 240 mg/100 ml or more
M2630,Unsp anomaly of tooth position of fully erupted tooth/teeth
S60212A,"Contusion of left wrist, initial encounter"
W2103XA,"Struck by baseball, initial encounter"
N401,Benign prostatic hyperplasia with lower urinary tract symp
G252,Other specified forms of tremor
S1081XA,"Abrasion of other specified part of neck, initial encounter"
Y00XXXA,"Assault by blunt object, initial encounter"
S61531A,"Puncture wound w/o foreign body of right wrist, init encntr"
S62392A,"Oth fracture of third metacarpal bone, right hand, init"
Z3A15,15 weeks gestation of pregnancy
Z3A23,23 weeks gestation of pregnancy
F1490,"Cocaine use, unspecified, uncomplicated"
S40021A,"Contusion of right upper arm, initial encounter"
R0682,"Tachypnea, not elsewhere classified"
S0993XA,"Unspecified injury of face, initial encounter"
S60312A,"Abrasion of left thumb, initial encounter"
F451,Undifferentiated somatoform disorder
T505X5A,"Adverse effect of appetite depressants, initial encounter"
R634,Abnormal weight loss
R61,Generalized hyperhidrosis
E8779,Other fluid overload
E861,Hypovolemia
S63276A,"Disloc of unsp interphaln joint of r little finger, init"
S21112A,"Lac w/o fb of l frnt wl of thorax w/o penet thor cav, init"
W1802XA,"Striking against glass with subsequent fall, init encntr"
M79622,Pain in left upper arm
M5410,"Radiculopathy, site unspecified"
T85698A,"Mech compl of internal prosth dev/grft, init"
S43015A,"Anterior dislocation of left humerus, initial encounter"
S91311A,"Laceration without foreign body, right foot, init encntr"
T7804XA,"Anaphylactic reaction due to fruits and vegetables, init"
H9203,"Otalgia, bilateral"
S0261XA,"Fracture of condylar process of mandible, init for clos fx"
B300,Keratoconjunctivitis due to adenovirus
W1642XA,"Fall into unsp water causing other injury, init encntr"
E8351,Hypocalcemia
R10813,Right lower quadrant abdominal tenderness
B019,Varicella without complication
T8744,"Infection of amputation stump, left lower extremity"
K056,"Periodontal disease, unspecified"
S0502XA,"Inj conjunctiva and corneal abrasion w/o fb, left eye, init"
S46911A,"Strain unsp musc/fasc/tend at shldr/up arm, right arm, init"
C719,"Malignant neoplasm of brain, unspecified"
I5030,Unspecified diastolic (congestive) heart failure
S42491A,"Oth disp fx of lower end of right humerus, init for clos fx"
T68XXXA,"Hypothermia, initial encounter"
T464X5A,"Adverse effect of angiotens-convert-enzyme inhibitors, init"
R9439,Abnormal result of other cardiovascular function study
K420,"Umbilical hernia with obstruction, without gangrene"
N808,Other endometriosis
S61432A,"Puncture wound w/o foreign body of left hand, init encntr"
S76012A,"Strain of muscle, fascia and tendon of left hip, init encntr"
S92421A,"Disp fx of distal phalanx of right great toe, init"
I719,"Aortic aneurysm of unspecified site, without rupture"
C539,"Malignant neoplasm of cervix uteri, unspecified"
C787,Secondary malig neoplasm of liver and intrahepatic bile duct
Y929,Unspecified place or not applicable
L02411,Cutaneous abscess of right axilla
I771,Stricture of artery
J690,Pneumonitis due to inhalation of food and vomit
T85848A,"Pain due to other internal prosth dev/grft, init"
K900,Celiac disease
S72391A,"Oth fracture of shaft of right femur, init for clos fx"
S12120A,"Oth displaced dens fracture, init encntr for closed fracture"
C4922,"Malig neoplm of conn and soft tiss of left low limb, inc hip"
C7800,Secondary malignant neoplasm of unspecified lung
T192XXA,"Foreign body in vulva and vagina, initial encounter"
A64,Unspecified sexually transmitted disease
Z3A08,8 weeks gestation of pregnancy
T83092A,"Mech compl of nephrostomy catheter, initial encounter"
S72432A,"Disp fx of medial condyle of left femur, init for clos fx"
N151,Renal and perinephric abscess
M13871,"Other specified arthritis, right ankle and foot"
M79632,Pain in left forearm
R490,Dysphonia
M329,"Systemic lupus erythematosus, unspecified"
S72322A,"Displaced transverse fracture of shaft of left femur, init"
M9702XA,"Periprosth fracture around internal prosth l hip jt, init"
S02641A,"Fracture of ramus of right mandible, init"
N83202,"Unspecified ovarian cyst, left side"
N809,"Endometriosis, unspecified"
J95811,Postprocedural pneumothorax
K7290,"Hepatic failure, unspecified without coma"
H8120,"Vestibular neuronitis, unspecified ear"
S06370A,"Contus/lac/hem crblm w/o loss of consciousness, init"
Q048,Other specified congenital malformations of brain
R253,Fasciculation
K222,Esophageal obstruction
I82401,Acute embolism and thombos unsp deep veins of r low extrem
K5000,Crohn's disease of small intestine without complications
S61243A,"Pnctr w fb of l mid finger w/o damage to nail, init"
Z3A37,37 weeks gestation of pregnancy
S4992XA,"Unsp injury of left shoulder and upper arm, init encntr"
L309,"Dermatitis, unspecified"
S0511XA,"Contusion of eyeball and orbital tissues, right eye, init"
F6811,"Factit disord imposed on self, with predom psych signs/symp"
G932,Benign intracranial hypertension
G7000,Myasthenia gravis without (acute) exacerbation
B028,Zoster with other complications
T8454XA,"Infect/inflm reaction due to internal left knee prosth, init"
M009,"Pyogenic arthritis, unspecified"
T424X1A,"Poisoning by benzodiazepines, accidental, init"
Y9384,"Activity, sleeping"
G40409,"Oth generalized epilepsy, not intractable, w/o stat epi"
M5442,"Lumbago with sciatica, left side"
N3080,Other cystitis without hematuria
F1190,"Opioid use, unspecified, uncomplicated"
T510X1A,"Toxic effect of ethanol, accidental (unintentional), init"
G960,Cerebrospinal fluid leak
S069X1A,"Unsp intracranial injury w LOC of 30 minutes or less, init"
S40212A,"Abrasion of left shoulder, initial encounter"
R4189,Oth symptoms and signs w cognitive functions and awareness
T8781,Dehiscence of amputation stump
N3091,"Cystitis, unspecified with hematuria"
M25522,Pain in left elbow
V815XXA,"Occ of rail trn/veh injured by fall in rail trn/veh, init"
L7621,"Postproc hemor of skin, subcu fol a dermatologic procedure"
J9503,Malfunction of tracheostomy stoma
K5100,Ulcerative (chronic) pancolitis without complications
K439,Ventral hernia without obstruction or gangrene
S61439A,"Puncture wound w/o foreign body of unsp hand, init encntr"
W461XXA,"Contact with contaminated hypodermic needle, init encntr"
L7634,"Postproc seroma of skin, subcu following other procedure"
K8309,Other cholangitis
N3001,Acute cystitis with hematuria
B179,"Acute viral hepatitis, unspecified"
F10231,Alcohol dependence with withdrawal delirium
M21372,"Foot drop, left foot"
H1013,"Acute atopic conjunctivitis, bilateral"
L0211,Cutaneous abscess of neck
I4589,Other specified conduction disorders
F19939,"Other psychoactive substance use, unsp with withdrawal, unsp"
S72111A,"Disp fx of greater trochanter of right femur, init"
R4702,Dysphasia
A047,Enterocolitis due to Clostridium difficile
S01312A,"Laceration without foreign body of left ear, init encntr"
S0542XA,"Penetrating wound of orbit w or w/o fb, left eye, init"
L259,"Unspecified contact dermatitis, unspecified cause"
T82118A,"Breakdown (mechanical) of cardiac electronic device, init"
N471,Phimosis
D571,Sickle-cell disease without crisis
T691XXA,"Chilblains, initial encounter"
T33832A,"Superficial frostbite of left toe(s), initial encounter"
T33831A,"Superficial frostbite of right toe(s), initial encounter"
Z3A35,35 weeks gestation of pregnancy
M25431,"Effusion, right wrist"
J810,Acute pulmonary edema
E11622,Type 2 diabetes mellitus with other skin ulcer
L97228,Non-pressure chronic ulcer of left calf with oth severity
N2889,Other specified disorders of kidney and ureter
K8591,"Acute pancreatitis with uninfected necrosis, unspecified"
S0532XA,"Ocular lac w/o prolaps/loss of intraoc tissue, l eye, init"
M7121,"Synovial cyst of popliteal space [Baker], right knee"
F258,Other schizoaffective disorders
S62002A,"Unsp fracture of navicular bone of left wrist, init"
D72825,Bandemia
N183,"Chronic kidney disease, stage 3 (moderate)"
S0541XA,"Penetrating wound of orbit w or w/o fb, right eye, init"
S62662A,"Nondisp fx of distal phalanx of right middle finger, init"
S60031A,"Contusion of right middle finger w/o damage to nail, init"
N321,Vesicointestinal fistula
C7911,Secondary malignant neoplasm of bladder
B9689,Oth bacterial agents as the cause of diseases classd elswhr
W293XXA,"Cntct w powered garden and outdoor hand tools and mach, init"
G5601,"Carpal tunnel syndrome, right upper limb"
S82832A,"Oth fracture of upper and lower end of left fibula, init"
V988XXA,"Other specified transport accidents, initial encounter"
I604,Nontraumatic subarachnoid hemorrhage from basilar artery
R590,Localized enlarged lymph nodes
D6851,Activated protein C resistance
I253,Aneurysm of heart
T827XXA,"Infect/inflm react d/t oth cardi/vasc dev/implnt/grft, init"
L03313,Cellulitis of chest wall
I441,"Atrioventricular block, second degree"
S93491A,"Sprain of other ligament of right ankle, initial encounter"
S01111D,"Laceration w/o fb of right eyelid and periocular area, subs"
F509,"Eating disorder, unspecified"
M2550,Pain in unspecified joint
H01004,Unspecified blepharitis left upper eyelid
E0590,"Thyrotoxicosis, unsp without thyrotoxic crisis or storm"
R066,Hiccough
E8770,"Fluid overload, unspecified"
G4733,Obstructive sleep apnea (adult) (pediatric)
I890,"Lymphedema, not elsewhere classified"
B368,Other specified superficial mycoses
S50862A,"Insect bite (nonvenomous) of left forearm, initial encounter"
S20462A,"Insect bite (nonvenomous) of left back wall of thorax, init"
T426X1A,"Poisoning by oth antieplptc and sed-hypntc drugs, acc, init"
G4762,Sleep related leg cramps
Y0802XA,"Assault by strike by baseball bat, initial encounter"
S31153A,"Open bite of abd wall, right low q w/o penet perit cav, init"
S30871A,"Other superficial bite of abdominal wall, initial encounter"
N952,Postmenopausal atrophic vaginitis
L97319,Non-pressure chronic ulcer of right ankle with unsp severity
T8743,"Infection of amputation stump, right lower extremity"
R441,Visual hallucinations
L02414,Cutaneous abscess of left upper limb
M1710,"Unilateral primary osteoarthritis, unspecified knee"
M19042,"Primary osteoarthritis, left hand"
M19041,"Primary osteoarthritis, right hand"
I82432,Acute embolism and thrombosis of left popliteal vein
K759,"Inflammatory liver disease, unspecified"
S92531A,"Disp fx of distal phalanx of right lesser toe(s), init"
L408,Other psoriasis
I2119,STEMI involving oth coronary artery of inferior wall
S39092A,"Inj muscle, fascia and tendon of lower back, init encntr"
K766,Portal hypertension
C9100,Acute lymphoblastic leukemia not having achieved remission
S61532A,"Puncture wound w/o foreign body of left wrist, init encntr"
S63284A,"Dislocation of proximal interphaln joint of r rng fngr, init"
S92351A,"Disp fx of fifth metatarsal bone, right foot, init"
S4991XA,"Unsp injury of right shoulder and upper arm, init encntr"
S299XXA,"Unspecified injury of thorax, initial encounter"
S3992XA,"Unspecified injury of lower back, initial encounter"
F609,"Personality disorder, unspecified"
L308,Other specified dermatitis
N6459,Other signs and symptoms in breast
K828,Other specified diseases of gallbladder
A0472,"Enterocolitis d/t Clostridium difficile, not spcf as recur"
D271,Benign neoplasm of left ovary
S140XXA,"Concussion and edema of cervical spinal cord, init encntr"
Z9884,Bariatric surgery status
I132,Hyp hrt & chr kdny dis w hrt fail and w stg 5 chr kdny/ESRD
K115,Sialolithiasis
S70372A,"Other superficial bite of left thigh, initial encounter"
M5481,Occipital neuralgia
S50872A,"Other superficial bite of left forearm, initial encounter"
S63302A,"Traumatic rupture of unsp ligament of left wrist, init"
H43393,"Other vitreous opacities, bilateral"
W050XXA,"Fall from non-moving wheelchair, initial encounter"
R4183,Borderline intellectual functioning
S1981XA,"Other specified injuries of larynx, initial encounter"
F10921,"Alcohol use, unspecified with intoxication delirium"
F39,Unspecified mood [affective] disorder
R369,"Urethral discharge, unspecified"
S00212A,"Abrasion of left eyelid and periocular area, init encntr"
R635,Abnormal weight gain
N342,Other urethritis
J705,Respiratory conditions due to smoke inhalation
C9102,"Acute lymphoblastic leukemia, in relapse"
T7589XA,"Other specified effects of external causes, init encntr"
T368X5A,"Adverse effect of other systemic antibiotics, init encntr"
F16129,"Hallucinogen abuse with intoxication, unspecified"
S91312A,"Laceration without foreign body, left foot, init encntr"
S52532B,"Colles' fracture of left radius, init for opn fx type I/2"
J9819,Other pulmonary collapse
H4312,"Vitreous hemorrhage, left eye"
J321,Chronic frontal sinusitis
S91021A,"Laceration with foreign body, right ankle, initial encounter"
T8140XA,"Infection following a procedure, unspecified, init"
C50919,Malignant neoplasm of unsp site of unspecified female breast
H1131,"Conjunctival hemorrhage, right eye"
S42442A,"Disp fx (avulsion) of medial epicondyle of l humerus, init"
G912,(Idiopathic) normal pressure hydrocephalus
G918,Other hydrocephalus
H00014,Hordeolum externum left upper eyelid
S3022XA,"Contusion of scrotum and testes, initial encounter"
J384,Edema of larynx
S52691A,"Oth fracture of lower end of right ulna, init for clos fx"
V0100XA,"Ped on foot injured in collision w pedl cyc nontraf, init"
I7389,Other specified peripheral vascular diseases
H209,Unspecified iridocyclitis
Q612,"Polycystic kidney, adult type"
R10814,Left lower quadrant abdominal tenderness
L7682,"Oth postprocedural complications of skin, subcu"
T796XXA,"Traumatic ischemia of muscle, initial encounter"
H66002,"Acute suppr otitis media w/o spon rupt ear drum, left ear"
Z3403,"Encntr for suprvsn of normal first preg, third trimester"
Z3A39,39 weeks gestation of pregnancy
G009,"Bacterial meningitis, unspecified"
N7091,"Salpingitis, unspecified"
L400,Psoriasis vulgaris
L270,Gen skin eruption due to drugs and meds taken internally
S52591A,"Oth fractures of lower end of right radius, init for clos fx"
T185XXA,"Foreign body in anus and rectum, initial encounter"
F14288,Cocaine dependence with other cocaine-induced disorder
R400,Somnolence
R6889,Other general symptoms and signs
T370X5A,"Adverse effect of sulfonamides, initial encounter"
S51012A,"Laceration without foreign body of left elbow, init encntr"
S7292XA,"Unsp fracture of left femur, init encntr for closed fracture"
N181,"Chronic kidney disease, stage 1"
R930,"Abnormal findings on dx imaging of skull and head, NEC"
S73004A,"Unspecified dislocation of right hip, initial encounter"
Z8542,Personal history of malignant neoplasm of oth prt uterus
F1420,"Cocaine dependence, uncomplicated"
K3189,Other diseases of stomach and duodenum
C8590,"Non-Hodgkin lymphoma, unspecified, unspecified site"
S32059A,"Unsp fracture of fifth lumbar vertebra, init for clos fx"
B54,Unspecified malaria
S8261XA,"Disp fx of lateral malleolus of right fibula, init"
Y9301,"Activity, walking, marching and hiking"
L89154,"Pressure ulcer of sacral region, stage 4"
L723,Sebaceous cyst
R261,Paralytic gait
I871,Compression of vein
T794XXA,"Traumatic shock, initial encounter"
I4581,Long QT syndrome
G44009,"Cluster headache syndrome, unspecified, not intractable"
L272,Dermatitis due to ingested food
L03112,Cellulitis of left axilla
K822,Perforation of gallbladder
V164XXA,"Pedl cyc driver inj in clsn w nonmtr vehicle in traf, init"
R32,Unspecified urinary incontinence
O368130,"Decreased fetal movements, third trimester, unsp"
T22612A,"Corrosion of second degree of left forearm, init encntr"
T22511A,"Corrosion of first degree of right forearm, init encntr"
Z9483,Pancreas transplant status
M8448XA,"Pathological fracture, other site, init encntr for fracture"
T33531A,"Superficial frostbite of right finger(s), initial encounter"
T82897A,"Oth complication of cardiac prosth dev/grft, init"
F3160,"Bipolar disorder, current episode mixed, unspecified"
S92511A,"Disp fx of proximal phalanx of right lesser toe(s), init"
L02413,Cutaneous abscess of right upper limb
S060X9A,"Concussion w loss of consciousness of unsp duration, init"
K861,Other chronic pancreatitis
T85628A,"Displacement of internal prosth dev/grft, init"
Z3A26,26 weeks gestation of pregnancy
I252,Old myocardial infarction
K5710,Dvrtclos of sm int w/o perforation or abscess w/o bleeding
S61451A,"Open bite of right hand, initial encounter"
T148,Other injury of unspecified body region
S72392A,"Oth fracture of shaft of left femur, init for clos fx"
Z3202,"Encounter for pregnancy test, result negative"
S42202A,"Unsp fracture of upper end of left humerus, init for clos fx"
D1724,"Benign lipomatous neoplasm of skin, subcu of left leg"
R0603,Acute respiratory distress
I7103,Dissection of thoracoabdominal aorta
R6520,Severe sepsis without septic shock
N762,Acute vulvitis
I619,"Nontraumatic intracerebral hemorrhage, unspecified"
M7021,"Olecranon bursitis, right elbow"
S12201A,"Unsp nondisp fx of third cervical vertebra, init for clos fx"
Z77098,"Contact w and expsr to oth hazard, chiefly nonmed, chemicals"
S21052A,"Open bite of left breast, initial encounter"
L0390,"Cellulitis, unspecified"
R7611,Nonspecific reaction to skin test w/o active tuberculosis
S52125A,"Nondisp fx of head of left radius, init for clos fx"
S42295A,"Oth nondisp fx of upper end of left humerus, init"
Y038XXA,"Other assault by crashing of motor vehicle, init encntr"
S73102A,"Unspecified sprain of left hip, initial encounter"
M13852,"Other specified arthritis, left hip"
S43035A,"Inferior dislocation of left humerus, initial encounter"
I517,Cardiomegaly
J0190,"Acute sinusitis, unspecified"
G629,"Polyneuropathy, unspecified"
S52692A,"Oth fracture of lower end of left ulna, init for clos fx"
S46091A,"Inj musc/tend the rotator cuff of right shoulder, init"
N39498,Other specified urinary incontinence
Z96652,Presence of left artificial knee joint
F1690,"Hallucinogen use, unspecified, uncomplicated"
T84043A,"Periprosth fracture around internal prosth l knee jt, init"
S82852B,"Displaced trimalleol fx l low leg, init for opn fx type I/2"
W14XXXA,"Fall from tree, initial encounter"
H70002,"Acute mastoiditis without complications, left ear"
F15129,"Other stimulant abuse with intoxication, unspecified"
F15120,"Other stimulant abuse with intoxication, uncomplicated"
C786,Secondary malignant neoplasm of retroperiton and peritoneum
K5792,"Dvtrcli of intest, part unsp, w/o perf or abscess w/o bleed"
S42142A,"Disp fx of glenoid cavity of scapula, left shoulder, init"
S70312A,"Abrasion, left thigh, initial encounter"
S99821A,"Other specified injuries of right foot, initial encounter"
K8689,Other specified diseases of pancreas
B308,Other viral conjunctivitis
M7532,Calcific tendinitis of left shoulder
M7531,Calcific tendinitis of right shoulder
M19011,"Primary osteoarthritis, right shoulder"
S68612A,"Complete traumatic trnsphal amputation of r mid finger, init"
S60121A,"Contusion of right index finger w damage to nail, init"
S61452A,"Open bite of left hand, initial encounter"
H168,Other keratitis
K130,Diseases of lips
O9089,"Oth complications of the puerperium, NEC"
J383,Other diseases of vocal cords
S53402A,"Unspecified sprain of left elbow, initial encounter"
H02841,Edema of right upper eyelid
T402X1A,"Poisoning by oth opioids, accidental (unintentional), init"
Z87820,Personal history of traumatic brain injury
T451X5A,"Adverse effect of antineoplastic and immunosup drugs, init"
Q613,"Polycystic kidney, unspecified"
S66822A,"Laceration of musc/fasc/tend at wrs/hnd lv, left hand, init"
S61212A,"Laceration w/o fb of r mid finger w/o damage to nail, init"
W452XXA,"Lid of can entering through skin, initial encounter"
H93A9,"Pulsatile tinnitus, unspecified ear"
K5780,"Dvtrcli of intest, part unsp, w perf and abscess w/o bleed"
C3411,"Malignant neoplasm of upper lobe, right bronchus or lung"
E049,"Nontoxic goiter, unspecified"
S91319A,"Laceration without foreign body, unsp foot, init encntr"
S42101A,"Fracture of unsp part of scapula, right shoulder, init"
V2988XA,"Mtrcy rider (driver) injured in oth transport acc, init"
M79651,Pain in right thigh
K559,"Vascular disorder of intestine, unspecified"
E0789,Other specified disorders of thyroid
M6528,"Calcific tendinitis, other site"
M79631,Pain in right forearm
K5669,Other intestinal obstruction
W2131XA,"Struck by shoe cleats, initial encounter"
K661,Hemoperitoneum
O98812,"Oth maternal infec/parastc diseases comp preg, second tri"
O4102X0,"Oligohydramnios, second trimester, not applicable or unsp"
O30002,"Twin preg, unsp num plcnta & amnio sacs, second trimester"
O99342,"Oth mental disorders comp pregnancy, second trimester"
I824Z2,Ac emblsm and thombos unsp deep veins of left dist low extrm
T23252A,"Burn of second degree of left palm, initial encounter"
X19XXXA,"Contact with other heat and hot substances, init encntr"
K2920,Alcoholic gastritis without bleeding
N481,Balanitis
S058X1A,"Other injuries of right eye and orbit, initial encounter"
W21220A,"Struck by ice hockey puck, initial encounter"
S0231XA,"Fracture of orbital floor, right side, init"
S62634A,"Disp fx of distal phalanx of right ring finger, init"
S61314A,"Laceration w/o fb of r rng fngr w damage to nail, init"
O2692,"Pregnancy related conditions, unspecified, second trimester"
S0240EA,"Zygomatic fracture, right side, init"
G936,Cerebral edema
M4806,"Spinal stenosis, lumbar region"
N359,"Urethral stricture, unspecified"
V299XXA,"Motorcycle rider (driver) injured in unsp traf, init"
S0912XA,"Laceration of muscle and tendon of head, initial encounter"
M659,"Synovitis and tenosynovitis, unspecified"
S02119A,"Unsp fracture of occiput, init encntr for closed fracture"
F13929,"Sedatv/hyp/anxiolytc use, unsp w intoxication, unsp"
F11929,"Opioid use, unspecified with intoxication, unspecified"
L88,Pyoderma gangrenosum
T50995A,"Adverse effect of drug/meds/biol subst, init"
E7870,"Disorder of bile acid and cholesterol metabolism, unsp"
K824,Cholesterolosis of gallbladder
S52031A,"Disp fx of olecran pro w intartic extn right ulna, init"
N3000,Acute cystitis without hematuria
M1990,"Unspecified osteoarthritis, unspecified site"
R52,"Pain, unspecified"
N921,Excessive and frequent menstruation with irregular cycle
S6722XA,"Crushing injury of left hand, initial encounter"
S51822A,"Laceration with foreign body of left forearm, init encntr"
Z3A16,16 weeks gestation of pregnancy
S028XXA,"Fractures of oth skull and facial bones, init for clos fx"
H0011,Chalazion right upper eyelid
Z96641,Presence of right artificial hip joint
I38,"Endocarditis, valve unspecified"
T839XXA,"Unsp complication of genitourinary prosth dev/grft, init"
Y768,"Miscellaneous ob/gyn devices assoc w incdt, NEC"
R945,Abnormal results of liver function studies
S52601A,"Unsp fracture of lower end of right ulna, init for clos fx"
S42032A,"Disp fx of lateral end of left clavicle, init for clos fx"
M328,Other forms of systemic lupus erythematosus
S31821A,"Laceration without foreign body of left buttock, init encntr"
H73891,"Other specified disorders of tympanic membrane, right ear"
W2189XA,"Striking against or struck by oth sports equipment, init"
S0265XB,"Fracture of angle of mandible, init encntr for open fracture"
M24311,"Pathological dislocation of right shoulder, NEC"
S62630B,"Disp fx of distal phalanx of r idx fngr, init for opn fx"
F603,Borderline personality disorder
T484X2A,"Poisoning by expectorants, intentional self-harm, init"
D748,Other methemoglobinemias
S82192A,"Oth fracture of upper end of left tibia, init for clos fx"
S3210XA,"Unsp fracture of sacrum, init encntr for closed fracture"
S32501A,"Unsp fracture of right pubis, init for clos fx"
S42342A,"Displaced spiral fx shaft of humerus, left arm, init"
F250,"Schizoaffective disorder, bipolar type"
T447X1A,"Poisoning by beta-adrenocpt antagonists, accidental, init"
S36113A,"Laceration of liver, unspecified degree, initial encounter"
T82858A,"Stenosis of other vascular prosth dev/grft, init"
S82442A,"Displaced spiral fracture of shaft of left fibula, init"
S51011A,"Laceration without foreign body of right elbow, init encntr"
D693,Immune thrombocytopenic purpura
M7910,"Myalgia, unspecified site"
D72828,Other elevated white blood cell count
M84452A,"Pathological fracture, left femur, init encntr for fracture"
I340,Nonrheumatic mitral (valve) insufficiency
T7807XA,"Anaphylactic reaction due to milk and dairy products, init"
S12001A,"Unsp nondisp fx of first cervical vertebra, init for clos fx"
K91872,Postproc seroma of a dgstv sys org fol a dgstv sys procedure
A09,"Infectious gastroenteritis and colitis, unspecified"
K929,"Disease of digestive system, unspecified"
T39315A,"Adverse effect of propionic acid derivatives, init encntr"
Z3A19,19 weeks gestation of pregnancy
I669,Occlusion and stenosis of unspecified cerebral artery
S12030A,"Displaced posterior arch fx first cervcal vertebra, init"
S46311A,"Strain of musc/fasc/tend triceps, right arm, init"
K2900,Acute gastritis without bleeding
Z0279,Encounter for issue of other medical certificate
J9501,Hemorrhage from tracheostomy stoma
H4311,"Vitreous hemorrhage, right eye"
H5461,"Unqualified visual loss, right eye, normal vision left eye"
D8689,Sarcoidosis of other sites
I611,"Nontraumatic intcrbl hemorrhage in hemisphere, cortical"
M726,Necrotizing fasciitis
H338,Other retinal detachments
I728,Aneurysm of other specified arteries
I459,"Conduction disorder, unspecified"
S62621B,"Disp fx of middle phalanx of left index finger, 7thB"
S72352A,"Displaced comminuted fracture of shaft of left femur, init"
T43595A,"Adverse effect of oth antipsychotics and neuroleptics, init"
K763,Infarction of liver
G9529,Other cord compression
S52572A,"Oth intartic fracture of lower end of left radius, init"
S52612A,"Disp fx of left ulna styloid process, init for clos fx"
T148XXA,"Other injury of unspecified body region, initial encounter"
S63601A,"Unspecified sprain of right thumb, initial encounter"
W21210A,"Struck by ice hockey stick, initial encounter"
Y9239,Oth sports and athletic area as place
S62512A,"Disp fx of proximal phalanx of left thumb, init for clos fx"
S62645A,"Nondisp fx of proximal phalanx of left ring finger, init"
V890XXA,"Person injured in unsp motor-vehicle accident, nontraf, init"
E0810,Diabetes due to underlying condition w ketoacidosis w/o coma
D631,Anemia in chronic kidney disease
O219,"Vomiting of pregnancy, unspecified"
I614,Nontraumatic intracerebral hemorrhage in cerebellum
S62522A,"Disp fx of distal phalanx of left thumb, init for clos fx"
S92062A,"Displaced intraarticular fracture of left calcaneus, init"
S52024A,"Nondisp fx of olecran pro w/o intartic extn right ulna, init"
I82812,Embolism and thrombosis of superficial veins of l low extrem
Y900,Blood alcohol level of less than 20 mg/100 ml
M7088,Oth soft tissue disorders related to use/pressure oth site
S61312A,"Laceration w/o fb of r mid finger w damage to nail, init"
S62632A,"Disp fx of distal phalanx of right middle finger, init"
D869,"Sarcoidosis, unspecified"
R030,"Elevated blood-pressure reading, w/o diagnosis of htn"
O24013,"Pre-existing type 1 diabetes, in pregnancy, third trimester"
Z3A31,31 weeks gestation of pregnancy
H9192,"Unspecified hearing loss, left ear"
W548XXA,"Other contact with dog, initial encounter"
N61,Inflammatory disorders of breast
S02411A,"LeFort I fracture, initial encounter for closed fracture"
L608,Other nail disorders
S60022A,"Contusion of left index finger w/o damage to nail, init"
N99522,Malfunction of incontinent external stoma of urinary tract
R34,Anuria and oliguria
T25231A,"Burn of second degree of right toe(s) (nail), init encntr"
S66128A,"Lacerat flexor musc/fasc/tend finger at wrs/hnd lv, init"
S61551A,"Open bite of right wrist, initial encounter"
L568,Oth acute skin changes due to ultraviolet radiation
X32XXXA,"Exposure to sunlight, initial encounter"
O468X1,"Other antepartum hemorrhage, first trimester"
S68021A,"Partial traumatic MCP amputation of right thumb, init"
T85598A,"Mech compl of gastrointestinal prosth dev/grft, init"
S42301A,"Unsp fracture of shaft of humerus, right arm, init"
S0269XB,"Fracture of mandible of oth site, init for opn fx"
V776XXA,"Pasngr on bus injured in clsn w statnry object in traf, init"
S60416A,"Abrasion of right little finger, initial encounter"
V892XXA,"Person injured in unsp motor-vehicle accident, traffic, init"
L89519,"Pressure ulcer of right ankle, unspecified stage"
S52135A,"Nondisp fx of neck of left radius, init for clos fx"
I638,Other cerebral infarction
G8194,"Hemiplegia, unspecified affecting left nondominant side"
Q282,Arteriovenous malformation of cerebral vessels
S66323A,"Lacerat extn musc/fasc/tend l mid finger at wrs/hnd lv, init"
R071,Chest pain on breathing
J988,Other specified respiratory disorders
C33,Malignant neoplasm of trachea
S1191XA,"Laceration w/o foreign body of unsp part of neck, init"
J0130,"Acute sphenoidal sinusitis, unspecified"
K91841,Postproc hemor of a dgstv sys org following other procedure
I774,Celiac artery compression syndrome
H11431,"Conjunctival hyperemia, right eye"
H0015,Chalazion left lower eyelid
H00025,Hordeolum internum left lower eyelid
N491,"Inflam disorders of sperm cord, tunica vaginalis and vas def"
F200,Paranoid schizophrenia
S6411XA,"Injury of median nerve at wrs/hnd lv of right arm, init"
S66021A,"Lacerat long flexor musc/fasc/tend r thm at wrs/hnd lv, init"
T85694A,"Mech compl of insulin pump, initial encounter"
K613,Ischiorectal abscess
E7229,Other disorders of urea cycle metabolism
S31119A,"Lac w/o fb of abd wall, unsp q w/o penet perit cav, init"
O2342,"Unsp infct of urinary tract in pregnancy, second trimester"
M5116,"Intervertebral disc disorders w radiculopathy, lumbar region"
S42351A,"Displaced comminuted fx shaft of humerus, right arm, init"
S42441A,"Disp fx (avulsion) of medial epicondyle of r humerus, init"
M868X8,"Other osteomyelitis, other site"
J9851,Mediastinitis
S92322A,"Disp fx of second metatarsal bone, left foot, init"
I498,Other specified cardiac arrhythmias
R008,Other abnormalities of heart beat
Z3A21,21 weeks gestation of pregnancy
A749,"Chlamydial infection, unspecified"
L209,"Atopic dermatitis, unspecified"
J95830,Postproc hemor of a resp sys org fol a resp sys procedure
N280,Ischemia and infarction of kidney
R1904,"Left lower quadrant abdominal swelling, mass and lump"
L89159,"Pressure ulcer of sacral region, unspecified stage"
T81718A,"Complication of artery following a procedure, NEC, init"
S62611A,"Disp fx of proximal phalanx of left index finger, init"
S41001A,"Unspecified open wound of right shoulder, initial encounter"
K5130,Ulcerative (chronic) rectosigmoiditis without complications
R159,Full incontinence of feces
S82842A,"Displaced bimalleolar fracture of left lower leg, init"
M11271,"Other chondrocalcinosis, right ankle and foot"
S60412A,"Abrasion of right middle finger, initial encounter"
J9509,Other tracheostomy complication
M660,Rupture of popliteal cyst
K56690,Other partial intestinal obstruction
S02609B,"Fracture of mandible, unsp, init encntr for open fracture"
J948,Other specified pleural conditions
S0240FA,"Zygomatic fracture, left side, init"
B369,"Superficial mycosis, unspecified"
V4959XA,"Passenger injured in collision w oth mv in traf, init"
R571,Hypovolemic shock
R0982,Postnasal drip
S0122XA,"Laceration with foreign body of nose, initial encounter"
H60502,"Unspecified acute noninfective otitis externa, left ear"
Z3A27,27 weeks gestation of pregnancy
O99412,"Diseases of the circ sys comp pregnancy, second trimester"
S86311A,"Strain musc/tend peroneal grp at low leg lev, r leg, init"
H04302,Unspecified dacryocystitis of left lacrimal passage
S065X1A,"Traum subdr hem w LOC of 30 minutes or less, init"
S76311A,"Strain msl/fasc/tnd post grp at thi lev, right thigh, init"
J112,Influenza due to unidentified influenza virus w GI manifest
T84040A,"Periprosth fracture around internal prosth r hip jt, init"
R310,Gross hematuria
S93502A,"Unspecified sprain of left great toe, initial encounter"
F302,"Manic episode, severe with psychotic symptoms"
K8510,Biliary acute pancreatitis without necrosis or infection
S1091XA,"Abrasion of unspecified part of neck, initial encounter"
T8383XA,"Hemorrhage due to genitourinary prosth dev/grft, init"
I862,Pelvic varices
S72012A,"Unsp intracapsular fracture of left femur, init for clos fx"
S12190A,"Oth disp fx of second cervical vertebra, init for clos fx"
E611,Iron deficiency
G894,Chronic pain syndrome
M5106,"Intervertebral disc disorders with myelopathy, lumbar region"
M7042,"Prepatellar bursitis, left knee"
J1100,Flu due to unidentified flu virus w unsp type of pneumonia
R2689,Other abnormalities of gait and mobility
Z9981,Dependence on supplemental oxygen
S4982XA,"Oth injuries of left shoulder and upper arm, init encntr"
S90212A,"Contusion of left great toe with damage to nail, init encntr"
R061,Stridor
L03314,Cellulitis of groin
F6581,Frotteurism
M609,"Myositis, unspecified"
S82292A,"Oth fracture of shaft of left tibia, init for clos fx"
S143XXA,"Injury of brachial plexus, initial encounter"
S36899A,"Unsp injury of other intra-abdominal organs, init encntr"
S21111A,"Lac w/o fb of r frnt wl of thorax w/o penet thor cav, init"
X999XXA,"Assault by unspecified sharp object, initial encounter"
S62636A,"Disp fx of distal phalanx of right little finger, init"
S0033XA,"Contusion of nose, initial encounter"
K8010,Calculus of gallbladder w chronic cholecyst w/o obstruction
S7222XA,"Displaced subtrochanteric fracture of left femur, init"
L271,Loc skin eruption due to drugs and meds taken internally
T391X5A,"Adverse effect of 4-Aminophenol derivatives, init encntr"
I770,"Arteriovenous fistula, acquired"
S02842A,"Fracture of lateral orbital wall, left side, init"
Z331,"Pregnant state, incidental"
Z975,Presence of (intrauterine) contraceptive device
V786XXA,"Pasngr on bus injured in nonclsn trnsp acc in traf, init"
M79621,Pain in right upper arm
K2210,Ulcer of esophagus without bleeding
R931,Abnormal findings on dx imaging of heart and cor circ
L041,Acute lymphadenitis of trunk
C649,"Malignant neoplasm of unsp kidney, except renal pelvis"
S61422A,"Laceration with foreign body of left hand, initial encounter"
S59802A,"Other specified injuries of left elbow, initial encounter"
K148,Other diseases of tongue
S4352XA,"Sprain of left acromioclavicular joint, initial encounter"
T83198A,"Mech compl of oth urinary devices and implants, init encntr"
T483X1A,"Poisoning by antitussives, accidental (unintentional), init"
W298XXA,"Cntct with other powered hand tools and household mach, init"
S99921A,"Unspecified injury of right foot, initial encounter"
S6412XA,"Injury of median nerve at wrs/hnd lv of left arm, init"
H00024,Hordeolum internum left upper eyelid
S41112A,"Laceration w/o foreign body of left upper arm, init encntr"
W269XXA,"Contact with unspecified sharp object(s), initial encounter"
G10,Huntington's disease
K904,"Malabsorption due to intolerance, not elsewhere classified"
S1185XA,"Open bite of other specified part of neck, initial encounter"
O2243,"Hemorrhoids in pregnancy, third trimester"
G2581,Restless legs syndrome
J1000,Flu due to oth ident flu virus w unsp type of pneumonia
S91341A,"Puncture wound with foreign body, right foot, init encntr"
S060X0D,"Concussion without loss of consciousness, subs encntr"
S42001D,"Fx unsp part of r clavicle, subs for fx w routn heal"
V299XXD,"Motorcycle rider (driver) injured in unsp traf, subs"
M4624,"Osteomyelitis of vertebra, thoracic region"
T428X1A,"Poisn by antiparkns drug/centr musc-tone depr, acc, init"
T82514A,"Breakdown (mechanical) of infusion catheter, init encntr"
S93602A,"Unspecified sprain of left foot, initial encounter"
J00,Acute nasopharyngitis [common cold]
S70922A,"Unspecified superficial injury of left thigh, init encntr"
S70921A,"Unspecified superficial injury of right thigh, init encntr"
S64490A,"Injury of digital nerve of right index finger, init encntr"
S64492A,"Injury of digital nerve of right middle finger, init encntr"
S728X2A,"Oth fracture of left femur, init encntr for closed fracture"
M5432,"Sciatica, left side"
S02609A,"Fracture of mandible, unsp, init encntr for closed fracture"
D734,Cyst of spleen
N281,"Cyst of kidney, acquired"
C800,"Disseminated malignant neoplasm, unspecified"
T363X5A,"Adverse effect of macrolides, initial encounter"
J80,Acute respiratory distress syndrome
O9A213,"Inj/poisn/oth conseq of external causes comp preg, third tri"
S3981XA,"Other specified injuries of abdomen, initial encounter"
S42215A,"Unsp nondisp fx of surgical neck of left humerus, init"
I824Z1,Ac emblsm and thombos unsp deep veins of r dist low extrm
H00015,Hordeolum externum left lower eyelid
K36,Other appendicitis
S70362A,"Insect bite (nonvenomous), left thigh, initial encounter"
W274XXA,"Contact with kitchen utensil, initial encounter"
R838,Other abnormal findings in cerebrospinal fluid
R049,"Hemorrhage from respiratory passages, unspecified"
O2302,"Infections of kidney in pregnancy, second trimester"
S32421A,"Disp fx of posterior wall of right acetabulum, init"
S42492B,"Oth disp fx of lower end of left humerus, init for opn fx"
H608X3,"Other otitis externa, bilateral"
S92335A,"Nondisp fx of third metatarsal bone, left foot, init"
S92345A,"Nondisp fx of fourth metatarsal bone, left foot, init"
V485XXA,"Car driver injured in nonclsn trnsp accident in traf, init"
S60211A,"Contusion of right wrist, initial encounter"
S0242XA,"Fracture of alveolus of maxilla, init for clos fx"
N750,Cyst of Bartholin's gland
S82831B,"Oth fx upper and low end r fibula, init for opn fx type I/2"
Z91120,Pt intentl undrdose of meds regimen due to financl hardship
S1090XA,"Unsp superficial injury of unsp part of neck, init encntr"
B309,"Viral conjunctivitis, unspecified"
H1032,"Unspecified acute conjunctivitis, left eye"
R10821,Right upper quadrant rebound abdominal tenderness
R10823,Right lower quadrant rebound abdominal tenderness
I745,Embolism and thrombosis of iliac artery
D320,Benign neoplasm of cerebral meninges
T39312A,"Poisoning by propionic acid derivatives, self-harm, init"
T398X2A,"Poisn by oth nonopio analges/antipyret, NEC, self-harm, init"
S43012A,"Anterior subluxation of left humerus, initial encounter"
I6202,Nontraumatic subacute subdural hemorrhage
N202,Calculus of kidney with calculus of ureter
T25222A,"Burn of second degree of left foot, initial encounter"
J9690,"Respiratory failure, unsp, unsp w hypoxia or hypercapnia"
R091,Pleurisy
G600,Hereditary motor and sensory neuropathy
L03221,Cellulitis of neck
S21312A,"Lac w/o fb of l frnt wl of thorax w penet thor cavity, init"
I83891,Varicose veins of r low extrem with other complications
T886XXA,"Anaphyl reaction due to advrs eff drug/med prop admin, init"
M50022,Cervical disc disorder at C5-C6 level with myelopathy
M50023,Cervical disc disorder at C6-C7 level with myelopathy
S2243XA,"Multiple fractures of ribs, bilateral, init for clos fx"
K639,"Disease of intestine, unspecified"
C7952,Secondary malignant neoplasm of bone marrow
S0531XA,"Ocular lac w/o prolaps/loss of intraoc tissue, r eye, init"
B0229,Other postherpetic nervous system involvement
G4700,"Insomnia, unspecified"
O045,Genitl trct and pelvic infct fol (induced) term of pregnancy
B0052,Herpesviral keratitis
S0303XA,"Dislocation of jaw, bilateral, initial encounter"
S51851A,"Open bite of right forearm, initial encounter"
Y041XXA,"Assault by human bite, initial encounter"
N452,Orchitis
L508,Other urticaria
B084,Enteroviral vesicular stomatitis with exanthem
J9502,Infection of tracheostomy stoma
J398,Other specified diseases of upper respiratory tract
T8452XA,"Infect/inflm reaction due to internal left hip prosth, init"
Y792,Prosth/oth implnt/mtrls orthopedic devices assoc w incdt
T450X2A,"Poisoning by antiallerg/antiemetic, self-harm, init"
S46212A,"Strain of musc/fasc/tend prt biceps, left arm, init"
H1089,Other conjunctivitis
L02215,Cutaneous abscess of perineum
L03315,Cellulitis of perineum
D119,"Benign neoplasm of major salivary gland, unspecified"
M2669,Other specified disorders of temporomandibular joint
S0301XA,"Dislocation of jaw, right side, initial encounter"
S0302XA,"Dislocation of jaw, left side, initial encounter"
E46,Unspecified protein-calorie malnutrition
S36116A,"Major laceration of liver, initial encounter"
K098,"Other cysts of oral region, not elsewhere classified"
S199XXA,"Unspecified injury of neck, initial encounter"
K8070,Calculus of GB and bile duct w/o cholecyst w/o obstruction
C801,"Malignant (primary) neoplasm, unspecified"
S20362A,"Insect bite (nonvenomous) of left front wall of thorax, init"
S20361A,"Insect bite (nonvenomous) of r frnt wl of thorax, init"
S30861A,"Insect bite (nonvenomous) of abdominal wall, init encntr"
S00412A,"Abrasion of left ear, initial encounter"
S63633A,"Sprain of interphalangeal joint of left middle finger, init"
I615,"Nontraumatic intracerebral hemorrhage, intraventricular"
T592X1A,"Toxic effect of formaldehyde, accidental, init"
I808,Phlebitis and thrombophlebitis of other sites
M96830,Postproc hemor of a ms structure fol a ms sys procedure
S02612A,"Fracture of condylar process of left mandible, init"
D171,"Benign lipomatous neoplasm of skin, subcu of trunk"
R160,"Hepatomegaly, not elsewhere classified"
S93501A,"Unspecified sprain of right great toe, initial encounter"
H11423,"Conjunctival edema, bilateral"
M84454A,"Pathological fracture, pelvis, init encntr for fracture"
S82402A,"Unsp fracture of shaft of left fibula, init for clos fx"
I6200,"Nontraumatic subdural hemorrhage, unspecified"
S60411A,"Abrasion of left index finger, initial encounter"
M24312,"Pathological dislocation of left shoulder, NEC"
T361X5A,"Adverse effect of cephalospor/oth beta-lactm antibiot, init"
D508,Other iron deficiency anemias
C541,Malignant neoplasm of endometrium
H00021,Hordeolum internum right upper eyelid
Y92199,Unsp place in oth residential institution as place
Z3A36,36 weeks gestation of pregnancy
S82832B,"Oth fx upper and low end l fibula, init for opn fx type I/2"
L559,"Sunburn, unspecified"
H02401,Unspecified ptosis of right eyelid
H3322,"Serous retinal detachment, left eye"
M79674,Pain in right toe(s)
S72114A,"Nondisp fx of greater trochanter of right femur, init"
S52532A,"Colles' fracture of left radius, init for clos fx"
S62022A,"Disp fx of middle third of navicular bone of l wrist, init"
I7771,Dissection of carotid artery
I8392,Asymptomatic varicose veins of left lower extremity
I743,Embolism and thrombosis of arteries of the lower extremities
S12110A,"Anterior displaced Type II dens fracture, init for clos fx"
S42291A,"Oth disp fx of upper end of right humerus, init for clos fx"
S20172A,"Other superficial bite of breast, left breast, init encntr"
S20171A,"Other superficial bite of breast, right breast, init encntr"
S40872A,"Other superficial bite of left upper arm, initial encounter"
S40871A,"Other superficial bite of right upper arm, initial encounter"
Y0703,"Male partner, perpetrator of maltreatment and neglect"
R785,Finding of other psychotropic drug in blood
F19921,"Oth psychoactive substance use, unsp w intox w delirium"
S064X9A,"Epidural hemorrhage w LOC of unsp duration, init"
V00141A,"Fall from scooter (nonmotorized), initial encounter"
S40862A,"Insect bite (nonvenomous) of left upper arm, init encntr"
S20369A,"Insect bite (nonvenomous) of unsp front wall of thorax, init"
K30,Functional dyspepsia
S90821A,"Blister (nonthermal), right foot, initial encounter"
S90425A,"Blister (nonthermal), left lesser toe(s), initial encounter"
S90424A,"Blister (nonthermal), right lesser toe(s), initial encounter"
Z0489,Encounter for examination and observation for oth reasons
I83018,Varicose veins of r low extrem w ulcer oth part of lower leg
S30820A,"Blister (nonthermal) of lower back and pelvis, init encntr"
S00561A,"Insect bite (nonvenomous) of lip, initial encounter"
I351,Nonrheumatic aortic (valve) insufficiency
S83512A,"Sprain of anterior cruciate ligament of left knee, init"
V8655XA,"Driver of 3- or 4- wheeled ATV injured nontraf, init"
S51852A,"Open bite of left forearm, initial encounter"
W278XXA,"Contact with other nonpowered hand tool, initial encounter"
Z3A29,29 weeks gestation of pregnancy
S79912A,"Unspecified injury of left hip, initial encounter"
M4856XA,"Collapsed vertebra, NEC, lumbar region, init"
M25442,"Effusion, left hand"
V735XXA,"Driver of bus injured pick-up truck, pk-up/van in traf, init"
Y92410,Unsp street and highway as place
H9221,"Otorrhagia, right ear"
S00411A,"Abrasion of right ear, initial encounter"
R6510,SIRS of non-infectious origin w/o acute organ dysfunction
S90512A,"Abrasion, left ankle, initial encounter"
F12129,"Cannabis abuse with intoxication, unspecified"
L03312,Cellulitis of back [any part except buttock]
H53122,"Transient visual loss, left eye"
S01452A,"Open bite of left cheek and temporomandibular area, init"
S22088A,"Oth fracture of T11-T12 vertebra, init for clos fx"
K120,Recurrent oral aphthae
T371X5A,"Adverse effect of antimycobacterial drugs, initial encounter"
A198,Other miliary tuberculosis
S42292B,"Oth disp fx of upper end of left humerus, init for opn fx"
R250,Abnormal head movements
S91011A,"Laceration without foreign body, right ankle, init encntr"
I493,Ventricular premature depolarization
S40262A,"Insect bite (nonvenomous) of left shoulder, init encntr"
S40261A,"Insect bite (nonvenomous) of right shoulder, init encntr"
S1985XA,"Oth injuries of pharynx and cervical esophagus, init encntr"
Z431,Encounter for attention to gastrostomy
H4922,"Sixth [abducent] nerve palsy, left eye"
T23131A,"Burn first deg mult right fngr (nail), not inc thumb, init"
W860XXA,"Exposure to domestic wiring and appliances, init encntr"
T450X5A,"Adverse effect of antiallergic and antiemetic drugs, init"
S0080XA,"Unsp superficial injury of other part of head, init encntr"
S86811A,"Strain of musc/tend at lower leg level, right leg, init"
M4644,"Discitis, unspecified, thoracic region"
N454,Abscess of epididymis or testis
I708,Atherosclerosis of other arteries
F0391,Unspecified dementia with behavioral disturbance
S53115A,"Anterior dislocation of left ulnohumeral joint, init encntr"
M868X7,"Other osteomyelitis, ankle and foot"
I8290,Acute embolism and thrombosis of unspecified vein
S82892A,"Oth fracture of left lower leg, init for clos fx"
S14129A,"Central cord synd at unsp level of cerv spinal cord, init"
S92352A,"Disp fx of fifth metatarsal bone, left foot, init"
S86911A,"Strain of unsp musc/tend at lower leg level, right leg, init"
V9339XA,"Fall on board unspecified watercraft, initial encounter"
V00121A,"Fall from non-in-line roller-skates, initial encounter"
S60041A,"Contusion of right ring finger w/o damage to nail, init"
T402X2A,"Poisoning by oth opioids, intentional self-harm, init encntr"
M84522A,"Pathological fracture in neoplastic disease, l humerus, init"
I8501,Esophageal varices with bleeding
N83511,Torsion of right ovary and ovarian pedicle
F15929,"Other stimulant use, unsp with intoxication, unspecified"
S61241A,"Pnctr w foreign body of l idx fngr w/o damage to nail, init"
G43A0,"Cyclical vomiting, not intractable"
F1310,"Sedative, hypnotic or anxiolytic abuse, uncomplicated"
S06309A,"Unsp focal TBI w LOC of unsp duration, init"
W5519XA,"Other contact with horse, initial encounter"
S92331A,"Disp fx of third metatarsal bone, right foot, init"
S42421B,"Displ commnt suprcndl fx w/o intrcndl fx r humer, 7thB"
H4710,Unspecified papilledema
M47892,"Other spondylosis, cervical region"
T17890A,"Oth foreign object in oth prt resp tract cause asphyx, init"
S76112A,"Strain of left quadriceps muscle, fascia and tendon, init"
M273,Alveolitis of jaws
W2102XA,"Struck by soccer ball, initial encounter"
S62633B,"Disp fx of distal phalanx of l mid finger, init for opn fx"
A6009,Herpesviral infection of other urogenital tract
S59902A,"Unspecified injury of left elbow, initial encounter"
S92321A,"Disp fx of second metatarsal bone, right foot, init"
S92341A,"Disp fx of fourth metatarsal bone, right foot, init"
S63617A,"Unspecified sprain of left little finger, initial encounter"
S92025A,"Nondisp fx of anterior process of left calcaneus, init"
S92142A,"Displaced dome fracture of left talus, init for clos fx"
T84127A,"Displacement of int fix of bone of left lower leg, init"
S92221A,"Disp fx of lateral cuneiform of right foot, init for clos fx"
E1043,Type 1 diabetes w diabetic autonomic (poly)neuropathy
H60392,"Other infective otitis externa, left ear"
T829XXA,"Unsp comp of cardiac and vascular prosth dev/grft, init"
T22212S,"Burn of second degree of left forearm, sequela"
T23202S,"Burn of second degree of left hand, unsp site, sequela"
X101XXS,"Contact with hot food, sequela"
T22212A,"Burn of second degree of left forearm, initial encounter"
H7292,"Unspecified perforation of tympanic membrane, left ear"
G809,"Cerebral palsy, unspecified"
E0500,Thyrotoxicosis w diffuse goiter w/o thyrotoxic crisis
J0140,"Acute pansinusitis, unspecified"
H15102,"Unspecified episcleritis, left eye"
T82528A,"Displacmnt of cardiac and vascular devices and implnt, init"
S61236A,"Pnctr w/o fb of r little finger w/o damage to nail, init"
L89153,"Pressure ulcer of sacral region, stage 3"
J340,"Abscess, furuncle and carbuncle of nose"
M25451,"Effusion, right hip"
M7661,"Achilles tendinitis, right leg"
J9691,"Respiratory failure, unspecified with hypoxia"
S31040A,"Pnctr w fb of low back and pelv w/o penet retroperiton, init"
S79821A,"Other specified injuries of right thigh, initial encounter"
S63283A,"Disloc of proximal interphaln joint of l mid finger, init"
I7102,Dissection of abdominal aorta
T25212A,"Burn of second degree of left ankle, initial encounter"
V425XXA,"Car driver injured in collision w 2/3-whl mv in traf, init"
R739,"Hyperglycemia, unspecified"
M5417,"Radiculopathy, lumbosacral region"
N136,Pyonephrosis
J208,Acute bronchitis due to other specified organisms
G7001,Myasthenia gravis with (acute) exacerbation
S46001A,"Unsp inj musc/tend the rotator cuff of r shoulder, init"
K2980,Duodenitis without bleeding
K055,Other periodontal diseases
W3182XA,"Contact with other commercial machinery, initial encounter"
T85518A,"Breakdown (mechanical) of GI prosth dev/grft, init"
H269,Unspecified cataract
S91322A,"Laceration with foreign body, left foot, initial encounter"
D270,Benign neoplasm of right ovary
V7988XA,"Bus occupant (driver) injured in oth transport acc, init"
S92412A,"Disp fx of proximal phalanx of left great toe, init"
S92532A,"Disp fx of distal phalanx of left lesser toe(s), init"
S90112A,"Contusion of left great toe w/o damage to nail, init encntr"
G44319,"Acute post-traumatic headache, not intractable"
I2589,Other forms of chronic ischemic heart disease
N751,Abscess of Bartholin's gland
O80,Encounter for full-term uncomplicated delivery
R1319,Other dysphagia
S82871B,"Displaced pilon fx right tibia, init for opn fx type I/2"
J0380,Acute tonsillitis due to other specified organisms
G5603,"Carpal tunnel syndrome, bilateral upper limbs"
T59891A,"Toxic effect of gases, fumes and vapors, accidental, init"
H933X1,Disorders of right acoustic nerve
H40051,"Ocular hypertension, right eye"
S92192A,"Oth fracture of left talus, init encntr for closed fracture"
S92191A,"Oth fracture of right talus, init encntr for closed fracture"
F639,"Impulse disorder, unspecified"
S63697A,"Other sprain of left little finger, initial encounter"
S42034A,"Nondisp fx of lateral end of right clavicle, init"
S50811A,"Abrasion of right forearm, initial encounter"
O2242,"Hemorrhoids in pregnancy, second trimester"
H4903,"Third [oculomotor] nerve palsy, bilateral"
J985,"Diseases of mediastinum, not elsewhere classified"
S52292A,"Oth fracture of shaft of left ulna, init for clos fx"
S65111A,"Laceration of radial artery at wrs/hnd lv of right arm, init"
W501XXA,"Accidental kick by another person, initial encounter"
T847XXA,"Infect/inflm react due to oth int orth prosth dev/grft, init"
M799,"Soft tissue disorder, unspecified"
Y793,"Surgical instrumnt, materials and orth devices assoc w incdt"
S32048A,"Oth fracture of fourth lumbar vertebra, init for clos fx"
K819,"Cholecystitis, unspecified"
L97829,Non-pressure chronic ulcer oth prt l low leg w unsp severity
L97329,Non-pressure chronic ulcer of left ankle with unsp severity
S62324A,"Disp fx of shaft of fourth metacarpal bone, right hand, init"
F1590,"Other stimulant use, unspecified, uncomplicated"
F19129,"Other psychoactive substance abuse with intoxication, unsp"
I7300,Raynaud's syndrome without gangrene
S73191A,"Other sprain of right hip, initial encounter"
S60410A,"Abrasion of right index finger, initial encounter"
S68122A,"Partial traumatic MCP amputation of r mid finger, init"
S68114A,"Complete traumatic MCP amputation of right ring finger, init"
S32511A,"Fracture of superior rim of right pubis, init for clos fx"
T34832A,"Frostbite with tissue necrosis of left toe(s), init encntr"
T34831A,"Frostbite with tissue necrosis of right toe(s), init encntr"
S9002XA,"Contusion of left ankle, initial encounter"
V446XXA,"Car passenger injured in collision w hv veh in traf, init"
V470XXA,"Car driver injured in clsn with statnry object nontraf, init"
T44901A,"Poisn by unsp drugs aff the autonm nervous sys, acc, init"
S06360A,"Traum hemor cereb, w/o loss of consciousness, init"
S62115A,"Nondisp fx of triquetrum bone, left wrist, init for clos fx"
S02402A,"Zygomatic fracture, unspecified side, init"
S0264XA,"Fracture of ramus of mandible, init for clos fx"
S02642A,"Fracture of ramus of left mandible, init"
L97428,Non-prs chronic ulcer of left heel/midft with oth severity
R0681,"Apnea, not elsewhere classified"
Y9302,"Activity, running"
H02844,Edema of left upper eyelid
R230,Cyanosis
T41291A,"Poisoning by oth general anesthetics, accidental, init"
T513X2A,"Toxic effect of fusel oil, intentional self-harm, init"
C8330,"Diffuse large B-cell lymphoma, unspecified site"
M779,"Enthesopathy, unspecified"
S62524A,"Nondisp fx of distal phalanx of right thumb, init"
B370,Candidal stomatitis
B9789,Oth viral agents as the cause of diseases classd elswhr
N6322,"Unspecified lump in the left breast, upper inner quadrant"
I6503,Occlusion and stenosis of bilateral vertebral arteries
S52122A,"Disp fx of head of left radius, init for clos fx"
S52124A,"Nondisp fx of head of right radius, init for clos fx"
S62114A,"Nondisp fx of triquetrum bone, right wrist, init for clos fx"
B9620,Unsp Escherichia coli as the cause of diseases classd elswhr
T79A11A,"Traumatic compartment syndrome of r up extrem, init"
G032,Benign recurrent meningitis [Mollaret]
G008,Other bacterial meningitis
G030,Nonpyogenic meningitis
G039,"Meningitis, unspecified"
H6012,Cellulitis of left external ear
R4689,Other symptoms and signs involving appearance and behavior
S63642A,"Sprain of metacarpophalangeal joint of left thumb, init"
M11872,"Other specified crystal arthropathies, left ankle and foot"
M11842,"Other specified crystal arthropathies, left hand"
S0031XA,"Abrasion of nose, initial encounter"
S40812A,"Abrasion of left upper arm, initial encounter"
S40811A,"Abrasion of right upper arm, initial encounter"
S71112A,"Laceration without foreign body, left thigh, init encntr"
S0991XA,"Unspecified injury of ear, initial encounter"
Z7151,Drug abuse counseling and surveillance of drug abuser
S01111S,"Lac w/o fb of right eyelid and periocular area, sequela"
W51XXXS,"Accidental strike or bumped into by another person, sequela"
S59812A,"Other specified injuries left forearm, initial encounter"
Q898,Other specified congenital malformations
K9419,Other complications of enterostomy
K9422,Gastrostomy infection
S62307A,"Unsp fracture of fifth metacarpal bone, left hand, init"
C8371,"Burkitt lymphoma, lymph nodes of head, face, and neck"
S68120A,"Partial traumatic MCP amputation of right index finger, init"
S68126A,"Partial traumatic MCP amputation of r little finger, init"
S68124A,"Partial traumatic MCP amputation of right ring finger, init"
R232,Flushing
C321,Malignant neoplasm of supraglottis
I513,"Intracardiac thrombosis, not elsewhere classified"
Z95810,Presence of automatic (implantable) cardiac defibrillator
S91215A,"Lac w/o fb of left lesser toe(s) w damage to nail, init"
S62320A,"Disp fx of shaft of second metacarpal bone, right hand, init"
W2105XA,"Struck by basketball, initial encounter"
K623,Rectal prolapse
M60862,"Other myositis, left lower leg"
S12690A,"Oth disp fx of seventh cervical vertebra, init for clos fx"
W1781XA,"Fall down embankment (hill), initial encounter"
S12590A,"Oth disp fx of sixth cervical vertebra, init for clos fx"
S20312A,"Abrasion of left front wall of thorax, initial encounter"
M170,Bilateral primary osteoarthritis of knee
G43109,"Migraine with aura, not intractable, w/o status migrainosus"
R944,Abnormal results of kidney function studies
O365910,"Matern care for oth or susp poor fetl grth, 1st tri, unsp"
Z765,Malingerer [conscious simulation]
O721,Other immediate postpartum hemorrhage
W4904XA,"Ring or oth jewelry causing external constriction, init"
S82222C,"Displ transverse fx shaft of l tibia, 7thC"
T670XXA,"Heatstroke and sunstroke, initial encounter"
K668,Other specified disorders of peritoneum
Y834,"Oth recnst surgery cause abn react/compl, w/o misadvnt"
J9811,Atelectasis
K589,Irritable bowel syndrome without diarrhea
O3480,"Maternal care for oth abnlt of pelvic organs, unsp trimester"
N8312,Corpus luteum cyst of left ovary
N134,Hydroureter
H5702,Anisocoria
T495X5A,"Adverse effect of opth drugs and preparations, init"
T79A12A,"Traumatic compartment syndrome of left upper extremity, init"
S61234A,"Pnctr w/o fb of r rng fngr w/o damage to nail, init"
G90529,Complex regional pain syndrome I of unspecified lower limb
S82391B,"Oth fx lower end of right tibia, init for opn fx type I/2"
T84098A,"Mech compl of other internal joint prosthesis, init encntr"
M795,Residual foreign body in soft tissue
S0104XA,"Puncture wound with foreign body of scalp, initial encounter"
F1593,"Other stimulant use, unspecified with withdrawal"
M10042,"Idiopathic gout, left hand"
I2109,STEMI involving oth coronary artery of anterior wall
S42212A,"Unsp disp fx of surgical neck of left humerus, init"
S12500A,"Unsp disp fx of sixth cervical vertebra, init for clos fx"
I110,Hypertensive heart disease with heart failure
I5022,Chronic systolic (congestive) heart failure
J9589,"Oth postproc complications and disorders of resp sys, NEC"
R330,Drug induced retention of urine
T4145XA,"Adverse effect of unspecified anesthetic, initial encounter"
K6812,Psoas muscle abscess
H33312,"Horseshoe tear of retina without detachment, left eye"
G930,Cerebral cysts
M6008,"Infective myositis, other site"
M778,"Other enthesopathies, not elsewhere classified"
H1031,"Unspecified acute conjunctivitis, right eye"
H548,"Legal blindness, as defined in USA"
H9209,"Otalgia, unspecified ear"
S42252B,"Disp fx of greater tuberosity of l humerus, init for opn fx"
T39012A,"Poisoning by aspirin, intentional self-harm, init encntr"
D219,"Benign neoplasm of connective and other soft tissue, unsp"
K1123,Chronic sialoadenitis
S52502B,"Unsp fx the lower end left radius, init for opn fx type I/2"
S52602B,"Unsp fx lower end of left ulna, init for opn fx type I/2"
Z205,Contact with and (suspected) exposure to viral hepatitis
S52592B,"Oth fx of lower end of left radius, init for opn fx type I/2"
S52692B,"Oth fx lower end of left ulna, init for opn fx type I/2"
O2340,"Unsp infection of urinary tract in pregnancy, unsp trimester"
S14155A,"Oth incomplete lesion at C5, init"
S39848A,"Other specified injuries of external genitals, init encntr"
S065X3A,"Traum subdr hem w LOC of 1-5 hrs 59 min, init"
S83005A,"Unspecified dislocation of left patella, initial encounter"
E1143,Type 2 diabetes w diabetic autonomic (poly)neuropathy
R10819,"Abdominal tenderness, unspecified site"
F459,"Somatoform disorder, unspecified"
W01110A,"Fall same lev from slip/trip w strk agnst sharp glass, init"
M00812,"Arthritis due to other bacteria, left shoulder"
E6601,Morbid (severe) obesity due to excess calories
S92001A,"Unsp fracture of right calcaneus, init for clos fx"
V0301XA,"Ped on rolr-skt inj pick-up truck, pk-up/van nontraf, init"
S61210D,"Laceration w/o fb of r idx fngr w/o damage to nail, subs"
W458XXD,"Oth foreign body or object entering through skin, subs"
I742,Embolism and thrombosis of arteries of the upper extremities
S60812A,"Abrasion of left wrist, initial encounter"
K658,Other peritonitis
L959,"Vasculitis limited to the skin, unspecified"
C799,Secondary malignant neoplasm of unspecified site
R180,Malignant ascites
R2242,"Localized swelling, mass and lump, left lower limb"
M1711,"Unilateral primary osteoarthritis, right knee"
K5641,Fecal impaction
W5301XA,"Bitten by mouse, initial encounter"
J869,Pyothorax without fistula
S42192A,"Fracture of oth part of scapula, left shoulder, init"
M13861,"Other specified arthritis, right knee"
O98511,"Other viral diseases complicating pregnancy, first trimester"
S82035A,"Nondisplaced transverse fracture of left patella, init"
S92355A,"Nondisp fx of fifth metatarsal bone, left foot, init"
X153XXA,"Contact with hot saucepan or skillet, initial encounter"
S62397A,"Oth fracture of fifth metacarpal bone, left hand, init"
S63591A,"Other specified sprain of right wrist, initial encounter"
H11422,"Conjunctival edema, left eye"
S61431A,"Puncture wound w/o foreign body of right hand, init encntr"
S062X0A,"Diffuse TBI w/o loss of consciousness, init"
B2780,Other infectious mononucleosis without complication
S93335A,"Other dislocation of left foot, initial encounter"
M65842,"Other synovitis and tenosynovitis, left hand"
S90111A,"Contusion of right great toe w/o damage to nail, init encntr"
M25662,"Stiffness of left knee, not elsewhere classified"
M25412,"Effusion, left shoulder"
O1403,"Mild to moderate pre-eclampsia, third trimester"
H2102,"Hyphema, left eye"
S42401A,"Unsp fracture of lower end of right humerus, init"
S91312D,"Laceration without foreign body, left foot, subs encntr"
X58XXXD,"Exposure to other specified factors, subsequent encounter"
C880,Waldenstrom macroglobulinemia
N400,Benign prostatic hyperplasia without lower urinry tract symp
R411,Anterograde amnesia
F447,Conversion disorder with mixed symptom presentation
M6628,"Spontaneous rupture of extensor tendons, other site"
M71122,"Other infective bursitis, left elbow"
T80212A,"Local infection due to central venous catheter, init encntr"
R502,Drug induced fever
N899,"Noninflammatory disorder of vagina, unspecified"
F0281,Dementia in oth diseases classd elswhr w behavioral disturb
I721,Aneurysm of artery of upper extremity
S32512A,"Fracture of superior rim of left pubis, init for clos fx"
A6004,Herpesviral vulvovaginitis
K4091,"Unilateral inguinal hernia, w/o obst or gangrene, recurrent"
W132XXA,"Fall from, out of or through roof, initial encounter"
M899,"Disorder of bone, unspecified"
S60221D,"Contusion of right hand, subsequent encounter"
W228XXD,"Striking against or struck by other objects, subs encntr"
S52552A,"Oth extrartic fracture of lower end of left radius, init"
S22028A,"Oth fracture of second thoracic vertebra, init for clos fx"
G8220,"Paraplegia, unspecified"
S46291A,"Inj muscle, fascia and tendon of prt biceps, right arm, init"
S22081A,"Stable burst fracture of T11-T12 vertebra, init for clos fx"
S32010A,"Wedge compression fracture of first lumbar vertebra, init"
W12XXXA,"Fall on and from scaffolding, initial encounter"
J219,"Acute bronchiolitis, unspecified"
O218,Other vomiting complicating pregnancy
K829,"Disease of gallbladder, unspecified"
K8051,Calculus of bile duct w/o cholangitis or cholecyst w obst
A5901,Trichomonal vulvovaginitis
N6452,Nipple discharge
S90851A,"Superficial foreign body, right foot, initial encounter"
O2301,"Infections of kidney in pregnancy, first trimester"
H00011,Hordeolum externum right upper eyelid
O2341,"Unsp infct of urinary tract in pregnancy, first trimester"
C8111,"Nodular scler Hodgkin lymph, nodes of head, face, and neck"
S91112A,"Laceration w/o fb of left great toe w/o damage to nail, init"
B079,"Viral wart, unspecified"
S53105A,"Unsp dislocation of left ulnohumeral joint, init encntr"
S72019A,"Unsp intracapsular fracture of unsp femur, init for clos fx"
M19072,"Primary osteoarthritis, left ankle and foot"
S60551A,"Superficial foreign body of right hand, initial encounter"
Y831,"Implnt of artif int dev cause abn react/compl, w/o misadvnt"
T8182XA,"Emphysema (subcutaneous) resulting from a procedure, init"
G259,"Extrapyramidal and movement disorder, unspecified"
C7949,Secondary malignant neoplasm of oth parts of nervous system
H44001,"Unspecified purulent endophthalmitis, right eye"
L255,"Unspecified contact dermatitis due to plants, except food"
K1230,"Oral mucositis (ulcerative), unspecified"
K627,Radiation proctitis
N110,Nonobstructive reflux-associated chronic pyelonephritis
M4802,"Spinal stenosis, cervical region"
M531,Cervicobrachial syndrome
R278,Other lack of coordination
A545,Gonococcal pharyngitis
L02611,Cutaneous abscess of right foot
L97418,Non-prs chronic ulcer of right heel/midft with oth severity
S62112A,"Disp fx of triquetrum bone, left wrist, init for clos fx"
Z299,"Encounter for prophylactic measures, unspecified"
Y9259,Oth trade areas as place
S61032A,"Pnctr w/o fb of left thumb w/o damage to nail, init"
F10220,"Alcohol dependence with intoxication, uncomplicated"
C8370,"Burkitt lymphoma, unspecified site"
G253,Myoclonus
K5731,Dvrtclos of lg int w/o perforation or abscess w bleeding
M7061,"Trochanteric bursitis, right hip"
T85638A,"Leakage of internal prosth dev/grft, init"
S60811A,"Abrasion of right wrist, initial encounter"
G43A1,"Cyclical vomiting, in migraine, intractable"
S61031A,"Pnctr w/o fb of right thumb w/o damage to nail, init"
I880,Nonspecific mesenteric lymphadenitis
O9123,Nonpurulent mastitis associated with lactation
S42321A,"Displaced transverse fx shaft of humerus, right arm, init"
Z3402,"Encntr for suprvsn of normal first preg, second trimester"
H35033,"Hypertensive retinopathy, bilateral"
T465X1A,"Poisoning by oth antihypertn drugs, accidental, init"
T448X1A,"Poisoning by centr-acting/adren-neurn-block agnt, acc, init"
S62231A,"Oth disp fx of base of first MC bone, right hand, init"
L02412,Cutaneous abscess of left axilla
S022XXB,"Fracture of nasal bones, initial encounter for open fracture"
E8339,Other disorders of phosphorus metabolism
T2121XA,"Burn of second degree of chest wall, initial encounter"
T23221A,"Burn second degree of single r finger except thumb, init"
X020XXA,"Exposure to flames in controlled fire in bldg, init"
S67193A,"Crushing injury of left middle finger, initial encounter"
M0600,"Rheumatoid arthritis without rheumatoid factor, unsp site"
S52514A,"Nondisp fx of right radial styloid process, init for clos fx"
M86672,"Other chronic osteomyelitis, left ankle and foot"
S91115A,"Lac w/o fb of left lesser toe(s) w/o damage to nail, init"
W294XXA,"Contact with nail gun, initial encounter"
L980,Pyogenic granuloma
J8410,"Pulmonary fibrosis, unspecified"
S91154A,"Open bite of right lesser toe(s) w/o damage to nail, init"
W5381XA,"Bitten by other rodent, initial encounter"
I82621,Acute embolism and thrombosis of deep veins of r up extrem
H3561,"Retinal hemorrhage, right eye"
S90852A,"Superficial foreign body, left foot, initial encounter"
T447X2A,"Poisoning by beta-adrenocpt antagonists, self-harm, init"
T465X2A,"Poisoning by oth antihypertensive drugs, self-harm, init"
T43292A,"Poisoning by oth antidepressants, self-harm, init"
F14188,Cocaine abuse with other cocaine-induced disorder
S62327A,"Disp fx of shaft of fifth metacarpal bone, left hand, init"
F12920,"Cannabis use, unspecified with intoxication, uncomplicated"
S22029A,"Unsp fracture of second thoracic vertebra, init for clos fx"
V855XXA,"Driver of special construction vehicle injured nontraf, init"
D250,Submucous leiomyoma of uterus
S62640A,"Nondisp fx of proximal phalanx of right index finger, init"
N760,Acute vaginitis
N857,Hematometra
N476,Balanoposthitis
B3324,Viral cardiomyopathy
F330,"Major depressive disorder, recurrent, mild"
H9311,"Tinnitus, right ear"
H8101,"Meniere's disease, right ear"
H8109,"Meniere's disease, unspecified ear"
I209,"Angina pectoris, unspecified"
C3491,Malignant neoplasm of unsp part of right bronchus or lung
R12,Heartburn
O212,Late vomiting of pregnancy
S37032A,"Laceration of left kidney, unspecified degree, init encntr"
S91342A,"Puncture wound with foreign body, left foot, init encntr"
R631,Polydipsia
Z30432,Encounter for removal of intrauterine contraceptive device
B356,Tinea cruris
S52301A,"Unsp fracture of shaft of right radius, init for clos fx"
S42392A,"Oth fracture of shaft of left humerus, init for clos fx"
S76811A,"Strain of musc/fasc/tend at thigh level, right thigh, init"
Z720,Tobacco use
M24472,"Recurrent dislocation, left ankle"
M179,"Osteoarthritis of knee, unspecified"
K8071,Calculus of GB and bile duct w/o cholecyst w obstruction
I82811,Embolism and thrombosis of superficial veins of r low extrem
S0012XA,"Contusion of left eyelid and periocular area, init encntr"
S335XXA,"Sprain of ligaments of lumbar spine, initial encounter"
C8580,"Oth types of non-Hodgkin lymphoma, unspecified site"
T43622A,"Poisoning by amphetamines, intentional self-harm, init"
N86,Erosion and ectropion of cervix uteri
S62627B,"Disp fx of middle phalanx of left little finger, 7thB"
K621,Rectal polyp
K5010,Crohn's disease of large intestine without complications
Z9889,Other specified postprocedural states
I9589,Other hypotension
S52614A,"Nondisp fx of right ulna styloid process, init for clos fx"
B600,Babesiosis
S93515A,"Sprain of interphalangeal joint of left lesser toe(s), init"
T23062D,"Burn of unspecified degree of back of left hand, subs encntr"
X088XXD,"Exposure to oth smoke, fire and flames, subs encntr"
V184XXA,"Pedl cyc driver injured in nonclsn trnsp acc in traf, init"
K521,Toxic gastroenteritis and colitis
T471X5A,"Adverse effect of antacids and anti-gstrc-sec drugs, init"
T801XXA,"Vascular comp fol infusn, tranfs and theraputc inject, init"
T8249XA,"Oth complication of vascular dialysis catheter, init encntr"
T82199A,"Mech compl of unspecified cardiac device, initial encounter"
V445XXA,"Car driver injured in collision w hv veh in traf, init"
S06890A,"Intcran inj w/o loss of consciousness, init encntr"
G4453,Primary thunderclap headache
B3789,Other sites of candidiasis
H469,Unspecified optic neuritis
Y92838,Oth recreation area as place
H53452,"Other localized visual field defect, left eye"
Z8589,Personal history of malignant neoplasm of organs and systems
Z923,Personal history of irradiation
S92211A,"Disp fx of cuboid bone of right foot, init for clos fx"
S92251A,"Disp fx of navicular of right foot, init for clos fx"
I82611,Acute embolism and thombos of superfic veins of r up extrem
N211,Calculus in urethra
K146,Glossodynia
O30003,"Twin preg, unsp num plcnta & amnio sacs, third trimester"
E1069,Type 1 diabetes mellitus with other specified complication
S61310A,"Laceration w/o fb of r idx fngr w damage to nail, init"
S63144A,"Dislocation of distal interphaln joint of right thumb, init"
K266,Chronic or unsp duodenal ulcer w both hemorrhage and perf
Z749,"Problem related to care provider dependency, unspecified"
S53492A,"Other sprain of left elbow, initial encounter"
O99112,"Oth dis of bld/bld-form org/immun mechnsm comp preg, 2nd tri"
L02224,Furuncle of groin
J9801,Acute bronchospasm
S12191A,"Oth nondisp fx of second cervical vertebra, init for clos fx"
K55059,"Acute ischemia of intestine, part and extent unspecified"
K9420,"Gastrostomy complication, unspecified"
Z3A40,40 weeks gestation of pregnancy
L600,Ingrowing nail
S63285A,"Dislocation of proximal interphaln joint of l rng fngr, init"
O9903,Anemia complicating the puerperium
S52272B,"Monteggia's fracture of left ulna, init for opn fx type I/2"
S63296A,"Disloc of distal interphaln joint of r little finger, init"
K626,Ulcer of anus and rectum
S92515A,"Nondisp fx of proximal phalanx of left lesser toe(s), init"
S2341XA,"Sprain of ribs, initial encounter"
S73101A,"Unspecified sprain of right hip, initial encounter"
T45515A,"Adverse effect of anticoagulants, initial encounter"
S32455A,"Nondisplaced transverse fracture of left acetabulum, init"
S65812A,"Laceration of blood vessels at wrs/hnd lv of left arm, init"
S0285XA,"Fracture of orbit, unspecified, init"
N8351,Torsion of ovary and ovarian pedicle
S99221A,"Sltr-haris Type II physeal fx phalanx of right toe, init"
T8451XA,"Infect/inflm reaction due to internal right hip prosth, init"
T797XXA,"Traumatic subcutaneous emphysema, initial encounter"
S37002A,"Unspecified injury of left kidney, initial encounter"
M84550A,"Pathological fracture in neoplastic disease, pelvis, init"
J351,Hypertrophy of tonsils
S82431A,"Displaced oblique fracture of shaft of right fibula, init"
R8271,Bacteriuria
Z48815,Encntr for surgical aftcr following surgery on the dgstv sys
J8489,Other specified interstitial pulmonary diseases
S63592A,"Other specified sprain of left wrist, initial encounter"
S22078A,"Oth fracture of T9-T10 vertebra, init for clos fx"
S62322A,"Disp fx of shaft of third metacarpal bone, right hand, init"
S01431A,"Pnctr w/o foreign body of right cheek and TMJ area, init"
G43111,"Migraine with aura, intractable, with status migrainosus"
H53149,"Visual discomfort, unspecified"
S02412A,"LeFort II fracture, initial encounter for closed fracture"
S52392B,"Oth fx shaft of radius, left arm, init for opn fx type I/2"
S52292B,"Oth fracture of shaft of left ulna, init for opn fx type I/2"
S66891A,"Inj musc/fasc/tend at wrist and hand level, right hand, init"
Y09,Assault by unspecified means
H05223,Edema of bilateral orbit
I00,Rheumatic fever without heart involvement
L97518,Non-prs chronic ulcer oth prt right foot with oth severity
C220,Liver cell carcinoma
F201,Disorganized schizophrenia
G919,"Hydrocephalus, unspecified"
R870,Abn lev enzymes in specimens from female genital organs
L03111,Cellulitis of right axilla
D1779,Benign lipomatous neoplasm of other sites
S61233A,"Pnctr w/o fb of l mid finger w/o damage to nail, init"
W451XXA,"Paper entering through skin, initial encounter"
S168XXA,"Inj muscle, fascia and tendon at neck level, init encntr"
O99281,"Endo, nutritional and metab diseases comp preg, first tri"
M272,Inflammatory conditions of jaws
N040,Nephrotic syndrome with minor glomerular abnormality
S06897A,"Intcran inj w LOC w death due to brain injury bf consc, init"
X72XXXA,"Intentional self-harm by handgun discharge, init encntr"
S60444A,"External constriction of right ring finger, init encntr"
G5783,Other specified mononeuropathies of bilateral lower limbs
S42411A,"Displ simple suprcndl fx w/o intrcndl fx r humerus, init"
K1379,Other lesions of oral mucosa
I272,Other secondary pulmonary hypertension
T1582XA,"Fb in oth and multiple parts of external eye, left eye, init"
S1980XA,"Oth injuries of unspecified part of neck, init encntr"
T464X1A,"Poisoning by angiotens-convert-enzyme inhibitors, acc, init"
S93691A,"Other sprain of right foot, initial encounter"
S42411B,"Displ simp suprcndl fx w/o intrcndl fx r humer, 7thB"
T63461A,"Toxic effect of venom of wasps, accidental, init"
F1099,"Alcohol use, unsp with unspecified alcohol-induced disorder"
S62632B,"Disp fx of distal phalanx of r mid finger, init for opn fx"
T162XXA,"Foreign body in left ear, initial encounter"
S22031A,"Stable burst fracture of third thoracic vertebra, init"
T23212A,"Burn of second degree of left thumb (nail), init encntr"
S92141A,"Displaced dome fracture of right talus, init for clos fx"
S92131A,"Disp fx of posterior process of right talus, init"
B0239,Other herpes zoster eye disease
K1370,Unspecified lesions of oral mucosa
N83292,"Other ovarian cyst, left side"
S6701XA,"Crushing injury of right thumb, initial encounter"
M21331,"Wrist drop, right wrist"
K603,Anal fistula
Z3481,"Encounter for suprvsn of normal pregnancy, first trimester"
H0520,Unspecified exophthalmos
T2122XA,"Burn of second degree of abdominal wall, initial encounter"
T375X6A,"Underdosing of antiviral drugs, initial encounter"
S51832A,"Puncture wound w/o foreign body of left forearm, init encntr"
L729,"Follicular cyst of the skin and subcutaneous tissue, unsp"
T373X5A,"Adverse effect of other antiprotozoal drugs, init encntr"
Y92002,Bathrm of unsp non-institut resdnce sngl-fmly house as place
S68022A,"Partial traumatic MCP amputation of left thumb, init"
M940,Chondrocostal junction syndrome [Tietze]
F14129,"Cocaine abuse with intoxication, unspecified"
S3994XA,"Unspecified injury of external genitals, initial encounter"
B027,Disseminated zoster
R499,Unspecified voice and resonance disorder
L97411,Non-prs chr ulcer of right heel and midft lmt to brkdwn skin
S22010A,"Wedge compression fracture of first thoracic vertebra, init"
T23231A,"Burn 2nd deg mul right fingers (nail), not inc thumb, init"
X151XXA,"Contact with hot toaster, initial encounter"
R064,Hyperventilation
K259,"Gastric ulcer, unsp as acute or chronic, w/o hemor or perf"
G9349,Other encephalopathy
S42322A,"Displaced transverse fx shaft of humerus, left arm, init"
S6422XA,"Injury of radial nerve at wrs/hnd lv of left arm, init"
S6402XA,"Injury of ulnar nerve at wrs/hnd lv of left arm, init"
W001XXA,"Fall from stairs and steps due to ice and snow, init encntr"
R8299,Other abnormal findings in urine
S82872A,"Displaced pilon fracture of left tibia, init for clos fx"
Z751,Person awaiting admission to adequate facility elsewhere
S61411D,"Laceration without foreign body of right hand, subs encntr"
W260XXD,"Contact with knife, subsequent encounter"
M25519,Pain in unspecified shoulder
V7950XA,"Passenger on bus injured in clsn w unsp mv in traf, init"
S32491A,"Oth fracture of right acetabulum, init for clos fx"
H43811,"Vitreous degeneration, right eye"
M21612,Bunion of left foot
S42031A,"Disp fx of lateral end of right clavicle, init for clos fx"
V576XXA,"Pasngr in pk-up/van inj in clsn w statnry obj in traf, init"
Q02,Microcephaly
C9590,"Leukemia, unspecified not having achieved remission"
Z905,Acquired absence of kidney
V0399XA,"Ped w convey injured pick-up truck, pk-up/van, unsp, init"
S32451A,"Displaced transverse fracture of right acetabulum, init"
N8311,Corpus luteum cyst of right ovary
S52102A,"Unsp fracture of upper end of left radius, init for clos fx"
N99528,Other comp of incontinent external stoma of urinary tract
T22512A,"Corrosion of first degree of left forearm, initial encounter"
T2057XA,"Corrosion of first degree of neck, initial encounter"
T2059XA,"Corros first deg mult sites of head, face, and neck, init"
T520X1A,"Toxic effect of petroleum products, accidental, init"
L02811,"Cutaneous abscess of head [any part, except face]"
F11129,"Opioid abuse with intoxication, unspecified"
S36031A,"Moderate laceration of spleen, initial encounter"
D528,Other folate deficiency anemias
D72819,"Decreased white blood cell count, unspecified"
S92002A,"Unsp fracture of left calcaneus, init for clos fx"
T86828,Other complications of skin graft (allograft) (autograft)
R2232,"Localized swelling, mass and lump, left upper limb"
C140,"Malignant neoplasm of pharynx, unspecified"
C760,"Malignant neoplasm of head, face and neck"
S68115A,"Complete traumatic MCP amputation of left ring finger, init"
S68123A,"Partial traumatic MCP amputation of left middle finger, init"
M21371,"Foot drop, right foot"
M86671,"Other chronic osteomyelitis, right ankle and foot"
M868X9,"Other osteomyelitis, unspecified sites"
S0211HA,"Other fracture of occiput, left side, init"
S2020XA,"Contusion of thorax, unspecified, initial encounter"
S22009A,"Unsp fracture of unsp thoracic vertebra, init for clos fx"
S62312A,"Disp fx of base of third metacarpal bone, right hand, init"
L930,Discoid lupus erythematosus
T404X5A,"Adverse effect of other synthetic narcotics, init encntr"
T8089XA,"Oth comp fol infusion, transfuse and theraputc inject, init"
I491,Atrial premature depolarization
S43085A,"Other dislocation of left shoulder joint, initial encounter"
K432,Incisional hernia without obstruction or gangrene
K9412,Enterostomy infection
L200,Besnier's prurigo
R682,"Dry mouth, unspecified"
D2122,"Ben neoplm of connctv/soft tiss of left lower limb, inc hip"
V230XXA,"Mtrcy driver injured pick-up truck, pk-up/van nontraf, init"
I82602,Acute embolism and thombos unsp veins of l up extrem
H3581,Retinal edema
F78,Other intellectual disabilities
G513,Clonic hemifacial spasm
T48295A,"Adverse effect of other drugs acting on muscles, init encntr"
S0591XA,"Unspecified injury of right eye and orbit, initial encounter"
S14109A,"Unsp injury at unsp level of cervical spinal cord, init"
S92252A,"Disp fx of navicular of left foot, init for clos fx"
S91331A,"Puncture wound without foreign body, right foot, init encntr"
Z3A38,38 weeks gestation of pregnancy
M351,Other overlap syndromes
F5000,"Anorexia nervosa, unspecified"
Z20818,Contact w and exposure to oth bact communicable diseases
S82201A,"Unsp fracture of shaft of right tibia, init for clos fx"
S82401A,"Unsp fracture of shaft of right fibula, init for clos fx"
S61552A,"Open bite of left wrist, initial encounter"
S22058A,"Oth fracture of T5-T6 vertebra, init for clos fx"
M50222,Other cervical disc displacement at C5-C6 level
H70001,"Acute mastoiditis without complications, right ear"
C755,Malignant neoplasm of aortic body and other paraganglia
D496,Neoplasm of unspecified behavior of brain
I050,Rheumatic mitral stenosis
S62356A,"Nondisp fx of shaft of fifth MC bone, right hand, init"
F13129,"Sedative, hypnotic or anxiolytic abuse w intoxication, unsp"
S82092A,"Oth fracture of left patella, init for clos fx"
S62306A,"Unsp fracture of fifth metacarpal bone, right hand, init"
K208,Other esophagitis
S63295A,"Dislocation of distal interphaln joint of l rng fngr, init"
W64XXXA,"Exposure to other animate mechanical forces, init encntr"
S02600A,"Fx unsp part of body of mandible, unspecified side, init"
S92311B,"Disp fx of first metatarsal bone, r foot, init for opn fx"
O9943,Diseases of the circ sys complicating the puerperium
S3729XA,"Other injury of bladder, initial encounter"
V4762XA,"Pasngr of car injured in clsn w statnry object in traf, init"
E063,Autoimmune thyroiditis
N926,"Irregular menstruation, unspecified"
S52181A,"Oth fracture of upper end of right radius, init for clos fx"
S52091A,"Oth fracture of upper end of right ulna, init for clos fx"
S52392A,"Oth fracture of shaft of radius, left arm, init for clos fx"
M978XXA,"Periprosth fracture around other internal prosth joint, init"
S52092A,"Oth fracture of upper end of left ulna, init for clos fx"
S52182A,"Oth fracture of upper end of left radius, init for clos fx"
S91042A,"Puncture wound with foreign body, left ankle, init encntr"
S43084A,"Other dislocation of right shoulder joint, initial encounter"
D333,Benign neoplasm of cranial nerves
S62521B,"Disp fx of distal phalanx of right thumb, init for opn fx"
S61111A,"Laceration w/o fb of right thumb w damage to nail, init"
C9240,"Acute promyelocytic leukemia, not having achieved remission"
F59,Unsp behavrl synd assoc w physiol disturb and physcl factors
C439,"Malignant melanoma of skin, unspecified"
S27331A,"Laceration of lung, unilateral, initial encounter"
R9089,Oth abnormal findings on diagnostic imaging of cnsl
N840,Polyp of corpus uteri
N8500,"Endometrial hyperplasia, unspecified"
S82421A,"Displaced transverse fracture of shaft of right fibula, init"
S14156A,"Oth incomplete lesion at C6, init"
T463X5A,"Adverse effect of coronary vasodilators, initial encounter"
S02118A,"Other fracture of occiput, unspecified side, init"
A449,"Bartonellosis, unspecified"
O99512,"Diseases of the resp sys comp pregnancy, second trimester"
E213,"Hyperparathyroidism, unspecified"
V8189XA,"Occ of rail trn/veh injured due to oth railway acc, init"
F061,Catatonic disorder due to known physiological condition
S61313A,"Laceration w/o fb of l mid finger w damage to nail, init"
S62633A,"Disp fx of distal phalanx of left middle finger, init"
H40052,"Ocular hypertension, left eye"
S12101A,"Unsp nondisp fx of second cervical vertebra, init"
K851,Biliary acute pancreatitis
R0901,Asphyxia
T69022A,"Immersion foot, left foot, initial encounter"
T69021A,"Immersion foot, right foot, initial encounter"
K0401,Reversible pulpitis
N8110,"Cystocele, unspecified"
H6001,Abscess of right external ear
M65141,"Other infective (teno)synovitis, right hand"
T433X1A,"Poisoning by phenothiaz antipsychot/neurolept, acc, init"
Y92310,Basketball court as place
S62606B,"Fracture of unsp phalanx of r little finger, init for opn fx"
V00811A,"Fall from moving wheelchair (powered), initial encounter"
R680,"Hypothermia, not associated w low environmental temperature"
S6702XA,"Crushing injury of left thumb, initial encounter"
S61112A,"Laceration w/o fb of left thumb w damage to nail, init"
H1033,"Unspecified acute conjunctivitis, bilateral"
S01511D,"Laceration without foreign body of lip, subsequent encounter"
W25XXXD,"Contact with sharp glass, subsequent encounter"
T484X1A,"Poisoning by expectorants, accidental (unintentional), init"
A878,Other viral meningitis
J45902,Unspecified asthma with status asthmaticus
R260,Ataxic gait
L701,Acne conglobata
L719,"Rosacea, unspecified"
Z433,Encounter for attention to colostomy
M868X6,"Other osteomyelitis, lower leg"
N4831,Priapism due to trauma
F3113,"Bipolar disord, crnt epsd manic w/o psych features, severe"
E271,Primary adrenocortical insufficiency
S71141A,"Puncture wound with foreign body, right thigh, init encntr"
K3533,"Acute appendicitis with perf and loc peritonitis, with abscs"
M311,Thrombotic microangiopathy
C50912,Malignant neoplasm of unspecified site of left female breast
T79A22A,"Traumatic compartment syndrome of left lower extremity, init"
T79A21A,"Traumatic compartment syndrome of r low extrem, init"
S61218A,"Laceration w/o fb of finger w/o damage to nail, init"
D72818,Other decreased white blood cell count
T45511A,"Poisoning by anticoagulants, accidental, init"
Y906,Blood alcohol level of 120-199 mg/100 ml
C261,Malignant neoplasm of spleen
C499,"Malignant neoplasm of connective and soft tissue, unsp"
I83811,Varicose veins of right lower extremity with pain
C58,Malignant neoplasm of placenta
S72141G,"Displ intertroch fx r femur, subs for clos fx w delay heal"
C8280,"Other types of follicular lymphoma, unspecified site"
W290XXA,"Contact with powered kitchen appliance, initial encounter"
A5149,Other secondary syphilitic conditions
A529,"Late syphilis, unspecified"
R799,"Abnormal finding of blood chemistry, unspecified"
F16229,"Hallucinogen dependence with intoxication, unspecified"
N810,Urethrocele
E002,"Congenital iodine-deficiency syndrome, mixed type"
H40211,"Acute angle-closure glaucoma, right eye"
M3390,"Dermatopolymyositis, unsp, organ involvement unspecified"
L98491,Non-prs chronic ulcer skin/ sites limited to brkdwn skin
S72035A,"Nondisplaced midcervical fracture of left femur, init"
Z9289,Personal history of other medical treatment
C8290,"Follicular lymphoma, unspecified, unspecified site"
I2601,Septic pulmonary embolism with acute cor pulmonale
M7052,"Other bursitis of knee, left knee"
T8133XA,"Disruption of traumatic injury wound repair, init encntr"
W130XXA,"Fall from, out of or through balcony, initial encounter"
S82454A,"Nondisp comminuted fracture of shaft of right fibula, init"
S82254A,"Nondisp comminuted fracture of shaft of right tibia, init"
L2089,Other atopic dermatitis
C6290,"Malig neoplasm of unsp testis, unsp descended or undescended"
G801,Spastic diplegic cerebral palsy
S60471A,"Other superficial bite of left index finger, init encntr"
S60473A,"Other superficial bite of left middle finger, init encntr"
S60372A,"Other superficial bite of left thumb, initial encounter"
S60371A,"Other superficial bite of right thumb, initial encounter"
I82402,Acute embolism and thombos unsp deep veins of l low extrem
T45516A,"Underdosing of anticoagulants, initial encounter"
Z91128,Patient's intentl undrdose of meds regimen for oth reason
O99012,"Anemia complicating pregnancy, second trimester"
O731,"Retained portions of placenta and membranes, w/o hemorrhage"
Z371,Single stillbirth
S01112D,"Laceration w/o fb of left eyelid and periocular area, subs"
S61412S,"Laceration without foreign body of left hand, sequela"
W458XXS,"Other foreign body or object entering through skin, sequela"
Z982,Presence of cerebrospinal fluid drainage device
H05019,Cellulitis of unspecified orbit
W5503XA,"Scratched by cat, initial encounter"
Z1889,Other specified retained foreign body fragments
I6389,Other cerebral infarction
K9429,Other complications of gastrostomy
T7803XA,"Anaphylactic reaction due to other fish, initial encounter"
Z9119,Patient's noncompliance w oth medical treatment and regimen
V850XXA,"Driver of special construction vehicle injured in traf, init"
S56821A,"Laceration of musc/fasc/tend at forarm lv, right arm, init"
Y9210,Unsp residential institution as place
S82002A,"Unsp fracture of left patella, init for clos fx"
M5022,"Other cervical disc displacement, mid-cervical region"
F05,Delirium due to known physiological condition
S3289XA,"Fracture of oth parts of pelvis, init for clos fx"
I63232,Cereb infrc due to unsp occls or stenos of left carotid art
S41111A,"Laceration w/o foreign body of right upper arm, init encntr"
S92534A,"Nondisp fx of distal phalanx of right lesser toe(s), init"
D841,Defects in the complement system
F449,"Dissociative and conversion disorder, unspecified"
N981,Hyperstimulation of ovaries
S60571A,"Other superficial bite of hand of right hand, init encntr"
K265,Chronic or unspecified duodenal ulcer with perforation
S72302A,"Unsp fracture of shaft of left femur, init for clos fx"
H34832,"Tributary (branch) retinal vein occlusion, left eye"
S66221A,"Lacerat extensor musc/fasc/tend r thm at wrs/hnd lv, init"
S92412B,"Disp fx of prox phalanx of left great toe, init for opn fx"
W3400XA,"Accidental discharge from unsp firearms or gun, init encntr"
S67196A,"Crushing injury of right little finger, initial encounter"
S61316A,"Laceration w/o fb of r little finger w damage to nail, init"
S52372A,"Galeazzi's fracture of left radius, init for clos fx"
Y35813A,"Legal intervnt involving manhandling, suspect injured, init"
S63297A,"Disloc of distal interphaln joint of l little finger, init"
K5909,Other constipation
G40209,"Local-rel symptc epi w cmplx prt seiz,not ntrct,w/o stat epi"
S79811A,"Other specified injuries of right hip, initial encounter"
X503XXA,"Overexertion from repetitive movements, initial encounter"
T408X1A,"Poisoning by lysergide, accidental (unintentional), init"
G2409,Other drug induced dystonia
T434X5A,"Adverse effect of butyrophen/thiothixen neuroleptics, init"
S82242A,"Displaced spiral fracture of shaft of left tibia, init"
S32401A,"Unsp fracture of right acetabulum, init for clos fx"
J860,Pyothorax with fistula
N7011,Chronic salpingitis
S42125A,"Nondisp fx of acromial process, left shoulder, init"
M519,"Unsp thoracic, thoracolum and lumbosacr intvrt disc disorder"
E560,Deficiency of vitamin E
M1712,"Unilateral primary osteoarthritis, left knee"
S6292XA,"Unsp fracture of left wrist and hand, init for clos fx"
Z6791,"Unspecified blood type, Rh negative"
I9789,"Oth postproc comp and disorders of the circ sys, NEC"
S8255XA,"Nondisp fx of medial malleolus of left tibia, init"
S32599A,"Oth fracture of unsp pubis, init encntr for closed fracture"
Z8501,Personal history of malignant neoplasm of esophagus
R2243,"Localized swelling, mass and lump, lower limb, bilateral"
W73XXXA,"Oth cause of accidental non-transport drown, init"
S65012A,"Laceration of ulnar artery at wrs/hnd lv of left arm, init"
J984,Other disorders of lung
I514,"Myocarditis, unspecified"
M352,Behcet's disease
H7011,"Chronic mastoiditis, right ear"
S5011XA,"Contusion of right forearm, initial encounter"
H00012,Hordeolum externum right lower eyelid
K8301,Primary sclerosing cholangitis
M62542,"Muscle wasting and atrophy, NEC, left hand"
M62541,"Muscle wasting and atrophy, NEC, right hand"
F4323,Adjustment disorder with mixed anxiety and depressed mood
I82422,Acute embolism and thrombosis of left iliac vein
O211,Hyperemesis gravidarum with metabolic disturbance
O9963,Diseases of the digestive system complicating the puerperium
Z3200,"Encounter for pregnancy test, result unknown"
K2270,Barrett's esophagus without dysplasia
D0590,Unspecified type of carcinoma in situ of unspecified breast
S61102A,"Unsp open wound of left thumb w damage to nail, init encntr"
S63145A,"Dislocation of distal interphaln joint of left thumb, init"
S42251A,"Disp fx of greater tuberosity of right humerus, init"
T83428A,"Displacement of prosth dev/implnt/grft of genitl trct, init"
O872,Hemorrhoids in the puerperium
O2693,"Pregnancy related conditions, unspecified, third trimester"
S32021A,"Stable burst fracture of second lumbar vertebra, init"
S92022A,"Disp fx of anterior process of left calcaneus, init"
C460,Kaposi's sarcoma of skin
K91870,Postproc hematoma of a dgstv sys org fol a dgstv sys proc
R069,Unspecified abnormalities of breathing
E878,"Oth disorders of electrolyte and fluid balance, NEC"
M26623,Arthralgia of bilateral temporomandibular joint
I720,Aneurysm of carotid artery
C774,Sec and unsp malig neoplasm of inguinal and lower limb nodes
K121,Other forms of stomatitis
I428,Other cardiomyopathies
W01118A,"Fall same lev fr slip/trip w strk agnst oth sharp obj, init"
A488,Other specified bacterial diseases
I499,"Cardiac arrhythmia, unspecified"
S92411A,"Disp fx of proximal phalanx of right great toe, init"
S62610B,"Disp fx of proximal phalanx of r idx fngr, init for opn fx"
S68121A,"Partial traumatic MCP amputation of left index finger, init"
S68125A,"Partial traumatic MCP amputation of left ring finger, init"
S62631B,"Disp fx of distal phalanx of l idx fngr, init for opn fx"
S79921A,"Unspecified injury of right thigh, initial encounter"
K592,"Neurogenic bowel, not elsewhere classified"
R404,Transient alteration of awareness
Z981,Arthrodesis status
B0230,"Zoster ocular disease, unspecified"
Z041,Encounter for exam and obs following transport accident
M5117,"Intvrt disc disorders w radiculopathy, lumbosacral region"
O860,Infection of obstetric surgical wound
S62622B,"Displaced fracture of middle phalanx of r mid finger, 7thB"
S06350A,"Traum hemor left cerebrum w/o loss of consciousness, init"
T465X5A,"Adverse effect of other antihypertensive drugs, init encntr"
M654,Radial styloid tenosynovitis [de Quervain]
K140,Glossitis
D733,Abscess of spleen
D66,Hereditary factor VIII deficiency
E869,"Volume depletion, unspecified"
S45911A,"Lacerat unsp blood vessel at shldr/up arm, right arm, init"
S22068A,"Oth fracture of T7-T8 thoracic vertebra, init for clos fx"
D72823,Leukemoid reaction
Z036,Encntr for obs for susp toxic eff from ingest sub ruled out
F952,Tourette's disorder
S72112A,"Disp fx of greater trochanter of left femur, init"
S90511A,"Abrasion, right ankle, initial encounter"
V8699XA,"Occup of sp off-rd mv injured in nontraffic accident, init"
L89312,"Pressure ulcer of right buttock, stage 2"
M8458XA,"Pathological fracture in neoplastic disease, oth site, init"
L040,"Acute lymphadenitis of face, head and neck"
S82301A,"Unsp fracture of lower end of right tibia, init for clos fx"
S12301A,"Unsp nondisp fx of fourth cervical vertebra, init"
F640,Transsexualism
O115,"Pre-existing htn with pre-eclampsia, comp the puerperium"
S42352A,"Displaced comminuted fx shaft of humerus, left arm, init"
S62331B,"Disp fx of neck of second MC bone, l hand, init for opn fx"
W320XXA,"Accidental handgun discharge, initial encounter"
Z79899,Other long term (current) drug therapy
B820,"Intestinal helminthiasis, unspecified"
R233,Spontaneous ecchymoses
I8391,Asymptomatic varicose veins of right lower extremity
S62611B,"Disp fx of proximal phalanx of l idx fngr, init for opn fx"
C9201,"Acute myeloblastic leukemia, in remission"
T5991XA,"Toxic effect of unsp gases, fumes and vapors, acc, init"
R3129,Other microscopic hematuria
S31611A,"Lac w/o fb of abd wall, l upr q w penet perit cav, init"
S06369A,"Traum hemor cereb, w LOC of unsp duration, init"
G453,Amaurosis fugax
I6621,Occlusion and stenosis of right posterior cerebral artery
S81811D,"Laceration w/o foreign body, right lower leg, subs encntr"
M889,Osteitis deformans of unspecified bone
S79192A,"Oth physeal fracture of lower end of left femur, init"
S71012A,"Laceration without foreign body, left hip, initial encounter"
M4622,"Osteomyelitis of vertebra, cervical region"
F840,Autistic disorder
O3412,"Maternal care for benign tumor of corpus uteri, second tri"
I495,Sick sinus syndrome
M3489,Other systemic sclerosis
S43101A,"Unsp dislocation of right acromioclavicular joint, init"
M11231,"Other chondrocalcinosis, right wrist"
Y33XXXA,"Other specified events, undetermined intent, init encntr"
R222,"Localized swelling, mass and lump, trunk"
M7501,Adhesive capsulitis of right shoulder
S60413A,"Abrasion of left middle finger, initial encounter"
L89621,"Pressure ulcer of left heel, stage 1"
S76011A,"Strain of muscle, fascia and tendon of right hip, init"
S62623A,"Disp fx of middle phalanx of left middle finger, init"
S70211A,"Abrasion, right hip, initial encounter"
S42032B,"Disp fx of lateral end of left clavicle, init for opn fx"
T85528A,"Displacement of gastrointestinal prosth dev/grft, init"
C44219,Basal cell carcinoma skin/ left ear and external auric canal
V449XXA,"Unsp car occupant injured in clsn w hv veh in traf, init"
F819,"Developmental disorder of scholastic skills, unspecified"
R196,Halitosis
L750,Bromhidrosis
S61216D,"Lac w/o fb of r little finger w/o damage to nail, subs"
I726,Aneurysm of vertebral artery
S93421A,"Sprain of deltoid ligament of right ankle, initial encounter"
W74XXXA,"Unsp cause of accidental drowning and submersion, init"
Y92828,Oth wilderness area as place
H53121,"Transient visual loss, right eye"
T43221A,"Poisn by selective serotonin reuptake inhibtr, acc, init"
F1520,"Other stimulant dependence, uncomplicated"
T23241A,"Burn of 2nd deg mul right fingers (nail), inc thumb, init"
S92312A,"Disp fx of first metatarsal bone, left foot, init"
I259,"Chronic ischemic heart disease, unspecified"
R161,"Splenomegaly, not elsewhere classified"
D7389,Other diseases of spleen
T82534A,"Leakage of infusion catheter, initial encounter"
E781,Pure hyperglyceridemia
H402210,"Chronic angle-closure glaucoma, right eye, stage unspecified"
V9333XA,"Fall on board other powered watercraft, initial encounter"
E874,Mixed disorder of acid-base balance
T403X1A,"Poisoning by methadone, accidental (unintentional), init"
V5949XA,"Driver of pk-up/van injured in clsn w oth mv in traf, init"
S0185XA,"Open bite of other part of head, initial encounter"
H9313,"Tinnitus, bilateral"
A5219,Other symptomatic neurosyphilis
T588X1A,"Toxic effect of carb monx from oth source, accidental, init"
Y92163,Bedroom in school dormitory as place
S73192A,"Other sprain of left hip, initial encounter"
M1612,"Unilateral primary osteoarthritis, left hip"
I773,Arterial fibromuscular dysplasia
H5340,Unspecified visual field defects
F4329,Adjustment disorder with other symptoms
J301,Allergic rhinitis due to pollen
R948,Abnormal results of function studies of organs and systems
V536XXA,"Pasngr in pk-up/van inj pk-up truck, pk-up/van in traf, init"
S00211A,"Abrasion of right eyelid and periocular area, init encntr"
S30810A,"Abrasion of lower back and pelvis, initial encounter"
S52042A,"Disp fx of coronoid process of left ulna, init for clos fx"
Y92330,Ice skating rink (indoor) (outdoor) as place
S63287A,"Disloc of proximal interphaln joint of l little finger, init"
M189,"Osteoarthritis of first carpometacarpal joint, unspecified"
V4900XA,"Driver injured in collision w unsp mv nontraf, init"
R10812,Left upper quadrant abdominal tenderness
R29818,Other symptoms and signs involving the nervous system
T83518A,"I/I react d/t other urinary catheter, initial encounter"
W2109XA,"Struck by other hit or thrown ball, initial encounter"
O99611,"Diseases of the dgstv sys comp pregnancy, first trimester"
S91201A,"Unsp open wound of right great toe w damage to nail, init"
O4202,"Full-term prem ROM, onset labor within 24 hours of rupture"
Q780,Osteogenesis imperfecta
G55,Nerve root and plexus compressions in diseases classd elswhr
S82392A,"Oth fracture of lower end of left tibia, init for clos fx"
G40802,"Other epilepsy, not intractable, without status epilepticus"
M20011,Mallet finger of right finger(s)
B0221,Postherpetic geniculate ganglionitis
H4920,"Sixth [abducent] nerve palsy, unspecified eye"
I7789,Other specified disorders of arteries and arterioles
S60012A,"Contusion of left thumb without damage to nail, init encntr"
M79A22,Nontraumatic compartment syndrome of left lower extremity
C3412,"Malignant neoplasm of upper lobe, left bronchus or lung"
M160,Bilateral primary osteoarthritis of hip
S06349A,"Traum hemor right cerebrum w LOC of unsp duration, init"
S062X9A,"Diffuse TBI w loss of consciousness of unsp duration, init"
S62327B,"Disp fx of shaft of fifth MC bone, l hand, init for opn fx"
S62221A,"Displaced Rolando's fracture, right hand, init for clos fx"
F1014,Alcohol abuse with alcohol-induced mood disorder
T84023A,"Instability of internal left knee prosthesis, init encntr"
S12290A,"Oth disp fx of third cervical vertebra, init for clos fx"
S22038A,"Oth fracture of third thoracic vertebra, init for clos fx"
Y902,Blood alcohol level of 40-59 mg/100 ml
S42009A,"Fracture of unsp part of unsp clavicle, init for clos fx"
M353,Polymyalgia rheumatica
Y9323,"Actvty,snow (alp/dwnhl) ski,snowboard,sled,tobogn & tubing"
M67471,"Ganglion, right ankle and foot"
S96911A,"Strain of unsp msl/tnd at ank/ft level, right foot, init"
S233XXA,"Sprain of ligaments of thoracic spine, initial encounter"
S39002A,"Unsp injury of muscle, fascia and tendon of lower back, init"
G454,Transient global amnesia
S2231XD,"Fracture of one rib, right side, subs for fx w routn heal"
Z3A18,18 weeks gestation of pregnancy
S225XXA,"Flail chest, initial encounter for closed fracture"
S62323A,"Disp fx of shaft of third metacarpal bone, left hand, init"
S62315A,"Disp fx of base of fourth metacarpal bone, left hand, init"
S62313A,"Disp fx of base of third metacarpal bone, left hand, init"
I8002,Phlebitis and thombophlb of superfic vessels of l low extrem
S43492A,"Other sprain of left shoulder joint, initial encounter"
C159,"Malignant neoplasm of esophagus, unspecified"
M3130,Wegener's granulomatosis without renal involvement
I776,"Arteritis, unspecified"
S52591B,"Oth fx of lower end of r radius, init for opn fx type I/2"
C7802,Secondary malignant neoplasm of left lung
C7801,Secondary malignant neoplasm of right lung
T71162A,"Asphyxiation due to hanging, intentional self-harm, init"
S63682A,"Other sprain of left thumb, initial encounter"
S82432A,"Displaced oblique fracture of shaft of left fibula, init"
M25421,"Effusion, right elbow"
T6291XA,"Toxic effect of unsp noxious sub eaten as food, acc, init"
S52322A,"Displaced transverse fracture of shaft of left radius, init"
V0901XA,"Pedestrian injured nontraf involving military vehicle, init"
F19120,"Oth psychoactive substance abuse w intoxication, uncomp"
K550,Acute vascular disorders of intestine
Z974,Presence of external hearing-aid
S91114A,"Lac w/o fb of right lesser toe(s) w/o damage to nail, init"
F339,"Major depressive disorder, recurrent, unspecified"
G544,"Lumbosacral root disorders, not elsewhere classified"
T83038A,"Leakage of other urinary catheter, initial encounter"
J358,Other chronic diseases of tonsils and adenoids
L403,Pustulosis palmaris et plantaris
S06371A,"Contus/lac/hem crblm w LOC of 30 minutes or less, init"
G43409,"Hemiplegic migraine, not intractable, w/o status migrainosus"
S92811A,"Other fracture of right foot, init"
F17200,"Nicotine dependence, unspecified, uncomplicated"
S02622A,"Fracture of subcondylar process of left mandible, init"
M7032,"Other bursitis of elbow, left elbow"
O99612,"Diseases of the dgstv sys comp pregnancy, second trimester"
O9A211,"Inj/poisn/oth conseq of external causes comp preg, first tri"
N710,Acute inflammatory disease of uterus
T23022A,"Burn unsp degree of single l finger except thumb, init"
W861XXA,"Expsr to industr wiring, appliances & electrical mach, init"
S82842B,"Displaced bimalleol fx l low leg, init for opn fx type I/2"
S72492B,"Oth fx lower end of left femur, init for opn fx type I/2"
S82092B,"Oth fracture of left patella, init for opn fx type I/2"
S66222A,"Lacerat extensor musc/fasc/tend l thm at wrs/hnd lv, init"
T398X5A,"Adverse effect of nonopioid analges/antipyret, NEC, init"
R1900,"Intra-abd and pelvic swelling, mass and lump, unsp site"
H029,Unspecified disorder of eyelid
D469,"Myelodysplastic syndrome, unspecified"
W2201XA,"Walked into wall, initial encounter"
S60152A,"Contusion of left little finger w damage to nail, init"
D45,Polycythemia vera
S62031A,"Disp fx of proximal third of navicular bone of r wrist, init"
Z85038,Personal history of malignant neoplasm of large intestine
S70361A,"Insect bite (nonvenomous), right thigh, initial encounter"
S62316A,"Disp fx of base of fifth metacarpal bone, right hand, init"
M1611,"Unilateral primary osteoarthritis, right hip"
K352,Acute appendicitis with generalized peritonitis
K862,Cyst of pancreas
K567,"Ileus, unspecified"
S43034A,"Inferior dislocation of right humerus, initial encounter"
S9304XA,"Dislocation of right ankle joint, initial encounter"
Y9331,"Activity, mountain climbing, rock climbing and wall climbing"
N814,"Uterovaginal prolapse, unspecified"
E282,Polycystic ovarian syndrome
Z448,Encounter for fit/adjst of external prosthetic devices
V3989XA,"Occupant (driver) of 3-whl mv injured in oth trnsp acc, init"
S62641A,"Nondisp fx of proximal phalanx of left index finger, init"
F502,Bulimia nervosa
E782,Mixed hyperlipidemia
K149,"Disease of tongue, unspecified"
T1501XA,"Foreign body in cornea, right eye, initial encounter"
S96811A,"Strain of muscles and tendons at ank/ft level, r foot, init"
K9431,Esophagostomy hemorrhage
T8579XA,"Infect/inflm reaction due to oth int prosth dev/grft, init"
S32038A,"Oth fracture of third lumbar vertebra, init for clos fx"
K0251,Dental caries on pit and fissure surface limited to enamel
G540,Brachial plexus disorders
S91312S,"Laceration without foreign body, left foot, sequela"
W208XXS,"Oth cause of strike by thrown, projected or fall obj, sqla"
S61412D,"Laceration without foreign body of left hand, subs encntr"
S92322D,"Disp fx of 2nd metatarsal bone, l ft, 7thD"
L989,"Disorder of the skin and subcutaneous tissue, unspecified"
I82612,Acute embolism and thombos of superfic veins of l up extrem
I309,"Acute pericarditis, unspecified"
O88213,"Thromboembolism in pregnancy, third trimester"
S36032A,"Major laceration of spleen, initial encounter"
I5181,Takotsubo syndrome
S64491A,"Injury of digital nerve of left index finger, init encntr"
T43632A,"Poisoning by methylphenidate, intentional self-harm, init"
S40851A,"Superficial foreign body of right upper arm, init encntr"
O864,Pyrexia of unknown origin following delivery
J0510,Acute epiglottitis without obstruction
M310,Hypersensitivity angiitis
S81032A,"Puncture wound without foreign body, left knee, init encntr"
S62222A,"Displaced Rolando's fracture, left hand, init for clos fx"
K9421,Gastrostomy hemorrhage
D550,Anemia due to glucose-6-phosphate dehydrogenase deficiency
D500,Iron deficiency anemia secondary to blood loss (chronic)
H3323,"Serous retinal detachment, bilateral"
W891XXA,"Exposure to tanning bed, initial encounter"
S0210XA,"Unsp fracture of base of skull, init for clos fx"
F10288,Alcohol dependence with other alcohol-induced disorder
S72301A,"Unsp fracture of shaft of right femur, init for clos fx"
C8332,"Diffuse large B-cell lymphoma, intrathoracic lymph nodes"
S8264XA,"Nondisp fx of lateral malleolus of right fibula, init"
M7522,"Bicipital tendinitis, left shoulder"
K7210,Chronic hepatic failure without coma
S50871A,"Other superficial bite of right forearm, initial encounter"
Z029,"Encounter for administrative examinations, unspecified"
Q180,"Sinus, fistula and cyst of branchial cleft"
R431,Parosmia
S12040A,"Displaced lateral mass fx first cervcal vertebra, init"
B379,"Candidiasis, unspecified"
T1502XA,"Foreign body in cornea, left eye, initial encounter"
M96841,Postproc hematoma of a ms structure fol other procedure
L97219,Non-pressure chronic ulcer of right calf with unsp severity
S91111A,"Lac w/o fb of right great toe w/o damage to nail, init"
S14102A,"Unsp injury at C2 level of cervical spinal cord, init encntr"
S62111A,"Disp fx of triquetrum bone, right wrist, init for clos fx"
S92254A,"Nondisp fx of navicular of right foot, init for clos fx"
F310,"Bipolar disorder, current episode hypomanic"
T84018A,"Broken internal joint prosthesis, other site, init encntr"
S3141XA,"Laceration w/o foreign body of vagina and vulva, init encntr"
S31010A,"Lac w/o fb of low back and pelv w/o penet retroperiton, init"
F5105,Insomnia due to other mental disorder
Z7289,Other problems related to lifestyle
T7800XA,"Anaphylactic reaction due to unspecified food, init encntr"
V4702XA,"Driver of car injured in clsn w statnry object nontraf, init"
N649,"Disorder of breast, unspecified"
S76812A,"Strain of musc/fasc/tend at thigh level, left thigh, init"
M4642,"Discitis, unspecified, cervical region"
N361,Urethral diverticulum
Y9366,"Activity, soccer"
M25812,"Other specified joint disorders, left shoulder"
M79606,"Pain in leg, unspecified"
K9189,Oth postprocedural complications and disorders of dgstv sys
H15101,"Unspecified episcleritis, right eye"
S60419A,"Abrasion of unspecified finger, initial encounter"
I820,Budd-Chiari syndrome
S61051A,"Open bite of right thumb without damage to nail, init encntr"
M96842,Postproc seroma of a ms structure fol a ms sys procedure
M7662,"Achilles tendinitis, left leg"
S93431A,"Sprain of tibiofibular ligament of right ankle, init encntr"
O24011,"Pre-existing type 1 diabetes, in pregnancy, first trimester"
K433,"Parastomal hernia with obstruction, without gangrene"
Z591,Inadequate housing
T1591XA,"Foreign body on external eye, part unsp, right eye, init"
C7A020,Malignant carcinoid tumor of the appendix
S62101D,"Fx unsp carpal bone, right wrist, subs for fx w routn heal"
H53123,"Transient visual loss, bilateral"
S68615A,"Complete traumatic trnsphal amputation of l rng fngr, init"
V949XXA,"Unspecified water transport accident, initial encounter"
C069,"Malignant neoplasm of mouth, unspecified"
V891XXA,"Person injured in unsp nonmotor-vehicle acc, nontraf, init"
I82890,Acute embolism and thrombosis of other specified veins
S43121A,"Dislocation of r acromioclav jt, 100%-200% displacmnt, init"
T82198A,"Mech compl of other cardiac electronic device, init encntr"
M7071,"Other bursitis of hip, right hip"
S8262XA,"Disp fx of lateral malleolus of left fibula, init"
W2101XA,"Struck by football, initial encounter"
S5292XA,"Unsp fracture of left forearm, init for clos fx"
H05222,Edema of left orbit
H4611,"Retrobulbar neuritis, right eye"
T25211A,"Burn of second degree of right ankle, initial encounter"
X100XXA,"Contact with hot drinks, initial encounter"
M7731,"Calcaneal spur, right foot"
M6588,"Other synovitis and tenosynovitis, other site"
F602,Antisocial personality disorder
N4400,"Torsion of testis, unspecified"
H53129,"Transient visual loss, unspecified eye"
L291,Pruritus scroti
S65511A,"Laceration of blood vessel of left index finger, init encntr"
A310,Pulmonary mycobacterial infection
H47091,"Oth disorders of optic nerve, NEC, right eye"
S7291XA,"Unsp fracture of right femur, init for clos fx"
M65871,"Other synovitis and tenosynovitis, right ankle and foot"
M06841,"Other specified rheumatoid arthritis, right hand"
K605,Anorectal fistula
J028,Acute pharyngitis due to other specified organisms
V4351XA,"Car driver injured in collision w SUV in traf, init"
N836,Hematosalpinx
M47812,"Spondylosis w/o myelopathy or radiculopathy, cervical region"
M62172,"Other rupture of muscle (nontraumatic), left ankle and foot"
T82330A,"Leakage of aortic (bifurcation) graft (replacement), init"
M3320,"Polymyositis, organ involvement unspecified"
I713,"Abdominal aortic aneurysm, ruptured"
M84459A,"Pathological fracture, hip, unsp, init encntr for fracture"
S27818A,"Other injury of esophagus (thoracic part), initial encounter"
S9781XA,"Crushing injury of right foot, initial encounter"
V0410XA,"Ped on foot injured in collision w hv veh in traf, init"
V0490XA,"Pedestrian on foot injured in collision w hv veh, unsp, init"
H05011,Cellulitis of right orbit
S53401A,"Unspecified sprain of right elbow, initial encounter"
K811,Chronic cholecystitis
H43392,"Other vitreous opacities, left eye"
O903,Peripartum cardiomyopathy
D692,Other nonthrombocytopenic purpura
K069,"Disorder of gingiva and edentulous alveolar ridge, unsp"
T426X5A,"Adverse effect of antiepileptic and sed-hypntc drugs, init"
F4321,Adjustment disorder with depressed mood
H4089,Other specified glaucoma
V8656XA,"Driver of dirt bike or motor/cross bike inj nontraf, init"
H4921,"Sixth [abducent] nerve palsy, right eye"
S62633D,"Disp fx of dist phalanx of l mid fngr, 7thD"
S61211D,"Laceration w/o fb of l idx fngr w/o damage to nail, subs"
S61313D,"Laceration w/o fb of l mid finger w damage to nail, subs"
W312XXD,"Contact w powered woodworking and forming machines, subs"
S62641B,"Nondisp fx of prox phalanx of l idx fngr, init for opn fx"
Z954,Presence of other heart-valve replacement
V0319XA,"Ped w convey injured pick-up truck, pk-up/van in traf, init"
S81831A,"Puncture wound w/o foreign body, right lower leg, init"
S93692A,"Other sprain of left foot, initial encounter"
G312,Degeneration of nervous system due to alcohol
T24221A,"Burn of second degree of right knee, initial encounter"
T24201A,"Burn 2nd deg of unsp site right lower limb, ex ank/ft, init"
T23121A,"Burn first degree of single r finger except thumb, init"
S73014A,"Posterior dislocation of right hip, initial encounter"
T7805XA,"Anaphylactic reaction due to tree nuts and seeds, init"
I6522,Occlusion and stenosis of left carotid artery
K654,Sclerosing mesenteritis
E7140,"Disorder of carnitine metabolism, unspecified"
S0033XD,"Contusion of nose, subsequent encounter"
W2103XD,"Struck by baseball, subsequent encounter"
J342,Deviated nasal septum
Z170,Estrogen receptor positive status [ER+]
I342,Nonrheumatic mitral (valve) stenosis
S42213A,"Unsp disp fx of surgical neck of unsp humerus, init"
S91202A,"Unsp open wound of left great toe w damage to nail, init"
S20419A,"Abrasion of unspecified back wall of thorax, init encntr"
W010XXD,"Fall same lev from slip/trip w/o strike against object, subs"
S86819A,"Strain of musc/tend at lower leg level, unsp leg, init"
M721,Knuckle pads
T378X5A,"Adverse effect of systemic anti-infect/parasit, init"
M5001,"Cervical disc disorder with myelopathy, high cervical region"
B182,Chronic viral hepatitis C
S82302B,"Unsp fx lower end of left tibia, init for opn fx type I/2"
S42331A,"Displaced oblique fx shaft of humerus, right arm, init"
O0489,(Induced) termination of pregnancy with other complications
S76111A,"Strain of right quadriceps muscle, fascia and tendon, init"
T5491XA,"Toxic effect of unsp corrosive substance, accidental, init"
Y92815,Train as the place of occurrence of the external cause
S61402A,"Unspecified open wound of left hand, initial encounter"
T81504A,"Unsp comp of fb acc left in body following endo exam, init"
R7889,"Finding of oth substances, not normally found in blood"
S20221A,"Contusion of right back wall of thorax, initial encounter"
S61122A,"Laceration w fb of left thumb w damage to nail, init"
S46011A,"Strain of musc/tend the rotator cuff of right shoulder, init"
O163,"Unspecified maternal hypertension, third trimester"
F601,Schizoid personality disorder
S90121A,"Contusion of right lesser toe(s) w/o damage to nail, init"
S82424A,"Nondisp transverse fracture of shaft of right fibula, init"
O0387,Sepsis following complete or unsp spontaneous abortion
S53195A,"Other dislocation of left ulnohumeral joint, init encntr"
R2241,"Localized swelling, mass and lump, right lower limb"
E1142,Type 2 diabetes mellitus with diabetic polyneuropathy
S60021A,"Contusion of right index finger w/o damage to nail, init"
T24211A,"Burn of second degree of right thigh, initial encounter"
B083,Erythema infectiosum [fifth disease]
G9519,Other vascular myelopathies
L539,"Erythematous condition, unspecified"
Z8543,Personal history of malignant neoplasm of ovary
H66001,"Acute suppr otitis media w/o spon rupt ear drum, right ear"
T542X2A,"Tox eff of corrosv acids & acid-like substnc, slf-hrm, init"
S36029A,"Unspecified contusion of spleen, initial encounter"
O480,Post-term pregnancy
Z3A41,41 weeks gestation of pregnancy
K113,Abscess of salivary gland
O24019,"Pre-exist type 1 diabetes, in pregnancy, unsp trimester"
S76912A,"Strain of unsp musc/fasc/tend at thi lev, left thigh, init"
K458,Oth abdominal hernia without obstruction or gangrene
T360X2A,"Poisoning by penicillins, intentional self-harm, init encntr"
R64,Cachexia
K833,Fistula of bile duct
H3412,"Central retinal artery occlusion, left eye"
T84290A,"Mech compl of int fix of bones of hand and fingers, init"
A4902,"Methicillin resis staph infection, unsp site"
O165,"Unspecified maternal hypertension, comp the puerperium"
L97229,Non-pressure chronic ulcer of left calf with unsp severity
G43801,"Other migraine, not intractable, with status migrainosus"
N800,Endometriosis of uterus
Y92008,Oth place in unsp non-institut (private) residence as place
G710,Muscular dystrophy
Q8500,"Neurofibromatosis, unspecified"
L89319,"Pressure ulcer of right buttock, unspecified stage"
Q8502,"Neurofibromatosis, type 2"
L98419,Non-pressure chronic ulcer of buttock with unsp severity
L98429,Non-pressure chronic ulcer of back with unspecified severity
Q5002,"Congenital absence of ovary, bilateral"
S90426A,"Blister (nonthermal), unspecified lesser toe(s), init encntr"
H4711,Papilledema associated with increased intracranial pressure
S02400A,"Malar fracture, unspecified side, init"
S63294A,"Dislocation of distal interphaln joint of r rng fngr, init"
S62626A,"Disp fx of middle phalanx of r little finger, init"
F15180,Oth stimulant abuse with stimulant-induced anxiety disorder
F14180,Cocaine abuse with cocaine-induced anxiety disorder
F10180,Alcohol abuse with alcohol-induced anxiety disorder
F11188,Opioid abuse with other opioid-induced disorder
L731,Pseudofolliculitis barbae
J328,Other chronic sinusitis
S62635A,"Disp fx of distal phalanx of left ring finger, init"
S32392A,"Oth fracture of left ilium, init encntr for closed fracture"
S8254XA,"Nondisp fx of medial malleolus of right tibia, init"
Z523,Bone marrow donor
Z792,Long term (current) use of antibiotics
H43813,"Vitreous degeneration, bilateral"
C210,"Malignant neoplasm of anus, unspecified"
N4289,Other specified disorders of prostate
S60112A,"Contusion of left thumb with damage to nail, init encntr"
W2203XA,"Walked into furniture, initial encounter"
R011,"Cardiac murmur, unspecified"
K3589,Other acute appendicitis
F079,Unsp personality & behavrl disord due to known physiol cond
G608,Other hereditary and idiopathic neuropathies
G893,Neoplasm related pain (acute) (chronic)
T50905A,"Adverse effect of unsp drug/meds/biol subst, init"
O4693,"Antepartum hemorrhage, unspecified, third trimester"
F315,"Bipolar disord, crnt epsd depress, severe, w psych features"
J3501,Chronic tonsillitis
S68611A,"Complete traumatic trnsphal amputation of l idx fngr, init"
W241XXA,"Contact w transmission devices, NEC, init"
S36892A,"Contusion of other intra-abdominal organs, initial encounter"
H43399,"Other vitreous opacities, unspecified eye"
K5150,Left sided colitis without complications
S45291A,"Inj axillary or brachial vein, right side, init encntr"
T2112XA,"Burn of first degree of abdominal wall, initial encounter"
S73015A,"Posterior dislocation of left hip, initial encounter"
S61239A,"Pnctr w/o fb of unsp finger w/o damage to nail, init"
T85520A,"Displacement of bile duct prosthesis, initial encounter"
F79,Unspecified intellectual disabilities
B451,Cerebral cryptococcosis
N8329,Other ovarian cysts
O99321,"Drug use complicating pregnancy, first trimester"
L89150,"Pressure ulcer of sacral region, unstageable"
M488X6,"Other specified spondylopathies, lumbar region"
R201,Hypoesthesia of skin
F4322,Adjustment disorder with anxiety
S62326A,"Disp fx of shaft of fifth metacarpal bone, right hand, init"
T507X1A,"Poisn by analeptics and opioid receptor antag, acc, init"
M67422,"Ganglion, left elbow"
J930,Spontaneous tension pneumothorax
O23591,"Infection oth prt genitl trct in pregnancy, first trimester"
Z20828,Contact w and exposure to oth viral communicable diseases
I77811,Abdominal aortic ectasia
N838,"Oth noninflammatory disord of ovary, fallop and broad ligmt"
N801,Endometriosis of ovary
D481,Neoplasm of uncertain behavior of connctv/soft tiss
M810,Age-related osteoporosis w/o current pathological fracture
B021,Zoster meningitis
K600,Acute anal fissure
S83412A,"Sprain of medial collateral ligament of left knee, init"
K450,"Oth abdominal hernia with obstruction, without gangrene"
S0240DB,"Maxillary fracture, left side, 7thB"
Y01XXXA,"Assault by pushing from high place, initial encounter"
N738,Other specified female pelvic inflammatory diseases
F12988,"Cannabis use, unsp with other cannabis-induced disorder"
C782,Secondary malignant neoplasm of pleura
J910,Malignant pleural effusion
S82145A,"Nondisplaced bicondylar fracture of left tibia, init"
S82441A,"Displaced spiral fracture of shaft of right fibula, init"
S08812A,"Partial traumatic amputation of nose, initial encounter"
S08811A,"Complete traumatic amputation of nose, initial encounter"
T454X5A,"Adverse effect of iron and its compounds, initial encounter"
I82220,Acute embolism and thrombosis of inferior vena cava
Y9339,"Activity, oth involving climbing, rappelling and jumping off"
I5089,Other heart failure
S32432A,"Disp fx of anterior column of left acetabulum, init"
M459,Ankylosing spondylitis of unspecified sites in spine
O169,"Unspecified maternal hypertension, unspecified trimester"
V0199XA,"Ped w convey injured in collision w pedl cyc, unsp, init"
S149XXA,"Injury of unspecified nerves of neck, initial encounter"
T518X1A,"Toxic effect of alcohols, accidental (unintentional), init"
H3092,"Unspecified chorioretinal inflammation, left eye"
G8191,"Hemiplegia, unspecified affecting right dominant side"
W01198D,"Fall same lev from slip/trip w strike agnst oth object, subs"
T83598A,"I/I react d/t other prosth dev/grft urn sys, init"
T83090A,"Mech compl of cystostomy catheter, initial encounter"
C679,"Malignant neoplasm of bladder, unspecified"
I6302,Cerebral infarction due to thrombosis of basilar artery
S06340A,"Traum hemor right cerebrum w/o loss of consciousness, init"
L231,Allergic contact dermatitis due to adhesives
S66911A,"Strain of unsp musc/fasc/tend at wrs/hnd lv, r hand, init"
S66312A,"Strain extn musc/fasc/tend r mid finger at wrs/hnd lv, init"
S32402A,"Unsp fracture of left acetabulum, init for clos fx"
L89612,"Pressure ulcer of right heel, stage 2"
L98411,Non-pressure chronic ulcer of buttock limited to brkdwn skin
S91332A,"Puncture wound without foreign body, left foot, init encntr"
L601,Onycholysis
B8789,Myiasis of other sites
S92521A,"Disp fx of middle phalanx of right lesser toe(s), init"
K869,"Disease of pancreas, unspecified"
S42412A,"Displ simple suprcndl fx w/o intrcndl fx l humerus, init"
S82862A,"Displaced Maisonneuve's fracture of left leg, init"
H15092,"Other scleritis, left eye"
T826XXA,"Infect/inflm reaction due to cardiac valve prosthesis, init"
I330,Acute and subacute infective endocarditis
B952,Enterococcus as the cause of diseases classified elsewhere
R1905,"Periumbilic swelling, mass or lump"
T428X2A,"Poisn by antiparkns drug/centr musc-tone depr, slf-hrm, init"
Y92019,Unsp place in single-family (private) house as place
O4103X0,"Oligohydramnios, third trimester, not applicable or unsp"
E786,Lipoprotein deficiency
L233,Allergic contact dermatitis due to drugs in contact w skin
T490X5A,"Adverse effect of local antifung/infect/inflamm drugs, init"
S46211A,"Strain of musc/fasc/tend prt biceps, right arm, init"
S32431A,"Disp fx of anterior column of right acetabulum, init"
O1493,"Unspecified pre-eclampsia, third trimester"
S3121XA,"Laceration without foreign body of penis, initial encounter"
S06380A,"Contus/lac/hem brainstem w/o loss of consciousness, init"
T8142XA,"Infct fol a procedure, deep incisional surgical site, init"
M7022,"Olecranon bursitis, left elbow"
S41012A,"Laceration w/o foreign body of left shoulder, init encntr"
S86891A,"Inj oth musc/tend at lower leg level, right leg, init"
K634,Enteroptosis
Q211,Atrial septal defect
S31109A,"Unsp opn wnd abd wall, unsp q w/o penet perit cav, init"
S60455A,"Superficial foreign body of left ring finger, init encntr"
M84562A,"Path fracture in neoplastic disease, left tibia, init"
S82235A,"Nondisplaced oblique fracture of shaft of left tibia, init"
D480,Neoplasm of uncertain behavior of bone/artic cartl
T542X1A,"Toxic eff of corrosv acids and acid-like substnc, acc, init"
L253,Unsp contact dermatitis due to other chemical products
T43022A,"Poisoning by tetracyclic antidepressants, self-harm, init"
T7411XA,"Adult physical abuse, confirmed, initial encounter"
R748,Abnormal levels of other serum enzymes
T2006XD,"Burn of unsp degree of forehead and cheek, subs encntr"
X16XXXD,"Contact w hot heating appliances, radiators and pipes, subs"
H10811,"Pingueculitis, right eye"
F901,"Attn-defct hyperactivity disorder, predom hyperactive type"
T83020A,"Displacement of cystostomy catheter, initial encounter"
O9112,Abscess of breast associated with the puerperium
D1809,Hemangioma of other sites
I440,"Atrioventricular block, first degree"
S59912A,"Unspecified injury of left forearm, initial encounter"
S37031A,"Laceration of right kidney, unspecified degree, init encntr"
I21A1,Myocardial infarction type 2
S32018A,"Oth fracture of first lumbar vertebra, init for clos fx"
S52134A,"Nondisp fx of neck of right radius, init for clos fx"
C119,"Malignant neoplasm of nasopharynx, unspecified"
M24411,"Recurrent dislocation, right shoulder"
S63251A,"Unspecified dislocation of left index finger, init encntr"
S63253A,"Unspecified dislocation of left middle finger, init encntr"
H16292,"Other keratoconjunctivitis, left eye"
S66122A,"Lacerat flexor musc/fasc/tend r mid fngr at wrs/hnd lv, init"
S66124A,"Lacerat flexor musc/fasc/tend r rng fngr at wrs/hnd lv, init"
S66126A,"Lacerat flxr musc/fasc/tend r lit fngr at wrs/hnd lv, init"
S1183XA,"Puncture wound w/o foreign body oth prt neck, init encntr"
S82252B,"Displ commnt fx shaft of l tibia, init for opn fx type I/2"
S82191A,"Oth fracture of upper end of right tibia, init for clos fx"
S14103A,"Unsp injury at C3 level of cervical spinal cord, init encntr"
A088,Other specified intestinal infections
G0481,Other encephalitis and encephalomyelitis
S1989XA,"Oth injuries of other specified part of neck, init encntr"
S61255A,"Open bite of left ring finger w/o damage to nail, init"
W5321XA,"Bitten by squirrel, initial encounter"
T481X1A,"Poisoning by skeletal muscle relaxants, accidental, init"
S40211A,"Abrasion of right shoulder, initial encounter"
F341,Dysthymic disorder
O30001,"Twin preg, unsp num plcnta & amnio sacs, first trimester"
O3111X0,"Cont preg aft spon abort of one fts or more, first tri, unsp"
K580,Irritable bowel syndrome with diarrhea
B341,"Enterovirus infection, unspecified"
S60141A,"Contusion of right ring finger w damage to nail, init encntr"
V284XXA,"Mtrcy driver injured in nonclsn trnsp accident in traf, init"
X005XXA,"Jump from burning bldg in uncontrolled fire, init"
L659,"Nonscarring hair loss, unspecified"
S82202A,"Unsp fracture of shaft of left tibia, init for clos fx"
S62311A,"Disp fx of base of second metacarpal bone, left hand, init"
R5084,Febrile nonhemolytic transfusion reaction
V7910XA,"Passenger on bus injured in clsn w unsp mv nontraf, init"
O035,Genitl trct and pelvic infct fol complete or unsp spon abort
T83030A,"Leakage of cystostomy catheter, initial encounter"
S52511A,"Disp fx of right radial styloid process, init for clos fx"
S32011A,"Stable burst fracture of first lumbar vertebra, init"
G4730,"Sleep apnea, unspecified"
G5602,"Carpal tunnel syndrome, left upper limb"
Z91013,Allergy to seafood
Z023,Encounter for examination for recruitment to armed forces
M4627,"Osteomyelitis of vertebra, lumbosacral region"
M50122,Cervical disc disorder at C5-C6 level with radiculopathy
T22252A,"Burn of second degree of left shoulder, initial encounter"
S41011A,"Laceration w/o foreign body of right shoulder, init encntr"
I426,Alcoholic cardiomyopathy
K7151,Toxic liver disease w chronic active hepatitis with ascites
A568,Sexually transmitted chlamydial infection of other sites
I462,Cardiac arrest due to underlying cardiac condition
S91321A,"Laceration with foreign body, right foot, initial encounter"
S322XXA,"Fracture of coccyx, initial encounter for closed fracture"
I409,"Acute myocarditis, unspecified"
S39013A,"Strain of muscle, fascia and tendon of pelvis, init encntr"
O4292,"Full-term prem ROM, unsp time betw rupture and onset labor"
S82452B,"Displ commnt fx shaft of l fibula, init for opn fx type I/2"
O871,Deep phlebothrombosis in the puerperium
H11421,"Conjunctival edema, right eye"
I63031,Cerebral infrc due to thrombosis of right carotid artery
I731,Thromboangiitis obliterans [Buerger's disease]
I82C11,Acute embolism and thrombosis of right internal jugular vein
T84621A,"Infect/inflm reaction due to int fix of left femur, init"
I447,"Left bundle-branch block, unspecified"
T84293A,"Mech compl of int fix of bones of foot and toes, init"
H16002,"Unspecified corneal ulcer, left eye"
M86641,"Other chronic osteomyelitis, right hand"
I97610,Postproc hemor of a circ sys org following a cardiac cath
S62521A,"Disp fx of distal phalanx of right thumb, init for clos fx"
S92342A,"Disp fx of fourth metatarsal bone, left foot, init"
S92212A,"Disp fx of cuboid bone of left foot, init for clos fx"
S4402XA,"Injury of ulnar nerve at upper arm level, left arm, init"
N432,Other hydrocele
V8652XA,"Driver of snowmobile injured in nontraffic accident, init"
J09X9,Flu due to ident novel influenza A virus w oth manifest
T79A9XA,"Traumatic compartment syndrome of other sites, init encntr"
D251,Intramural leiomyoma of uterus
M7711,"Lateral epicondylitis, right elbow"
E11329,Type 2 diab w mild nonprlf diabetic rtnop w/o macular edema
S020XXB,"Fracture of vault of skull, init encntr for open fracture"
S42011A,"Anterior disp fx of sternal end of right clavicle, init"
N9972,Accidental pnctr & lac of a GU sys org during oth procedure
S79911A,"Unspecified injury of right hip, initial encounter"
S72102A,"Unsp trochanteric fracture of left femur, init for clos fx"
Z8551,Personal history of malignant neoplasm of bladder
O99345,Other mental disorders complicating the puerperium
F530,Postpartum depression
D5701,Hb-SS disease with acute chest syndrome
V784XXA,"Prsn brd/alit from bus injured in nonclsn trnsp acc, init"
O730,Retained placenta without hemorrhage
F1990,"Other psychoactive substance use, unspecified, uncomplicated"
N6001,Solitary cyst of right breast
F1820,"Inhalant dependence, uncomplicated"
S61042A,"Pnctr w foreign body of left thumb w/o damage to nail, init"
Z96642,Presence of left artificial hip joint
S129XXA,"Fracture of neck, unspecified, initial encounter"
D4989,Neoplasm of unspecified behavior of other specified sites
K912,"Postsurgical malabsorption, not elsewhere classified"
F1610,"Hallucinogen abuse, uncomplicated"
S60391A,"Other superficial injuries of right thumb, initial encounter"
T2062XA,"Corrosion of second degree of lip(s), initial encounter"
T2260XA,"Corros 2nd deg of shldr/up lmb, ex wrs/hnd, unsp site, init"
T2662XA,"Corrosion of cornea and conjunctival sac, left eye, init"
T2661XA,"Corrosion of cornea and conjunctival sac, right eye, init"
G40801,"Other epilepsy, not intractable, with status epilepticus"
V4352XD,"Car driver injured in collision w car in traf, subs"
M10061,"Idiopathic gout, right knee"
M5092,"Cervical disc disorder, unspecified, mid-cervical region"
S22048A,"Oth fracture of fourth thoracic vertebra, init for clos fx"
Q446,Cystic disease of liver
S86091A,"Other specified injury of right Achilles tendon, init encntr"
S02113A,"Unsp occipital condyle fracture, init for clos fx"
I300,Acute nonspecific idiopathic pericarditis
V0929XA,"Pedestrian injured in traf involving oth mv, init"
V0909XA,"Pedestrian injured nontraf involving oth mv, init"
S42294A,"Oth nondisp fx of upper end of right humerus, init"
K650,Generalized (acute) peritonitis
N9489,Oth cond assoc w female genital organs and menstrual cycle
S12121A,"Oth nondisplaced dens fracture, init for clos fx"
T79A22S,"Traumatic compartment syndrome of l low extrem, sequela"
S1083XA,"Contusion of other specified part of neck, initial encounter"
S0010XA,"Contusion of unsp eyelid and periocular area, init encntr"
M7732,"Calcaneal spur, left foot"
S82841B,"Displaced bimalleol fx r low leg, init for opn fx type I/2"
S6392XA,"Sprain of unsp part of left wrist and hand, init encntr"
M5383,"Other specified dorsopathies, cervicothoracic region"
J45998,Other asthma
D7589,Other specified diseases of blood and blood-forming organs
S51001A,"Unspecified open wound of right elbow, initial encounter"
M71522,"Other bursitis, not elsewhere classified, left elbow"
S63115A,"Dislocation of metacarpophalangeal joint of left thumb, init"
G8250,"Quadriplegia, unspecified"
S14109S,"Unsp injury at unsp level of cervical spinal cord, sequela"
L98414,Non-pressure chronic ulcer of buttock with necrosis of bone
Z021,Encounter for pre-employment examination
H905,Unspecified sensorineural hearing loss
Z0289,Encounter for other administrative examinations
H6002,Abscess of left external ear
O98512,"Oth viral diseases complicating pregnancy, second trimester"
N358,Other urethral stricture
B1710,Acute hepatitis C without hepatic coma
S72321A,"Displaced transverse fracture of shaft of right femur, init"
S82251B,"Displ commnt fx shaft of r tibia, init for opn fx type I/2"
V484XXA,"Prsn brd/alit a car injured in nonclsn trnsp accident, init"
L02216,Cutaneous abscess of umbilicus
F88,Other disorders of psychological development
S67195A,"Crushing injury of left ring finger, initial encounter"
T481X5A,"Adverse effect of skeletal muscle relaxants, init encntr"
H7092,"Unspecified mastoiditis, left ear"
S02632A,"Fracture of coronoid process of left mandible, init"
S80261A,"Insect bite (nonvenomous), right knee, initial encounter"
S9305XA,"Dislocation of left ankle joint, initial encounter"
W07XXXD,"Fall from chair, subsequent encounter"
S9782XA,"Crushing injury of left foot, initial encounter"
S93325A,"Dislocation of tarsometatarsal joint of left foot, init"
S82231B,"Displ oblique fx shaft of r tibia, init for opn fx type I/2"
S82441B,"Displ spiral fx shaft of r fibula, init for opn fx type I/2"
S62622A,"Displaced fracture of middle phalanx of r mid finger, init"
M96840,Postproc hematoma of a ms structure fol a ms sys procedure
S64493A,"Injury of digital nerve of left middle finger, init encntr"
S82851C,"Displ trimalleol fx r low leg, init for opn fx type 3A/B/C"
F1029,Alcohol dependence with unspecified alcohol-induced disorder
G251,Drug-induced tremor
T420X5A,"Adverse effect of hydantoin derivatives, initial encounter"
B958,Unsp staphylococcus as the cause of diseases classd elswhr
X988XXA,"Assault by other hot objects, initial encounter"
Z608,Other problems related to social environment
M00871,"Arthritis due to other bacteria, right ankle and foot"
Q796,Ehlers-Danlos syndrome
M489,"Spondylopathy, unspecified"
I636,"Cerebral infrc due to cerebral venous thombos, nonpyogenic"
E10628,Type 1 diabetes mellitus with other skin complications
T472X1A,"Poisoning by stimulant laxatives, accidental, init"
O3482,"Maternal care for oth abnlt of pelvic organs, second tri"
E43,Unspecified severe protein-calorie malnutrition
I70201,"Unsp athscl native arteries of extremities, right leg"
S27309A,"Unspecified injury of lung, unspecified, initial encounter"
M1238,"Palindromic rheumatism, other specified site"
C221,Intrahepatic bile duct carcinoma
R8290,Unspecified abnormal findings in urine
V4949XA,"Driver injured in collision w oth mv in traf, init"
L728,Other follicular cysts of the skin and subcutaneous tissue
G2402,Drug induced acute dystonia
T433X5A,"Adverse effect of phenothiazine antipsychot/neurolept, init"
D134,Benign neoplasm of liver
T50902A,"Poisoning by unsp drug/meds/biol subst, self-harm, init"
E854,Organ-limited amyloidosis
G959,"Disease of spinal cord, unspecified"
L859,"Epidermal thickening, unspecified"
K226,Gastro-esophageal laceration-hemorrhage syndrome
I82421,Acute embolism and thrombosis of right iliac vein
M08031,"Unspecified juvenile rheumatoid arthritis, right wrist"
R0601,Orthopnea
N210,Calculus in bladder
M5136,"Other intervertebral disc degeneration, lumbar region"
S14157A,"Oth incomplete lesion at C7, init"
S62637A,"Disp fx of distal phalanx of left little finger, init"
I872,Venous insufficiency (chronic) (peripheral)
W540XXD,"Bitten by dog, subsequent encounter"
X131XXA,"Other contact with steam and other hot vapors, init encntr"
S72342A,"Displaced spiral fracture of shaft of left femur, init"
T375X1A,"Poisoning by antiviral drugs, accidental, init"
Z96643,"Presence of artificial hip joint, bilateral"
S51021A,"Laceration with foreign body of right elbow, init encntr"
S42254A,"Nondisp fx of greater tuberosity of right humerus, init"
T84124A,"Displacement of int fix of right femur, init"
O42912,"Pretrm prem ROM, unsp time betw rupt and onset labr, 2nd tri"
T50991A,"Poisoning by oth drug/meds/biol subst, accidental, init"
S61421A,"Laceration with foreign body of right hand, init encntr"
C155,Malignant neoplasm of lower third of esophagus
K9130,"Postproc intestinal obst, unsp as to partial versus complete"
R012,Other cardiac sounds
K868,Other specified diseases of pancreas
S91301D,"Unspecified open wound, right foot, subsequent encounter"
H5704,Mydriasis
S30811A,"Abrasion of abdominal wall, initial encounter"
W311XXA,"Contact with metalworking machines, initial encounter"
K91850,Pouchitis
Q822,Congenital cutaneous mastocytosis
T8859XA,"Other complications of anesthesia, initial encounter"
D4702,Systemic mastocytosis
S86011A,"Strain of right Achilles tendon, initial encounter"
M6088,"Other myositis, other site"
S53104A,"Unsp dislocation of right ulnohumeral joint, init encntr"
S45111A,"Laceration of brachial artery, right side, initial encounter"
A86,Unspecified viral encephalitis
C8379,"Burkitt lymphoma, extranodal and solid organ sites"
Z8572,Personal history of non-Hodgkin lymphomas
G7289,Other specified myopathies
X80XXXA,"Intentional self-harm by jumping from a high place, init"
M13812,"Other specified arthritis, left shoulder"
M13811,"Other specified arthritis, right shoulder"
F333,"Major depressv disorder, recurrent, severe w psych symptoms"
S62610A,"Disp fx of proximal phalanx of right index finger, init"
S62509A,"Fracture of unsp phalanx of unsp thumb, init for clos fx"
L84,Corns and callosities
G9340,"Encephalopathy, unspecified"
J849,"Interstitial pulmonary disease, unspecified"
M5021,"Other cervical disc displacement, high cervical region"
N909,"Noninflammatory disorder of vulva and perineum, unspecified"
G3183,Dementia with Lewy bodies
E319,"Polyglandular dysfunction, unspecified"
B59,Pneumocystosis
T421X2A,"Poisoning by iminostilbenes, intentional self-harm, init"
O76,Abnlt in fetal heart rate and rhythm comp labor and delivery
I729,Aneurysm of unspecified site
G935,Compression of brain
S42415A,"Nondisp simple suprcndl fx w/o intrcndl fx l humerus, init"
L301,Dyshidrosis [pompholyx]
O26842,"Uterine size-date discrepancy, second trimester"
I8511,Secondary esophageal varices with bleeding
G40509,"Epileptic seiz rel to extrn causes, not ntrct, w/o stat epi"
S638X1A,"Sprain of other part of right wrist and hand, init encntr"
N501,Vascular disorders of male genital organs
M238X1,Other internal derangements of right knee
S60011A,"Contusion of right thumb without damage to nail, init encntr"
C884,Extrnod mrgnl zn B-cell lymph of mucosa-assoc lymphoid tiss
T83593A,"I/I react d/t other urinary stents, initial encounter"
V4960XA,"Unsp car occupant injured in clsn w unsp mv in traf, init"
K4020,"Bi inguinal hernia, w/o obst or gangrene, not spcf as recur"
C189,"Malignant neoplasm of colon, unspecified"
M455,Ankylosing spondylitis of thoracolumbar region
V7940XA,"Driver of bus injured in collision w unsp mv in traf, init"
L89119,"Pressure ulcer of right upper back, unspecified stage"
S96802A,"Unsp inj muscles and tendons at ank/ft level, l foot, init"
Z932,Ileostomy status
H60501,"Unspecified acute noninfective otitis externa, right ear"
F202,Catatonic schizophrenia
O24419,"Gestational diabetes mellitus in pregnancy, unsp control"
S62614B,"Disp fx of proximal phalanx of r rng fngr, init for opn fx"
S02671A,"Fracture of alveolus of right mandible, init"
S59911A,"Unspecified injury of right forearm, initial encounter"
I82409,Acute embolism and thombos unsp deep vn unsp lower extremity
S76191A,"Inj right quadriceps muscle, fascia and tendon, init encntr"
S32009A,"Unsp fracture of unsp lumbar vertebra, init for clos fx"
F332,"Major depressv disorder, recurrent severe w/o psych features"
R234,Changes in skin texture
B531,Malaria due to simian plasmodia
S68627A,"Partial traumatic trnsphal amp of l little finger, init"
S63602A,"Unspecified sprain of left thumb, initial encounter"
I889,"Nonspecific lymphadenitis, unspecified"
T171XXA,"Foreign body in nostril, initial encounter"
T83512A,"I/I react d/t nephrostomy catheter, initial encounter"
H73011,"Bullous myringitis, right ear"
O3411,"Maternal care for benign tumor of corpus uteri, first tri"
F12120,"Cannabis abuse with intoxication, uncomplicated"
T43015A,"Adverse effect of tricyclic antidepressants, init encntr"
T2127XA,"Burn of second degree of female genital region, init encntr"
S12111A,"Posterior displaced Type II dens fracture, init for clos fx"
H16203,"Unspecified keratoconjunctivitis, bilateral"
F8081,Childhood onset fluency disorder
T84622A,"Infect/inflm reaction due to int fix of right tibia, init"
S0121XD,"Laceration without foreign body of nose, subs encntr"
S52592D,"Oth fx of lower end left rad, subs for clos fx w routn heal"
S52612D,"Disp fx of l ulna styloid pro, subs for clos fx w routn heal"
W1839XD,"Other fall on same level, subsequent encounter"
O135,"Gestatnl htn without significant protein, comp the puerp"
O1490,"Unspecified pre-eclampsia, unspecified trimester"
G808,Other cerebral palsy
K838,Other specified diseases of biliary tract
S83004A,"Unspecified dislocation of right patella, initial encounter"
W271XXA,"Contact with garden tool, initial encounter"
N209,"Urinary calculus, unspecified"
S72434A,"Nondisp fx of medial condyle of right femur, init"
N138,Other obstructive and reflux uropathy
I824Y2,Ac emblsm and thombos unsp deep veins of left prox low extrm
M7752,Other enthesopathy of left foot and ankle
F3181,Bipolar II disorder
L02818,Cutaneous abscess of other sites
T8789,Other complications of amputation stump
Z89611,Acquired absence of right leg above knee
I77819,"Aortic ectasia, unspecified site"
S62617B,"Disp fx of prox phalanx of l little finger, init for opn fx"
C9190,"Lymphoid leukemia, unspecified not having achieved remission"
S81811S,"Laceration without foreign body, right lower leg, sequela"
V0390XS,"Ped on foot injured pick-up truck, pk-up/van, unsp, sequela"
S42131A,"Disp fx of coracoid process, right shoulder, init"
S61219A,"Laceration w/o fb of unsp finger w/o damage to nail, init"
M316,Other giant cell arteritis
G43901,"Migraine, unsp, not intractable, with status migrainosus"
S86892A,"Inj oth musc/tend at lower leg level, left leg, init"
M793,"Panniculitis, unspecified"
S86111A,"Strain musc/tend post grp at low leg level, right leg, init"
S92001B,"Unsp fracture of right calcaneus, init for opn fx"
S42214A,"Unsp nondisp fx of surgical neck of right humerus, init"
K0530,"Chronic periodontitis, unspecified"
S90414A,"Abrasion, right lesser toe(s), initial encounter"
N765,Ulceration of vagina
K141,Geographic tongue
O24919,"Unsp diabetes mellitus in pregnancy, unspecified trimester"
T494X5A,"Adverse effect of keratolyt/keratplst/hair trmt drug, init"
B360,Pityriasis versicolor
Y92322,Soccer field as place
S280XXA,"Crushed chest, initial encounter"
T22611A,"Corrosion of second degree of right forearm, init encntr"
G5712,"Meralgia paresthetica, left lower limb"
T502X1A,"Poisn by crbnc-anhydr inhibtr, benzo/oth diuretc, acc, init"
S12591A,"Oth nondisp fx of sixth cervical vertebra, init for clos fx"
V170XXA,"Pedl cyc driver inj in clsn w statnry object nontraf, init"
S32301A,"Unsp fracture of right ilium, init for clos fx"
B3781,Candidal esophagitis
M2391,Unspecified internal derangement of right knee
A499,"Bacterial infection, unspecified"
J440,Chronic obstructive pulmon disease w acute lower resp infct
S92111A,"Disp fx of neck of right talus, init for clos fx"
F513,Sleepwalking [somnambulism]
S79822A,"Other specified injuries of left thigh, initial encounter"
S82091A,"Oth fracture of right patella, init for clos fx"
A5619,Other chlamydial genitourinary infection
S00452A,"Superficial foreign body of left ear, initial encounter"
H547,Unspecified visual loss
S61251A,"Open bite of left index finger w/o damage to nail, init"
Y731,Theraputc and rehab gastroent and urology dev assoc w incdt
E108,Type 1 diabetes mellitus with unspecified complications
M60831,"Other myositis, right forearm"
T184XXA,"Foreign body in colon, initial encounter"
F919,"Conduct disorder, unspecified"
L251,Unsp contact dermatitis due to drugs in contact with skin
Y92328,Oth athletic field as place
O080,Genitl trct and pelvic infct fol ectopic and molar pregnancy
R780,Finding of alcohol in blood
M65222,"Calcific tendinitis, left upper arm"
F14120,"Cocaine abuse with intoxication, uncomplicated"
D861,Sarcoidosis of lymph nodes
G9619,"Other disorders of meninges, not elsewhere classified"
T23161A,"Burn of first degree of back of right hand, init encntr"
T2016XA,"Burn of first degree of forehead and cheek, init encntr"
T2012XA,"Burn of first degree of lip(s), initial encounter"
M50822,Other cervical disc disorders at C5-C6 level
E83119,"Hemochromatosis, unspecified"
T50904A,"Poisoning by unsp drug/meds/biol subst, undetermined, init"
S20411A,"Abrasion of right back wall of thorax, initial encounter"
H6690,"Otitis media, unspecified, unspecified ear"
H933X2,Disorders of left acoustic nerve
S83094A,"Other dislocation of right patella, initial encounter"
S42201A,"Unsp fracture of upper end of right humerus, init"
T43611A,"Poisoning by caffeine, accidental (unintentional), init"
S93112A,"Dislocation of interphalangeal joint of left great toe, init"
H409,Unspecified glaucoma
S064X1A,"Epidural hemorrhage w LOC of 30 minutes or less, init"
S82242B,"Displ spiral fx shaft of l tibia, init for opn fx type I/2"
S82442B,"Displ spiral fx shaft of l fibula, init for opn fx type I/2"
F1390,"Sedative, hypnotic, or anxiolytic use, unsp, uncomplicated"
S68623A,"Partial traumatic trnsphal amputation of l mid finger, init"
S62615B,"Disp fx of proximal phalanx of l rng fngr, init for opn fx"
S82262B,"Displ seg fx shaft of l tibia, init for opn fx type I/2"
C227,Other specified carcinomas of liver
S030XXA,"Dislocation of jaw, initial encounter"
O623,Precipitate labor
G92,Toxic encephalopathy
S32435A,"Nondisp fx of anterior column of left acetabulum, init"
J387,Other diseases of larynx
O411220,"Chorioamnionitis, second trimester, not applicable or unsp"
C8598,"Non-Hodgkin lymphoma, unsp, lymph nodes of multiple sites"
B354,Tinea corporis
S66125A,"Lacerat flexor musc/fasc/tend l rng fngr at wrs/hnd lv, init"
A045,Campylobacter enteritis
A6002,Herpesviral infection of other male genital organs
S36112A,"Contusion of liver, initial encounter"
I82623,"Acute embolism and thombos of deep veins of up extrem, bi"
S62345A,"Nondisp fx of base of fourth MC bone, left hand, init"
S46811A,"Strain of musc/fasc/tend at shldr/up arm, right arm, init"
O98712,"Human immunodef virus disease comp preg, second trimester"
Z21,Asymptomatic human immunodeficiency virus infection status
R2231,"Localized swelling, mass and lump, right upper limb"
S52131A,"Disp fx of neck of right radius, init for clos fx"
Y289XXA,"Contact w unsp sharp object, undetermined intent, init"
S8411XA,"Injury of peroneal nerve at lower leg level, right leg, init"
V00311A,"Fall from snowboard, initial encounter"
H838X2,Other specified diseases of left inner ear
D110,Benign neoplasm of parotid gland
S82232A,"Displaced oblique fracture of shaft of left tibia, init"
S3023XA,"Contusion of vagina and vulva, initial encounter"
Z791,Long term (current) use of non-steroidal non-inflam (NSAID)
S06339A,"Contus/lac cereb, w LOC of unsp duration, init"
Z6379,Other stressful life events affecting family and household
S42222A,"2-part disp fx of surgical neck of left humerus, init"
C49A2,Gastrointestinal stromal tumor of stomach
F10280,Alcohol dependence with alcohol-induced anxiety disorder
T7802XA,"Anaphylactic reaction due to shellfish (crustaceans), init"
S83421A,"Sprain of lateral collateral ligament of right knee, init"
R209,Unspecified disturbances of skin sensation
S72115A,"Nondisp fx of greater trochanter of left femur, init"
Q851,Tuberous sclerosis
V4909XA,"Driver injured in collision w oth mv nontraf, init"
S32502A,"Unsp fracture of left pubis, init encntr for closed fracture"
H608X1,"Other otitis externa, right ear"
M25432,"Effusion, left wrist"
S62634B,"Disp fx of distal phalanx of r rng fngr, init for opn fx"
M86141,"Other acute osteomyelitis, right hand"
N118,Other chronic tubulo-interstitial nephritis
N318,Other neuromuscular dysfunction of bladder
Z87440,Personal history of urinary (tract) infections
V471XXA,"Car pasngr injured in clsn with statnry object nontraf, init"
V4910XA,"Passenger injured in collision w unsp mv nontraf, init"
S86001A,"Unspecified injury of right Achilles tendon, init encntr"
R479,Unspecified speech disturbances
H47021,"Hemorrhage in optic nerve sheath, right eye"
M65142,"Other infective (teno)synovitis, left hand"
T84042A,"Periprosth fracture around internal prosth r knee jt, init"
S61245A,"Pnctr w foreign body of l rng fngr w/o damage to nail, init"
Y718,"Miscellaneous cardiovascular devices assoc w incdt, NEC"
S86821A,"Laceration of musc/tend at lower leg level, right leg, init"
O9942,Diseases of the circulatory system complicating childbirth
O2412,"Pre-existing type 2 diabetes mellitus, in childbirth"
C257,Malignant neoplasm of other parts of pancreas
H8112,"Benign paroxysmal vertigo, left ear"
S62001K,"Unsp fx navicular bone of r wrist, subs for fx w nonunion"
K709,"Alcoholic liver disease, unspecified"
S82301B,"Unsp fx lower end of right tibia, init for opn fx type I/2"
S42401D,"Unsp fx lower end of r humerus, subs for fx w routn heal"
S130XXA,"Traumatic rupture of cervical intervertebral disc, init"
S52391A,"Oth fracture of shaft of radius, right arm, init for clos fx"
S52291A,"Oth fracture of shaft of right ulna, init for clos fx"
G378,Oth demyelinating diseases of central nervous system
M7702,"Medial epicondylitis, left elbow"
T183XXA,"Foreign body in small intestine, initial encounter"
Z91138,Patient's unintent undrdose of meds regimen for oth reason
M12871,"Oth specific arthropathies, NEC, right ankle and foot"
M12852,"Oth specific arthropathies, NEC, left hip"
K55039,"Acute ischemia of large intestine, extent unspecified"
Y92481,Parking lot as the place of occurrence of the external cause
I130,Hyp hrt & chr kdny dis w hrt fail and stg 1-4/unsp chr kdny
D619,"Aplastic anemia, unspecified"
T80219A,"Unsp infection due to central venous catheter, init encntr"
D67,Hereditary factor IX deficiency
T2200XA,"Burn unsp deg of shldr/up lmb, ex wrs/hnd, unsp site, init"
I2129,STEMI involving oth sites
N888,Other specified noninflammatory disorders of cervix uteri
I69351,Hemiplga following cerebral infrc aff right dominant side
R5382,"Chronic fatigue, unspecified"
S60311A,"Abrasion of right thumb, initial encounter"
S00531A,"Contusion of lip, initial encounter"
S92514A,"Nondisp fx of proximal phalanx of right lesser toe(s), init"
O1093,Unsp pre-existing hypertension complicating the puerperium
T446X2A,"Poisoning by alpha-adrenocpt antagonists, self-harm, init"
N049,Nephrotic syndrome with unspecified morphologic changes
A048,Other specified bacterial intestinal infections
E8809,"Oth disorders of plasma-protein metabolism, NEC"
O26812,"Pregnancy related exhaustion and fatigue, second trimester"
Z20820,Contact with and (suspected) exposure to varicella
W109XXD,"Fall (on) (from) unspecified stairs and steps, subs encntr"
S0265XA,"Fracture of angle of mandible, init for clos fx"
H0014,Chalazion left upper eyelid
S82491A,"Oth fracture of shaft of right fibula, init for clos fx"
S76911A,"Strain of unsp musc/fasc/tend at thi lev, right thigh, init"
V9331XA,"Fall on board passenger ship, initial encounter"
S61306A,"Unsp open wound of r little finger w damage to nail, init"
I422,Other hypertrophic cardiomyopathy
Y905,Blood alcohol level of 100-119 mg/100 ml
S68521A,"Partial traumatic trnsphal amputation of right thumb, init"
S92061A,"Displaced intraarticular fracture of right calcaneus, init"
L258,Unspecified contact dermatitis due to other agents
V4312XA,"Car passenger injured in collision w car nontraf, init"
H5500,Unspecified nystagmus
E840,Cystic fibrosis with pulmonary manifestations
R3989,Other symptoms and signs involving the genitourinary system
M5010,"Cervical disc disorder w radiculopathy, unsp cervical region"
H00034,Abscess of left upper eyelid
S21251A,"Open bite of r bk wl of thorax w/o penet thor cavity, init"
C19,Malignant neoplasm of rectosigmoid junction
I75021,Atheroembolism of right lower extremity
T24212A,"Burn of second degree of left thigh, initial encounter"
H02846,"Edema of left eye, unspecified eyelid"
D8989,"Oth disrd involving the immune mechanism, NEC"
M84552A,"Path fracture in neoplastic disease, left femur, init"
K7589,Other specified inflammatory liver diseases
O4692,"Antepartum hemorrhage, unspecified, second trimester"
M13832,"Other specified arthritis, left wrist"
I700,Atherosclerosis of aorta
S60453A,"Superficial foreign body of left middle finger, init encntr"
L304,Erythema intertrigo
J851,Abscess of lung with pneumonia
D252,Subserosal leiomyoma of uterus
S42035A,"Nondisp fx of lateral end of left clavicle, init for clos fx"
S46002A,"Unsp inj musc/tend the rotator cuff of l shoulder, init"
I6523,Occlusion and stenosis of bilateral carotid arteries
L4050,"Arthropathic psoriasis, unspecified"
H5120,"Internuclear ophthalmoplegia, unspecified eye"
Z604,Social exclusion and rejection
R10815,Periumbilic abdominal tenderness
S66129A,"Lacerat flexor musc/fasc/tend unsp fngr at wrs/hnd lv, init"
H43812,"Vitreous degeneration, left eye"
M25012,"Hemarthrosis, left shoulder"
D1771,Benign lipomatous neoplasm of kidney
S90222A,"Contusion of left lesser toe(s) w damage to nail, init"
M130,"Polyarthritis, unspecified"
I97630,Postproc hematoma of a circ sys org following a cardiac cath
G4440,"Drug-induced headache, NEC, not intractable"
S68624A,"Partial traumatic trnsphal amputation of r rng fngr, init"
S63125A,"Dislocation of interphalangeal joint of left thumb, init"
O26872,"Cervical shortening, second trimester"
T450X1A,"Poisoning by antiallerg/antiemetic, accidental, init"
S61254A,"Open bite of right ring finger w/o damage to nail, init"
S82142B,"Displaced bicondylar fx left tibia, init for opn fx type I/2"
V530XXA,"Driver of pk-up/van inj pk-up truck, pk-up/van nontraf, init"
S92492A,"Oth fracture of left great toe, init for clos fx"
W200XXA,"Struck by falling object in cave-in, initial encounter"
F908,"Attention-deficit hyperactivity disorder, other type"
E512,Wernicke's encephalopathy
T620X1A,"Toxic effect of ingested mushrooms, accidental, init"
F951,Chronic motor or vocal tic disorder
L89224,"Pressure ulcer of left hip, stage 4"
R412,Retrograde amnesia
I651,Occlusion and stenosis of basilar artery
S058X2A,"Other injuries of left eye and orbit, initial encounter"
K3520,"Acute appendicitis with gen peritonitis, without abscess"
Z947,Corneal transplant status
I25119,Athscl heart disease of native cor art w unsp ang pctrs
K588,Other irritable bowel syndrome
Z4659,Encounter for fit/adjst of GI appliance and device
M4312,"Spondylolisthesis, cervical region"
H4902,"Third [oculomotor] nerve palsy, left eye"
N059,Unsp nephritic syndrome with unspecified morphologic changes
S82872B,"Displaced pilon fx left tibia, init for opn fx type I/2"
S52032A,"Disp fx of olecran pro w intartic extn left ulna, init"
B0089,Other herpesviral infection
M300,Polyarteritis nodosa
M8619,"Other acute osteomyelitis, multiple sites"
S46201A,"Unsp injury of musc/fasc/tend prt biceps, right arm, init"
V685XXA,"Driver of hv veh injured in nonclsn trnsp acc in traf, init"
T483X2A,"Poisoning by antitussives, intentional self-harm, init"
G9341,Metabolic encephalopathy
G3109,Other frontotemporal dementia
E113219,"Type 2 diab with mild nonp rtnop with macular edema, unsp"
K435,Parastomal hernia without obstruction or gangrene
H15093,"Other scleritis, bilateral"
C253,Malignant neoplasm of pancreatic duct
G911,Obstructive hydrocephalus
V204XXA,"Mtrcy driver injured in collision w ped/anml in traf, init"
R892,Abn lev drug/meds/biol subst in specimens from oth org/tiss
M87851,"Other osteonecrosis, right femur"
L518,Other erythema multiforme
T447X6A,"Underdosing of beta-adrenoreceptor antagonists, init encntr"
V8659XA,"Driver of sp off-rd mv injured in nontraffic accident, init"
S3421XA,"Injury of nerve root of lumbar spine, initial encounter"
G541,Lumbosacral plexus disorders
K51911,"Ulcerative colitis, unspecified with rectal bleeding"
V535XXA,"Driver of pk-up/van inj pk-up truck, pk-up/van in traf, init"
J391,Other abscess of pharynx
C44329,Squamous cell carcinoma of skin of other parts of face
B488,Other specified mycoses
F16188,Hallucinogen abuse with other hallucinogen-induced disorder
S62101A,"Fracture of unsp carpal bone, right wrist, init for clos fx"
G713,"Mitochondrial myopathy, not elsewhere classified"
C73,Malignant neoplasm of thyroid gland
T83091A,"Mech compl of indwelling urethral catheter, init"
S80871A,"Other superficial bite, right lower leg, initial encounter"
D698,Other specified hemorrhagic conditions
S60943A,"Unsp superficial injury of left middle finger, init encntr"
S62171A,"Disp fx of trapezium, right wrist, init for clos fx"
S1093XA,"Contusion of unspecified part of neck, initial encounter"
I621,Nontraumatic extradural hemorrhage
T4395XA,"Adverse effect of unspecified psychotropic drug, init encntr"
T22112A,"Burn of first degree of left forearm, initial encounter"
S72451A,"Displ suprcndl fx w/o intrcndl extn lower end r femur, init"
T458X5A,"Adverse effect of prim systemic and hematolog agents, init"
S82854A,"Nondisplaced trimalleolar fracture of right lower leg, init"
S0266XB,"Fracture of symphysis of mandible, init for opn fx"
S02622B,"Fracture of subcondylar process of left mandible, 7thB"
D839,"Common variable immunodeficiency, unspecified"
D65,Disseminated intravascular coagulation
T45625A,"Adverse effect of hemostatic drug, initial encounter"
I952,Hypotension due to drugs
T85838A,"Hemorrhage due to other internal prosth dev/grft, init"
S0184XA,"Puncture wound w foreign body oth prt head, init encntr"
N99842,Postproc seroma of a GU sys org following a GU sys procedure
N412,Abscess of prostate
T23232A,"Burn of 2nd deg mul left fingers (nail), not inc thumb, init"
S6721XA,"Crushing injury of right hand, initial encounter"
Q631,"Lobulated, fused and horseshoe kidney"
T700XXA,"Otitic barotrauma, initial encounter"
Z85850,Personal history of malignant neoplasm of thyroid
S61305A,"Unsp open wound of left ring finger w damage to nail, init"
N858,Other specified noninflammatory disorders of uterus
T2682XA,"Corrosions of oth parts of left eye and adnexa, init encntr"
S43225A,"Posterior dislocation of left sternoclavicular joint, init"
F5089,Other specified eating disorder
S51822D,"Laceration with foreign body of left forearm, subs encntr"
W108XXD,"Fall (on) (from) other stairs and steps, subs encntr"
S72402A,"Unsp fracture of lower end of left femur, init for clos fx"
I7779,Dissection of other specified artery
T405X1A,"Poisoning by cocaine, accidental (unintentional), init"
Y288XXA,"Contact w oth sharp object, undetermined intent, init encntr"
K8042,Calculus of bile duct w acute cholecystitis w/o obstruction
S61201A,"Unsp open wound of l idx fngr w/o damage to nail, init"
S61203A,"Unsp open wound of l mid finger w/o damage to nail, init"
E10610,Type 1 diabetes mellitus w diabetic neuropathic arthropathy
A0839,Other viral enteritis
N6489,Other specified disorders of breast
M7581,"Other shoulder lesions, right shoulder"
L982,Febrile neutrophilic dermatosis [Sweet]
S01551A,"Open bite of lip, initial encounter"
Y903,Blood alcohol level of 60-79 mg/100 ml
M7552,Bursitis of left shoulder
G9782,Oth postproc complications and disorders of nervous sys
M8888,Osteitis deformans of other bones
T82320A,"Displacement of aortic (bifurcation) graft, init"
W2211XA,"Strike/struck by driver side automobile airbag, init"
T39311A,"Poisoning by propionic acid derivatives, accidental, init"
S70351A,"Superficial foreign body, right thigh, initial encounter"
T445X1A,"Poisoning by predom beta-adrenocpt agonists, acc, init"
S60572A,"Other superficial bite of hand of left hand, init encntr"
S83015A,"Lateral dislocation of left patella, initial encounter"
S14113A,"Complete lesion at C3 level of cervical spinal cord, init"
S14114A,"Complete lesion at C4 level of cervical spinal cord, init"
L4059,Other psoriatic arthropathy
F42,Obsessive-compulsive disorder
S62391B,"Oth fx second metacarpal bone, left hand, init for opn fx"
S62393B,"Oth fx third metacarpal bone, left hand, init for opn fx"
S61152A,"Open bite of left thumb with damage to nail, init encntr"
S50362A,"Insect bite (nonvenomous) of left elbow, initial encounter"
S50361A,"Insect bite (nonvenomous) of right elbow, initial encounter"
Z856,Personal history of leukemia
S92524A,"Nondisp fx of middle phalanx of right lesser toe(s), init"
R455,Hostility
M349,"Systemic sclerosis, unspecified"
J151,Pneumonia due to Pseudomonas
M2560,"Stiffness of unspecified joint, not elsewhere classified"
T23222A,"Burn second degree of single l finger except thumb, init"
T1491,Suicide attempt
T2020XA,"Burn second degree of head, face, and neck, unsp site, init"
T22152A,"Burn of first degree of left shoulder, initial encounter"
T22151A,"Burn of first degree of right shoulder, initial encounter"
T2612XA,"Burn of cornea and conjunctival sac, left eye, init encntr"
S02413A,"LeFort III fracture, initial encounter for closed fracture"
S92332A,"Disp fx of third metatarsal bone, left foot, init"
W16722A,"Jump/div from boat striking bottom causing oth injury, init"
F3110,"Bipolar disord, crnt episode manic w/o psych features, unsp"
T23152A,"Burn of first degree of left palm, initial encounter"
T23132A,"Burn first deg mult left fingers (nail), not inc thumb, init"
K5903,Drug induced constipation
S60421A,"Blister (nonthermal) of left index finger, initial encounter"
S60321A,"Blister (nonthermal) of right thumb, initial encounter"
C329,"Malignant neoplasm of larynx, unspecified"
Y840,"Cardiac catheterization cause abn react/compl, w/o misadvnt"
S63044A,"Dislocation of carpometacarpal joint of right thumb, init"
K5712,Dvtrcli of sm int w/o perforation or abscess w/o bleeding
W5511XA,"Bitten by horse, initial encounter"
M50121,Cervical disc disorder at C4-C5 level with radiculopathy
I201,Angina pectoris with documented spasm
S52271A,"Monteggia's fracture of right ulna, init for clos fx"
L89102,"Pressure ulcer of unspecified part of back, stage 2"
L89152,"Pressure ulcer of sacral region, stage 2"
T368X1A,"Poisoning by oth systemic antibiotics, accidental, init"
T382X5A,"Adverse effect of antithyroid drugs, initial encounter"
S52302A,"Unsp fracture of shaft of left radius, init for clos fx"
F1011,"Alcohol abuse, in remission"
S82232B,"Displ oblique fx shaft of l tibia, init for opn fx type I/2"
S82432B,"Displ oblique fx shaft of l fibula, init for opn fx type I/2"
S0030XA,"Unspecified superficial injury of nose, initial encounter"
S61011D,"Laceration w/o fb of right thumb w/o damage to nail, subs"
O98711,"Human immunodef virus disease comp preg, first trimester"
F3289,Other specified depressive episodes
K7011,Alcoholic hepatitis with ascites
T490X1A,"Poisoning by local antifung/infect/inflamm drugs, acc, init"
T2681XA,"Corrosions of oth parts of right eye and adnexa, init encntr"
W28XXXA,"Contact with powered lawn mower, initial encounter"
S36893A,"Laceration of other intra-abdominal organs, init encntr"
G908,Other disorders of autonomic nervous system
S82435A,"Nondisplaced oblique fracture of shaft of left fibula, init"
F19239,"Oth psychoactive substance dependence with withdrawal, unsp"
Y92511,Restaurant or cafe as place
G47419,Narcolepsy without cataplexy
Y92214,College as the place of occurrence of the external cause
H3530,Unspecified macular degeneration
D6832,Hemorrhagic disord d/t extrinsic circulating anticoagulants
L97421,Non-prs chr ulcer of left heel and midft lmt to brkdwn skin
S92902A,"Unsp fracture of left foot, init encntr for closed fracture"
O0001,Abdominal pregnancy with intrauterine pregnancy
M2769,Other endosseous dental implant failure
F331,"Major depressive disorder, recurrent, moderate"
J439,"Emphysema, unspecified"
G038,Meningitis due to other specified causes
M86172,"Other acute osteomyelitis, left ankle and foot"
S81802A,"Unspecified open wound, left lower leg, initial encounter"
R454,Irritability and anger
T2023XA,"Burn of second degree of chin, initial encounter"
T280XXA,"Burn of mouth and pharynx, initial encounter"
X088XXA,"Exposure to oth smoke, fire and flames, init encntr"
F11159,"Opioid abuse with opioid-induced psychotic disorder, unsp"
H04123,Dry eye syndrome of bilateral lacrimal glands
H11152,"Pinguecula, left eye"
C9112,Chronic lymphocytic leukemia of B-cell type in relapse
S68621A,"Partial traumatic trnsphal amputation of l idx fngr, init"
T24611A,"Corrosion of second degree of right thigh, initial encounter"
S63124A,"Dislocation of interphalangeal joint of right thumb, init"
M488X4,"Other specified spondylopathies, thoracic region"
W502XXA,"Accidental twist by another person, initial encounter"
S63092A,"Other subluxation of left wrist and hand, initial encounter"
S60351A,"Superficial foreign body of right thumb, initial encounter"
H5789,Other specified disorders of eye and adnexa
E232,Diabetes insipidus
S62661A,"Nondisp fx of distal phalanx of left index finger, init"
L03119,Cellulitis of unspecified part of limb
L02419,"Cutaneous abscess of limb, unspecified"
S62623B,"Disp fx of middle phalanx of left middle finger, 7thB"
L0109,Other impetigo
T23242A,"Burn of 2nd deg mul left fingers (nail), inc thumb, init"
S51041A,"Puncture wound with foreign body of right elbow, init encntr"
S61256A,"Open bite of right little finger w/o damage to nail, init"
S21132A,"Pnctr w/o fb of l frnt wl of thorax w/o penet thor cav, init"
Z9115,Patient's noncompliance with renal dialysis
V0500XA,"Ped on foot injured in clsn w rail trn/veh nontraf, init"
H53142,"Visual discomfort, left eye"
S34101A,"Unsp injury to L1 level of lumbar spinal cord, init encntr"
K6139,Other ischiorectal abscess
S62346A,"Nondisp fx of base of fifth MC bone, right hand, init"
O008,Other ectopic pregnancy
S62616B,"Disp fx of prox phalanx of r little finger, init for opn fx"
S62614A,"Disp fx of proximal phalanx of right ring finger, init"
S96912A,"Strain of unsp msl/tnd at ank/ft level, left foot, init"
M86142,"Other acute osteomyelitis, left hand"
M25872,"Other specified joint disorders, left ankle and foot"
I82501,Chronic embolism and thombos unsp deep veins of r low extrem
G373,Acute transverse myelitis in demyelinating disease of cnsl
M7632,"Iliotibial band syndrome, left leg"
L89891,"Pressure ulcer of other site, stage 1"
G2571,Drug induced akathisia
V4353XA,"Car driver injured in clsn w pick-up truck in traf, init"
M79676,Pain in unspecified toe(s)
E1151,Type 2 diabetes w diabetic peripheral angiopath w/o gangrene
Z4781,Encounter for orthopedic aftercare following surgical amp
W1840XA,"Slipping, tripping and stumbling w/o falling, unsp, init"
K839,"Disease of biliary tract, unspecified"
S63695A,"Other sprain of left ring finger, initial encounter"
M10021,"Idiopathic gout, right elbow"
O88211,"Thromboembolism in pregnancy, first trimester"
S66393A,"Inj extensor musc/fasc/tend l mid finger at wrs/hnd lv, init"
Z9861,Coronary angioplasty status
S68622A,"Partial traumatic trnsphal amputation of r mid finger, init"
O26851,"Spotting complicating pregnancy, first trimester"
T56892A,"Toxic effect of oth metals, intentional self-harm, init"
O4690,"Antepartum hemorrhage, unspecified, unspecified trimester"
S0922XA,"Traumatic rupture of left ear drum, initial encounter"
T82590A,"Mech compl of surgically created arteriovenous fistula, init"
Z91410,Personal history of adult physical and sexual abuse
K82A2,Perforation of gallbladder in cholecystitis
J3089,Other allergic rhinitis
I219,"Acute myocardial infarction, unspecified"
S128XXA,"Fracture of other parts of neck, initial encounter"
Y92230,Patient room in hospital as place
H938X2,Other specified disorders of left ear
S62291B,"Oth fx first metacarpal bone, right hand, init for opn fx"
W102XXA,"Fall (on)(from) incline, initial encounter"
I4901,Ventricular fibrillation
M4712,"Other spondylosis with myelopathy, cervical region"
M4803,"Spinal stenosis, cervicothoracic region"
Z9183,Wandering in diseases classified elsewhere
M00811,"Arthritis due to other bacteria, right shoulder"
S51811D,"Laceration w/o foreign body of right forearm, subs encntr"
S3339XA,"Dislocation of oth prt lumbar spine and pelvis, init encntr"
S32509A,"Unsp fracture of unsp pubis, init encntr for closed fracture"
Y079,Unspecified perpetrator of maltreatment and neglect
H18822,"Corneal disorder due to contact lens, left eye"
K55029,"Acute infarction of small intestine, extent unspecified"
F338,Other recurrent depressive disorders
C7972,Secondary malignant neoplasm of left adrenal gland
C7971,Secondary malignant neoplasm of right adrenal gland
Z201,Contact with and (suspected) exposure to tuberculosis
V493XXA,"Car occupant (driver) injured in unsp nontraf, init"
S37019A,"Minor contusion of unspecified kidney, initial encounter"
R100,Acute abdomen
T880XXA,"Infection following immunization, initial encounter"
S61213S,"Lac w/o fb of l mid finger w/o damage to nail, sequela"
W2209XS,"Striking against other stationary object, sequela"
K9289,Other specified diseases of the digestive system
S0191XA,"Laceration w/o foreign body of unsp part of head, init"
S52132A,"Disp fx of neck of left radius, init for clos fx"
S20412A,"Abrasion of left back wall of thorax, initial encounter"
S70212A,"Abrasion, left hip, initial encounter"
O031,Delayed or excessive hemor following incmpl spon abortion
S6000XA,"Contusion of unsp finger without damage to nail, init encntr"
K754,Autoimmune hepatitis
O8612,Endometritis following delivery
S9000XA,"Contusion of unspecified ankle, initial encounter"
S82291A,"Oth fracture of shaft of right tibia, init for clos fx"
S61253A,"Open bite of left middle finger w/o damage to nail, init"
S56911A,"Strain of unsp musc/fasc/tend at forarm lv, right arm, init"
S5000XA,"Contusion of unspecified elbow, initial encounter"
M20022,Boutonniere deformity of left finger(s)
Y841,"Kidney dialysis cause abn react/compl, w/o misadvnt"
L89151,"Pressure ulcer of sacral region, stage 1"
T4271XA,"Poisn by unsp antieplptc and sed-hypntc drugs, acc, init"
N503,Cyst of epididymis
S93512A,"Sprain of interphalangeal joint of left great toe, init"
O468X3,"Other antepartum hemorrhage, third trimester"
S62364A,"Nondisp fx of neck of fourth MC bone, right hand, init"
I8510,Secondary esophageal varices without bleeding
H6592,"Unspecified nonsuppurative otitis media, left ear"
M868X3,"Other osteomyelitis, forearm"
M2392,Unspecified internal derangement of left knee
K50014,Crohn's disease of small intestine with abscess
N135,Crossing vessel and stricture of ureter w/o hydronephrosis
K3532,"Acute appendicitis with perf and loc peritonitis, w/o abscs"
S81851A,"Open bite, right lower leg, initial encounter"
Q8901,Asplenia (congenital)
T22192A,"Burn 1st deg mult site of l shldr/up lmb, ex wrs/hnd, init"
T22191A,"Burn 1st deg mult sites of r shldr/up lmb, ex wrs/hnd, init"
E1042,Type 1 diabetes mellitus with diabetic polyneuropathy
T48202A,"Poisoning by unsp drugs acting on muscles, self-harm, init"
Y9284,Military training ground as place
S06899A,"Intcran inj w loss of consciousness of unsp duration, init"
S52512A,"Disp fx of left radial styloid process, init for clos fx"
L89894,"Pressure ulcer of other site, stage 4"
X998XXA,"Assault by other sharp object, initial encounter"
W3409XA,"Accidental discharge from oth firearms, init encntr"
H8190,"Unspecified disorder of vestibular function, unspecified ear"
A5401,"Gonococcal cystitis and urethritis, unspecified"
S82844A,"Nondisplaced bimalleolar fracture of right lower leg, init"
I6509,Occlusion and stenosis of unspecified vertebral artery
M5382,"Other specified dorsopathies, cervical region"
Z7952,Long term (current) use of systemic steroids
B3749,Other urogenital candidiasis
S32031A,"Stable burst fracture of third lumbar vertebra, init"
S68721A,"Partial traumatic transmetcrpl amp of right hand, init"
M4620,"Osteomyelitis of vertebra, site unspecified"
T366X5A,"Adverse effect of rifampicins, initial encounter"
R638,Other symptoms and signs concerning food and fluid intake
M26622,Arthralgia of left temporomandibular joint
K50913,"Crohn's disease, unspecified, with fistula"
Z4902,Encounter for fit/adjst of peritoneal dialysis catheter
D6862,Lupus anticoagulant syndrome
N924,Excessive bleeding in the premenopausal period
C4912,"Malig neoplm of conn and soft tiss of l upr limb, inc shldr"
S52571B,"Oth intartic fx lower end r radius, init for opn fx type I/2"
N912,"Amenorrhea, unspecified"
G8190,"Hemiplegia, unspecified affecting unspecified side"
J15211,Pneumonia due to methicillin suscep staph
S32471A,"Disp fx of medial wall of right acetabulum, init for clos fx"
S14101A,"Unsp injury at C1 level of cervical spinal cord, init encntr"
S53491A,"Other sprain of right elbow, initial encounter"
S01121A,"Laceration w fb of right eyelid and periocular area, init"
J0391,"Acute recurrent tonsillitis, unspecified"
F15251,Oth stimulant depend w stim-induce psych disorder w hallucin
F11251,Opioid depend w opioid-induc psychotic disorder w hallucin
S02651A,"Fracture of angle of right mandible, init"
F15921,"Other stimulant use, unspecified with intoxication delirium"
R710,Precipitous drop in hematocrit
G910,Communicating hydrocephalus
S72455A,"Nondisp suprcndl fx w/o intrcndl extn lower end l femr, init"
I6501,Occlusion and stenosis of right vertebral artery
V275XXA,"Mtrcy pasngr injured in clsn w statnry object in traf, init"
S62646A,"Nondisp fx of proximal phalanx of right little finger, init"
I97638,Postproc hematoma of a circ sys org fol other circ sys proc
T84498A,"Mech compl of internal orth devices, implnt and grafts, init"
S12091A,"Oth nondisp fx of first cervical vertebra, init for clos fx"
S12112A,"Nondisplaced Type II dens fracture, init for clos fx"
I70203,"Unsp athscl native arteries of extremities, bilateral legs"
V480XXA,"Car driver injured in nonclsn trnsp accident nontraf, init"
F1919,Oth psychoactive substance abuse w unsp disorder
T23261A,"Burn of second degree of back of right hand, init encntr"
L97828,Non-prs chronic ulcer oth prt l low leg with oth severity
L97818,Non-prs chronic ulcer oth prt r low leg with oth severity
V144XXA,"Pedl cyc driver injured in collision w hv veh in traf, init"
S62317A,"Disp fx of base of fifth metacarpal bone, left hand, init"
S92425A,"Nondisp fx of distal phalanx of left great toe, init"
T85631A,"Leakage of intraperitoneal dialysis catheter, init encntr"
I868,Varicose veins of other specified sites
M84550G,"Path fx in neopltc disease, pelvis, subs for fx w delay heal"
S32302A,"Unsp fracture of left ilium, init encntr for closed fracture"
V00831A,"Fall from motorized mobility scooter, initial encounter"
D472,Monoclonal gammopathy
O24112,"Pre-existing type 2 diabetes, in pregnancy, second trimester"
F10232,Alcohol dependence w withdrawal with perceptual disturbance
R860,Abn lev enzymes in specimens from male genital organs
V1988XD,"Pedl cyclst (driver) injured in oth transport acc, subs"
K860,Alcohol-induced chronic pancreatitis
S52201A,"Unsp fracture of shaft of right ulna, init for clos fx"
S81021A,"Laceration with foreign body, right knee, initial encounter"
M84374A,"Stress fracture, right foot, initial encounter for fracture"
G5700,"Lesion of sciatic nerve, unspecified lower limb"
S72422A,"Disp fx of lateral condyle of left femur, init for clos fx"
R399,Unsp symptoms and signs involving the genitourinary system
S82454B,"Nondisp commnt fx shaft of r fibula, 7thB"
Y849,"Medical procedure, unsp cause abn react/compl, w/o misadvnt"
Y92003,Bedroom of unsp non-institut (private) residence as place
L910,Hypertrophic scar
T84428A,"Displacmnt of internal orth devices, implnt and grafts, init"
T84623A,"Infect/inflm reaction due to int fix of left tibia, init"
S82425A,"Nondisp transverse fracture of shaft of left fibula, init"
B965,Pseudomonas (mallei) causing diseases classd elswhr
A498,Other bacterial infections of unspecified site
M70842,"Oth soft tissue disorders related to use/pressure, left hand"
H00013,"Hordeolum externum right eye, unspecified eyelid"
S92314A,"Nondisp fx of first metatarsal bone, right foot, init"
S21219A,"Lac w/o fb of unsp bk wl of thorax w/o penet thor cav, init"
S32441A,"Disp fx of posterior column of right acetabulum, init"
O99511,"Diseases of the resp sys comp pregnancy, first trimester"
O1495,"Unspecified pre-eclampsia, complicating the puerperium"
T383X5A,"Adverse effect of insulin and oral hypoglycemic drugs, init"
T85611A,"Breakdown of intraperitoneal dialysis catheter, init"
S43499A,"Other sprain of unspecified shoulder joint, init encntr"
T2026XA,"Burn of second degree of forehead and cheek, init encntr"
T22211A,"Burn of second degree of right forearm, initial encounter"
S52602A,"Unsp fracture of lower end of left ulna, init for clos fx"
M5080,"Other cervical disc disorders, unspecified cervical region"
T24231A,"Burn of second degree of right lower leg, initial encounter"
M2660,"Temporomandibular joint disorder, unspecified"
K05313,"Chronic periodontitis, localized, severe"
S83242A,"Oth tear of medial meniscus, current injury, left knee, init"
I482,Chronic atrial fibrillation
T23051A,"Burn of unspecified degree of right palm, initial encounter"
S62631A,"Disp fx of distal phalanx of left index finger, init"
F438,Other reactions to severe stress
T63451A,"Toxic effect of venom of hornets, accidental, init"
S45101A,"Unsp injury of brachial artery, right side, init encntr"
S062X1A,"Diffuse TBI w LOC of 30 minutes or less, init"
M00862,"Arthritis due to other bacteria, left knee"
L89819,"Pressure ulcer of head, unspecified stage"
H18732,"Descemetocele, left eye"
S01521A,"Laceration with foreign body of lip, initial encounter"
S42492A,"Oth disp fx of lower end of left humerus, init for clos fx"
K6819,Other retroperitoneal abscess
S42231B,"3-part fx surgical neck of r humerus, init for opn fx"
V244XXA,"Mtrcy driver injured in collision w hv veh in traf, init"
S0125XA,"Open bite of nose, initial encounter"
A5611,Chlamydial female pelvic inflammatory disease
Z8579,"Prsnl hx of malig neoplm of lymphoid, hematpoetc & rel tiss"
T85890A,"Oth complication of nervous system prosth dev/grft, init"
N453,Epididymo-orchitis
D6941,Evans syndrome
T24122A,"Burn of first degree of left knee, initial encounter"
F440,Dissociative amnesia
S61307A,"Unsp open wound of left little finger w damage to nail, init"
L853,Xerosis cutis
S68512A,"Complete traumatic trnsphal amputation of left thumb, init"
S68617A,"Complete traumatic trnsphal amp of l little finger, init"
F845,Asperger's syndrome
I339,"Acute and subacute endocarditis, unspecified"
S89102A,"Unsp physeal fracture of lower end of left tibia, init"
K7681,Hepatopulmonary syndrome
K50914,"Crohn's disease, unspecified, with abscess"
G7249,"Oth inflammatory and immune myopathies, NEC"
O8689,Other specified puerperal infections
M71551,"Other bursitis, not elsewhere classified, right hip"
I69354,Hemiplga following cerebral infrc affecting left nondom side
T467X1A,"Poisoning by peripheral vasodilators, accidental, init"
T22121A,"Burn of first degree of right elbow, initial encounter"
G8384,Todd's paralysis (postepileptic)
H25041,"Posterior subcapsular polar age-related cataract, right eye"
M67432,"Ganglion, left wrist"
L89619,"Pressure ulcer of right heel, unspecified stage"
S60519A,"Abrasion of unspecified hand, initial encounter"
G511,Geniculate ganglionitis
S66311A,"Strain extn musc/fasc/tend l idx fngr at wrs/hnd lv, init"
S52691B,"Oth fx lower end of right ulna, init for opn fx type I/2"
X150XXA,"Contact with hot stove (kitchen), initial encounter"
A260,Cutaneous erysipeloid
S92112A,"Disp fx of neck of left talus, init for clos fx"
O98311,"Oth infect w sexl mode of transmiss comp preg, first tri"
A638,Other specified predominantly sexually transmitted diseases
T8543XA,"Leakage of breast prosthesis and implant, initial encounter"
S96821A,"Lacerat muscles and tendons at ank/ft level, r foot, init"
S30851A,"Superficial foreign body of abdominal wall, init encntr"
H10211,"Acute toxic conjunctivitis, right eye"
G5631,"Lesion of radial nerve, right upper limb"
S92214A,"Nondisp fx of cuboid bone of right foot, init for clos fx"
S92502A,"Displaced unsp fracture of left lesser toe(s), init"
M7031,"Other bursitis of elbow, right elbow"
I97618,Postproc hemor of a circ sys org fol other circ sys proc
N842,Polyp of vagina
S92535A,"Nondisp fx of distal phalanx of left lesser toe(s), init"
I716,"Thoracoabdominal aortic aneurysm, without rupture"
S098XXD,"Other specified injuries of head, subsequent encounter"
W1789XD,"Other fall from one level to another, subsequent encounter"
M26621,Arthralgia of right temporomandibular joint
H05229,Edema of unspecified orbit
K5781,"Dvtrcli of intest, part unsp, w perf and abscess w bleeding"
M5090,"Cervical disc disorder, unsp, unspecified cervical region"
J479,"Bronchiectasis, uncomplicated"
L98498,Non-prs chronic ulcer skin/ other sites with oth severity
M11232,"Other chondrocalcinosis, left wrist"
O42913,"Pretrm prem ROM, unsp time betw rupt and onst labr, 3rd tri"
S2509XA,"Other specified injury of thoracic aorta, initial encounter"
M19032,"Primary osteoarthritis, left wrist"
S66127A,"Lacerat flxr musc/fasc/tend l lit fngr at wrs/hnd lv, init"
S61237A,"Pnctr w/o fb of l little finger w/o damage to nail, init"
R971,Elevated cancer antigen 125 [CA 125]
H353220,"Exudative age-related mclr degn, left eye, stage unspecified"
S72451B,"Displ suprcndl fx w/o intrcndl extn low end r femr, 7thB"
H5347,Heteronymous bilateral field defects
W290XXD,"Contact with powered kitchen appliance, subsequent encounter"
O468X9,"Other antepartum hemorrhage, unspecified trimester"
E1121,Type 2 diabetes mellitus with diabetic nephropathy
K52832,Lymphocytic colitis
L89310,"Pressure ulcer of right buttock, unstageable"
T148XXS,"Other injury of unspecified body region, sequela"
N009,Acute nephritic syndrome with unsp morphologic changes
S0510XA,"Contusion of eyeball and orbital tissues, unsp eye, init"
S62301A,"Unsp fracture of second metacarpal bone, left hand, init"
S62303A,"Unsp fracture of third metacarpal bone, left hand, init"
S62305A,"Unsp fracture of fourth metacarpal bone, left hand, init"
C229,"Malig neoplasm of liver, not specified as primary or sec"
T43012A,"Poisoning by tricyclic antidepressants, self-harm, init"
T43212A,"Poisn by slctv seroton/norepineph reup inhibtr,slf-hrm, init"
S83105A,"Unspecified dislocation of left knee, initial encounter"
I82443,"Acute embolism and thrombosis of tibial vein, bilateral"
E248,Other Cushing's syndrome
H6990,"Unspecified Eustachian tube disorder, unspecified ear"
T424X5A,"Adverse effect of benzodiazepines, initial encounter"
Y92531,Health care provider office as place
M9252,"Juvenile osteochondrosis of tibia and fibula, left leg"
S42341A,"Displaced spiral fx shaft of humerus, right arm, init"
S92401A,"Displaced unsp fracture of right great toe, init for clos fx"
M84359A,"Stress fracture, hip, unspecified, init encntr for fracture"
M7072,"Other bursitis of hip, left hip"
S82101A,"Unsp fracture of upper end of right tibia, init for clos fx"
S89001A,"Unsp physeal fracture of upper end of right tibia, init"
F99,"Mental disorder, not otherwise specified"
L97318,Non-pressure chronic ulcer of right ankle with oth severity
M14672,"Charcot's joint, left ankle and foot"
M14671,"Charcot's joint, right ankle and foot"
N99520,Hemorrhage of incontinent external stoma of urinary tract
T2111XA,"Burn of first degree of chest wall, initial encounter"
G901,Familial dysautonomia [Riley-Day]
H9319,"Tinnitus, unspecified ear"
V5988XA,"Occupant of pk-up/van injured in oth trnsp acc, init"
S63035A,"Dislocation of midcarpal joint of left wrist, init encntr"
T50996A,"Underdosing of drug/meds/biol subst, init"
K8592,"Acute pancreatitis with infected necrosis, unspecified"
H8309,"Labyrinthitis, unspecified ear"
S82042A,"Displaced comminuted fracture of left patella, init"
S82041A,"Displaced comminuted fracture of right patella, init"
W134XXA,"Fall from, out of or through window, initial encounter"
H35711,"Central serous chorioretinopathy, right eye"
I676,Nonpyogenic thrombosis of intracranial venous system
S9702XA,"Crushing injury of left ankle, initial encounter"
S9701XA,"Crushing injury of right ankle, initial encounter"
S82422B,"Displ transverse fx shaft of l fibula, 7thB"
K117,Disturbances of salivary secretion
O98811,"Oth maternal infec/parastc diseases comp preg, first tri"
T543X2A,"Tox eff of corrosv alkalis & alk-like substnc, slf-hrm, init"
I099,"Rheumatic heart disease, unspecified"
S62311B,"Disp fx of base of second metacarpal bone, left hand, 7thB"
S62313B,"Disp fx of base of third MC bone, left hand, init for opn fx"
S62315B,"Disp fx of base of fourth MC bone, l hand, init for opn fx"
S62317B,"Disp fx of base of fifth metacarpal bone, left hand, 7thB"
K046,Periapical abscess with sinus
G5611,"Other lesions of median nerve, right upper limb"
S60131A,"Contusion of right middle finger w damage to nail, init"
R198,Oth symptoms and signs involving the dgstv sys and abdomen
M25411,"Effusion, right shoulder"
W269XXD,"Contact with unspecified sharp object(s), subs"
L280,Lichen simplex chronicus
T8189XS,"Oth complications of procedures, NEC, sequela"
X58XXXS,"Exposure to other specified factors, sequela"
T22232A,"Burn of second degree of left upper arm, initial encounter"
N340,Urethral abscess
S62624A,"Disp fx of middle phalanx of right ring finger, init"
D0581,Other specified type of carcinoma in situ of right breast
I70202,"Unsp athscl native arteries of extremities, left leg"
H6693,"Otitis media, unspecified, bilateral"
W5329XA,"Other contact with squirrel, initial encounter"
V0900XA,"Pedestrian injured nontraf involving unsp mv, init"
W5311XA,"Bitten by rat, initial encounter"
O900,Disruption of cesarean delivery wound
V174XXA,"Pedl cyc driver inj in clsn w statnry object in traf, init"
H8303,"Labyrinthitis, bilateral"
F16122,Hallucinogen abuse w intoxication w perceptual disturbance
B998,Other infectious disease
M25061,"Hemarthrosis, right knee"
T421X1A,"Poisoning by iminostilbenes, accidental, init"
T82525A,"Displacement of umbrella device, initial encounter"
X010XXA,"Exposure to flames in uncontrolled fire, not in bldg, init"
S00431A,"Contusion of right ear, initial encounter"
S27322A,"Contusion of lung, bilateral, initial encounter"
T39395A,"Adverse effect of nonsteroidal anti-inflammatory drugs, init"
S66922A,"Lacerat unsp musc/fasc/tend at wrs/hnd lv, left hand, init"
G44099,"Other trigeminal autonomic cephalgias (TAC), not intractable"
K913,Postprocedural intestinal obstruction
D751,Secondary polycythemia
S92241A,"Disp fx of medial cuneiform of right foot, init for clos fx"
T461X5A,"Adverse effect of calcium-channel blockers, init encntr"
Y92234,Operating room of hospital as place
I341,Nonrheumatic mitral (valve) prolapse
Q2739,"Arteriovenous malformation, other site"
N489,"Disorder of penis, unspecified"
M84461A,"Pathological fracture, right tibia, init encntr for fracture"
B80,Enterobiasis
K5793,"Dvtrcli of intest, part unsp, w/o perf or abscess w bleeding"
S46312A,"Strain of musc/fasc/tend triceps, left arm, init"
S62665A,"Nondisp fx of distal phalanx of left ring finger, init"
T84298A,"Mech compl of internal fixation device of oth bones, init"
S60111A,"Contusion of right thumb with damage to nail, init encntr"
T23101A,"Burn of first degree of right hand, unsp site, init encntr"
O0010,Tubal pregnancy without intrauterine pregnancy
M0689,"Other specified rheumatoid arthritis, multiple sites"
I5021,Acute systolic (congestive) heart failure
H10022,"Other mucopurulent conjunctivitis, left eye"
N485,Ulcer of penis
R6250,Unsp lack of expected normal physiol dev in childhood
S62314A,"Disp fx of base of fourth metacarpal bone, right hand, init"
S62344A,"Nondisp fx of base of fourth MC bone, right hand, init"
S06891A,"Intcran inj w LOC of 30 minutes or less, init"
S68614A,"Complete traumatic trnsphal amputation of r rng fngr, init"
W319XXA,"Contact with unspecified machinery, initial encounter"
S069X0A,"Unsp intracranial injury w/o loss of consciousness, init"
K7110,"Toxic liver disease with hepatic necrosis, without coma"
S63612A,"Unspecified sprain of right middle finger, initial encounter"
S91302A,"Unspecified open wound, left foot, initial encounter"
S41101A,"Unspecified open wound of right upper arm, initial encounter"
V482XXA,"Person outside car inj in nonclsn trnsp acc nontraf, init"
H05022,Osteomyelitis of left orbit
M25851,"Other specified joint disorders, right hip"
C8514,"Unsp B-cell lymphoma, lymph nodes of axilla and upper limb"
S82892B,"Oth fracture of left lower leg, init for opn fx type I/2"
R4181,Age-related cognitive decline
T84194A,"Mech compl of internal fixation device of right femur, init"
N904,Leukoplakia of vulva
R309,"Painful micturition, unspecified"
C8333,"Diffuse large B-cell lymphoma, intra-abdominal lymph nodes"
Z112,Encounter for screening for other bacterial diseases
S68113A,"Complete traumatic MCP amputation of l mid finger, init"
T462X1A,"Poisoning by oth antidysrhythmic drugs, accidental, init"
S92111B,"Disp fx of neck of right talus, init for opn fx"
G5621,"Lesion of ulnar nerve, right upper limb"
S3021XA,"Contusion of penis, initial encounter"
R1903,"Right lower quadrant abdominal swelling, mass and lump"
C01,Malignant neoplasm of base of tongue
M24422,"Recurrent dislocation, left elbow"
H8122,"Vestibular neuronitis, left ear"
Y829,Unsp medical devices associated with adverse incidents
N398,Other specified disorders of urinary system
R9389,Abnormal findings on dx imaging of oth body structures
M7751,Other enthesopathy of right foot
T17990A,"Oth forn obj in resp tract, part unsp in cause asphyx, init"
E1322,Oth diabetes mellitus with diabetic chronic kidney disease
S72434B,"Nondisp fx of med condyle of r femr, 7thB"
W2111XA,"Struck by baseball bat, initial encounter"
W278XXD,"Contact with other nonpowered hand tool, subs encntr"
S62347A,"Nondisp fx of base of fifth metacarpal bone, left hand, init"
S090XXA,"Injury of blood vessels of head, NEC, init"
S68012A,"Complete traumatic MCP amputation of left thumb, init"
H53132,"Sudden visual loss, left eye"
R7612,Nonspec reaction to gamma intrfrn respns w/o actv tubrclosis
L98418,Non-pressure chronic ulcer of buttock with oth severity
H6591,"Unspecified nonsuppurative otitis media, right ear"
O0081,Other ectopic pregnancy with intrauterine pregnancy
I63231,Cereb infrc due to unsp occls or stenos of right carotid art
S63280A,"Dislocation of proximal interphaln joint of r idx fngr, init"
J42,Unspecified chronic bronchitis
H61001,Unspecified perichondritis of right external ear
T751XXA,"Unsp effects of drowning and nonfatal submersion, init"
T43025A,"Adverse effect of tetracyclic antidepressants, init encntr"
Q283,Other malformations of cerebral vessels
S62292A,"Oth fracture of first metacarpal bone, left hand, init"
S62395A,"Oth fracture of fourth metacarpal bone, left hand, init"
O24012,"Pre-existing type 1 diabetes, in pregnancy, second trimester"
S92591A,"Oth fracture of right lesser toe(s), init for clos fx"
C641,"Malignant neoplasm of right kidney, except renal pelvis"
S71131A,"Puncture wound w/o foreign body, right thigh, init encntr"
S62656A,"Nondisp fx of middle phalanx of right little finger, init"
V828XXA,"Occupant of streetcar injured in oth transport acc, init"
N045,Nephrotic syndrome w diffuse mesangiocapillary glomrlneph
W272XXA,"Contact with scissors, initial encounter"
S0592XA,"Unspecified injury of left eye and orbit, initial encounter"
O2231,"Deep phlebothrombosis in pregnancy, first trimester"
T460X5A,"Adverse effect of cardi-stim glycos/drug simlar act, init"
R439,Unspecified disturbances of smell and taste
S92421B,"Disp fx of dist phalanx of right great toe, init for opn fx"
A480,Gas gangrene
H5989,"Oth postproc comp and disorders of eye and adnexa, NEC"
F918,Other conduct disorders
S37099A,"Other injury of unspecified kidney, initial encounter"
S61432D,"Puncture wound w/o foreign body of left hand, subs encntr"
H468,Other optic neuritis
S30815A,"Abrasion of unsp external genital organs, male, init encntr"
M19132,"Post-traumatic osteoarthritis, left wrist"
D181,"Lymphangioma, any site"
D691,Qualitative platelet defects
T17928A,"Food in resp tract, part unsp causing oth injury, init"
O9A23,Inj/poisn/oth conseq of external causes comp the puerperium
S01152A,"Open bite of left eyelid and periocular area, init encntr"
T364X5A,"Adverse effect of tetracyclines, initial encounter"
V4361XA,"Car passenger injured in collision w SUV in traf, init"
G250,Essential tremor
W000XXD,"Fall on same level due to ice and snow, subsequent encounter"
S71142A,"Puncture wound with foreign body, left thigh, init encntr"
W098XXA,"Fall on or from other playground equipment, init encntr"
I7411,Embolism and thrombosis of thoracic aorta
S02611A,"Fracture of condylar process of right mandible, init"
K430,"Incisional hernia with obstruction, without gangrene"
S63610A,"Unspecified sprain of right index finger, initial encounter"
S63616A,"Unspecified sprain of right little finger, initial encounter"
S12691A,"Oth nondisp fx of seventh cervical vertebra, init"
S0182XA,"Laceration w foreign body of oth part of head, init encntr"
I152,Hypertension secondary to endocrine disorders
T83511A,"I/I react d/t indwelling urethral catheter, init"
S31619A,"Lac w/o fb of abd wall, unsp q w penet perit cav, init"
F14921,"Cocaine use, unspecified with intoxication delirium"
T44991A,"Poisoning by oth drug aff the autonm nervous sys, acc, init"
F1920,"Other psychoactive substance dependence, uncomplicated"
I80211,Phlebitis and thrombophlebitis of right iliac vein
S93115A,"Dislocation of interphaln joint of left lesser toe(s), init"
C8380,"Other non-follicular lymphoma, unspecified site"
J438,Other emphysema
K8521,Alcohol induced acute pancreatitis with uninfected necrosis
S92501A,"Displaced unsp fracture of right lesser toe(s), init"
V486XXA,"Car pasngr injured in nonclsn trnsp accident in traf, init"
T401X3A,"Poisoning by heroin, assault, initial encounter"
J341,Cyst and mucocele of nose and nasal sinus
B002,Herpesviral gingivostomatitis and pharyngotonsillitis
D6959,Other secondary thrombocytopenia
M359,"Systemic involvement of connective tissue, unspecified"
S162XXA,"Laceration of muscle, fascia and tendon at neck level, init"
X101XXA,"Contact with hot food, initial encounter"
M1A9XX0,"Chronic gout, unspecified, without tophus (tophi)"
L97521,Non-prs chronic ulcer oth prt l foot limited to brkdwn skin
L97511,Non-prs chronic ulcer oth prt r foot limited to brkdwn skin
H15103,"Unspecified episcleritis, bilateral"
S62647A,"Nondisp fx of proximal phalanx of left little finger, init"
T386X5A,"Adverse effect of antigonadtr/antiestr/antiandrg, NEC, init"
C763,Malignant neoplasm of pelvis
I891,Lymphangitis
J385,Laryngeal spasm
S92354A,"Nondisp fx of fifth metatarsal bone, right foot, init"
M19031,"Primary osteoarthritis, right wrist"
G249,"Dystonia, unspecified"
K200,Eosinophilic esophagitis
D721,Eosinophilia
V636XXA,"Pasngr in hv veh inj pick-up truck, pk-up/van in traf, init"
D0510,Intraductal carcinoma in situ of unspecified breast
S52551A,"Oth extrartic fracture of lower end of right radius, init"
Q6239,Other obstructive defects of renal pelvis and ureter
S61217D,"Lac w/o fb of l little finger w/o damage to nail, subs"
T22231A,"Burn of second degree of right upper arm, initial encounter"
S82222A,"Displaced transverse fracture of shaft of left tibia, init"
H52532,"Spasm of accommodation, left eye"
I6502,Occlusion and stenosis of left vertebral artery
S14159A,"Oth incmpl lesion at unsp level of cerv spinal cord, init"
C9030,Solitary plasmacytoma not having achieved remission
B690,Cysticercosis of central nervous system
Z30431,Encounter for routine checking of intrauterine contracep dev
S92122A,"Disp fx of body of left talus, init for clos fx"
C55,"Malignant neoplasm of uterus, part unspecified"
J386,Stenosis of larynx
E7801,Familial hypercholesterolemia
S6731XA,"Crushing injury of right wrist, initial encounter"
M898X8,"Other specified disorders of bone, other site"
T25122A,"Burn of first degree of left foot, initial encounter"
M10041,"Idiopathic gout, right hand"
M84422A,"Pathological fracture, left humerus, init for fx"
I76,Septic arterial embolism
K8520,Alcohol induced acute pancreatitis without necrosis or infct
H02403,Unspecified ptosis of bilateral eyelids
H53453,"Other localized visual field defect, bilateral"
H15091,"Other scleritis, right eye"
O2691,"Pregnancy related conditions, unspecified, first trimester"
S31609A,"Unsp opn wnd abd wall, unsp quadrant w penet perit cav, init"
H6093,"Unspecified otitis externa, bilateral"
O9279,Other disorders of lactation
S72032A,"Displaced midcervical fracture of left femur, init"
S72424A,"Nondisp fx of lateral condyle of right femur, init"
T25221A,"Burn of second degree of right foot, initial encounter"
S80212D,"Abrasion, left knee, subsequent encounter"
S60467A,"Insect bite (nonvenomous) of left little finger, init encntr"
T461X2A,"Poisoning by calcium-channel blockers, self-harm, init"
S3131XA,"Laceration w/o foreign body of scrotum and testes, init"
H16012,"Central corneal ulcer, left eye"
S43013A,"Anterior subluxation of unspecified humerus, init encntr"
C23,Malignant neoplasm of gallbladder
S52371A,"Galeazzi's fracture of right radius, init for clos fx"
S42462A,"Disp fx of medial condyle of left humerus, init for clos fx"
C3400,Malignant neoplasm of unspecified main bronchus
G6181,Chronic inflammatory demyelinating polyneuritis
M7551,Bursitis of right shoulder
H8113,"Benign paroxysmal vertigo, bilateral"
R462,Strange and inexplicable behavior
S9422XA,"Injury of deep peroneal nrv at ank/ft level, left leg, init"
K9411,Enterostomy hemorrhage
S82864A,"Nondisplaced Maisonneuve's fracture of right leg, init"
I1310,"Hyp hrt & chr kdny dis w/o hrt fail, w stg 1-4/unsp chr kdny"
N139,"Obstructive and reflux uropathy, unspecified"
M7138,"Other bursal cyst, other site"
H40213,"Acute angle-closure glaucoma, bilateral"
T507X5A,"Adverse effect of analeptics and opioid receptor antag, init"
H4901,"Third [oculomotor] nerve palsy, right eye"
S61012D,"Laceration w/o fb of left thumb w/o damage to nail, subs"
T508X1A,"Poisoning by diagnostic agents, accidental, init"
S62605B,"Fracture of unsp phalanx of l rng fngr, init for opn fx"
G43101,"Migraine with aura, not intractable, with status migrainosus"
S42002B,"Fracture of unsp part of left clavicle, init for opn fx"
H42,Glaucoma in diseases classified elsewhere
M84559A,"Pathological fracture in neoplastic disease, hip, unsp, init"
S60454A,"Superficial foreign body of right ring finger, init encntr"
O9229,Oth disorders of breast assoc w pregnancy and the puerperium
I2609,Other pulmonary embolism with acute cor pulmonale
M86662,"Other chronic osteomyelitis, left tibia and fibula"
S5291XA,"Unsp fracture of right forearm, init for clos fx"
S27892A,"Contusion of oth intrathoracic organs, init encntr"
T887XXA,"Unsp adverse effect of drug or medicament, init encntr"
S49002A,"Unsp physeal fx upper end of humerus, left arm, init"
T518X2A,"Toxic effect of oth alcohols, intentional self-harm, init"
T528X2A,"Toxic effect of organic solvents, self-harm, init"
G589,"Mononeuropathy, unspecified"
C8339,"Diffuse large B-cell lymphoma, extrnod and solid organ sites"
E113291,"Type 2 diab with mild nonp rtnop without mclr edema, r eye"
E113592,"Type 2 diab with prolif diab rtnop without mclr edema, l eye"
N028,Recurrent and persistent hematuria w oth morphologic changes
M362,Hemophilic arthropathy
Z3490,"Encntr for suprvsn of normal pregnancy, unsp, unsp trimester"
G379,"Demyelinating disease of central nervous system, unspecified"
S83195A,"Other dislocation of left knee, initial encounter"
R401,Stupor
S8265XA,"Nondisp fx of lateral malleolus of left fibula, init"
G243,Spasmodic torticollis
S30201A,"Contusion of unsp external genital organ, male, init encntr"
S66305A,"Unsp inj extn musc/fasc/tend l rng fngr at wrs/hnd lv, init"
S66307A,"Unsp inj extn musc/fasc/tend l lit fngr at wrs/hnd lv, init"
E1100,Type 2 diab w hyprosm w/o nonket hyprgly-hypros coma (NKHHC)
A809,"Acute poliomyelitis, unspecified"
N130,Hydronephrosis with ureteropelvic junction obstruction
Z941,Heart transplant status
S0006XA,"Insect bite (nonvenomous) of scalp, initial encounter"
S42454A,"Nondisp fx of lateral condyle of right humerus, init"
S72421A,"Disp fx of lateral condyle of right femur, init for clos fx"
Z207,"Cntct w & expsr to pediculosis, acariasis & oth infestations"
O1503,"Eclampsia complicating pregnancy, third trimester"
W1841XA,"Slip/trip w/o falling due to stepping on object, init"
F04,Amnestic disorder due to known physiological condition
X17XXXA,"Contact with hot engines, machinery and tools, init encntr"
S0263XA,"Fracture of coronoid process of mandible, init for clos fx"
Y907,Blood alcohol level of 200-239 mg/100 ml
K560,Paralytic ileus
X52XXXA,"Prolonged stay in weightless environment, initial encounter"
O99351,"Diseases of the nervous sys comp pregnancy, first trimester"
A029,"Salmonella infection, unspecified"
J1089,Influenza due to oth ident influenza virus w oth manifest
S3215XA,"Type 2 fracture of sacrum, init encntr for closed fracture"
M13831,"Other specified arthritis, right wrist"
W291XXA,"Contact with electric knife, initial encounter"
N368,Other specified disorders of urethra
M65332,"Trigger finger, left middle finger"
T1512XA,"Foreign body in conjunctival sac, left eye, init encntr"
T23271A,"Burn of second degree of right wrist, initial encounter"
S3720XA,"Unspecified injury of bladder, initial encounter"
M67341,"Transient synovitis, right hand"
T2017XA,"Burn of first degree of neck, initial encounter"
S14153A,"Oth incomplete lesion at C3, init"
N493,Fournier gangrene
S60361A,"Insect bite (nonvenomous) of right thumb, initial encounter"
S82202B,"Unsp fx shaft of left tibia, init for opn fx type I/2"
M0609,"Rheumatoid arthritis w/o rheumatoid factor, multiple sites"
H0489,Other disorders of lacrimal system
E208,Other hypoparathyroidism
J3081,Allergic rhinitis due to animal (cat) (dog) hair and dander
S90411A,"Abrasion, right great toe, initial encounter"
C383,"Malignant neoplasm of mediastinum, part unspecified"
X79XXXA,"Intentional self-harm by blunt object, initial encounter"
S86112A,"Strain musc/tend post grp at low leg level, left leg, init"
O722,Delayed and secondary postpartum hemorrhage
O036,Delayed or excess hemor fol complete or unsp spon abortion
S42018A,"Nondisp fx of sternal end of left clavicle, init for clos fx"
S90415A,"Abrasion, left lesser toe(s), initial encounter"
S91205A,"Unsp open wound of left lesser toe(s) w damage to nail, init"
H00016,"Hordeolum externum left eye, unspecified eyelid"
S2001XA,"Contusion of right breast, initial encounter"
T25322A,"Burn of third degree of left foot, initial encounter"
K045,Chronic apical periodontitis
G5733,"Lesion of lateral popliteal nerve, bilateral lower limbs"
K0521,"Aggressive periodontitis, localized"
E160,Drug-induced hypoglycemia without coma
M65832,"Other synovitis and tenosynovitis, left forearm"
S62102D,"Fx unsp carpal bone, left wrist, subs for fx w routn heal"
T23062A,"Burn of unspecified degree of back of left hand, init encntr"
S52022A,"Disp fx of olecran pro w/o intartic extn left ulna, init"
Y92480,Sidewalk as the place of occurrence of the external cause
S81801D,"Unspecified open wound, right lower leg, subs encntr"
S81801A,"Unspecified open wound, right lower leg, initial encounter"
S42495A,"Oth nondisp fx of lower end of left humerus, init"
T470X5A,"Adverse effect of histamine H2-receptor blockers, init"
S0992XA,"Unspecified injury of nose, initial encounter"
S52181B,"Oth fx upper end of r radius, init for opn fx type I/2"
T428X5A,"Adverse effect of antiparkns drug/centr musc-tone depr, init"
M7631,"Iliotibial band syndrome, right leg"
F12980,"Cannabis use, unspecified with anxiety disorder"
S83411A,"Sprain of medial collateral ligament of right knee, init"
M0680,"Other specified rheumatoid arthritis, unspecified site"
I2720,"Pulmonary hypertension, unspecified"
R845,Abnormal microbiolog findings in specmn from resp org/thrx
S62522B,"Disp fx of distal phalanx of left thumb, init for opn fx"
S62326B,"Disp fx of shaft of fifth MC bone, r hand, init for opn fx"
Y830,"Txplt of whole organ cause abn react/compl, w/o misadvnt"
L720,Epidermal cyst
S61217S,"Lac w/o fb of l little finger w/o damage to nail, sequela"
K745,"Biliary cirrhosis, unspecified"
V00322A,"Snow-skier colliding with stationary object, init encntr"
M4317,"Spondylolisthesis, lumbosacral region"
H5589,Other irregular eye movements
T466X2A,"Poisn by antihyperlip and antiarterio drugs, self-harm, init"
O132,"Gestatnl htn w/o significant proteinuria, second trimester"
I420,Dilated cardiomyopathy
G5622,"Lesion of ulnar nerve, left upper limb"
M419,"Scoliosis, unspecified"
E035,Myxedema coma
M461,"Sacroiliitis, not elsewhere classified"
D1621,Benign neoplasm of long bones of right lower limb
V4302XD,"Car driver injured in collision w car nontraf, subs"
T403X5A,"Adverse effect of methadone, initial encounter"
J852,Abscess of lung without pneumonia
I301,Infective pericarditis
S22071A,"Stable burst fracture of T9-T10 vertebra, init for clos fx"
B085,Enteroviral vesicular pharyngitis
F19930,"Oth psychoactive substance use, unsp w withdrawal, uncomp"
S50861A,"Insect bite (nonvenomous) of right forearm, init encntr"
Y92810,Car as the place of occurrence of the external cause
S12401A,"Unsp nondisp fx of fifth cervical vertebra, init for clos fx"
M24211,"Disorder of ligament, right shoulder"
K251,Acute gastric ulcer with perforation
S82291B,"Oth fx shaft of right tibia, init for opn fx type I/2"
S82491B,"Oth fracture of shaft of r fibula, init for opn fx type I/2"
S21112D,"Lac w/o fb of l frnt wl of thorax w/o penet thor cav, subs"
X999XXD,"Assault by unspecified sharp object, subsequent encounter"
V575XXA,"Drvr of pk-up/van inj in clsn w statnry object in traf, init"
L551,Sunburn of second degree
E1051,Type 1 diabetes w diabetic peripheral angiopath w/o gangrene
O1405,"Mild to moderate pre-eclampsia, complicating the puerperium"
N319,"Neuromuscular dysfunction of bladder, unspecified"
S6391XA,"Sprain of unsp part of right wrist and hand, init encntr"
I519,"Heart disease, unspecified"
S31114A,"Lac w/o fb of abd wall, left low q w/o penet perit cav, init"
S43315A,"Dislocation of left scapula, initial encounter"
S62201B,"Unsp fx first metacarpal bone, right hand, init for opn fx"
S62300B,"Unsp fx second metacarpal bone, right hand, init for opn fx"
S62302B,"Unsp fx third metacarpal bone, right hand, init for opn fx"
S62304B,"Unsp fx fourth metacarpal bone, right hand, init for opn fx"
W260XXS,"Contact with knife, sequela"
I6783,Posterior reversible encephalopathy syndrome
N99538,Other complication of continent stoma of urinary tract
T551X1A,"Toxic effect of detergents, accidental (unintentional), init"
N830,Follicular cyst of ovary
S12491A,"Oth nondisp fx of fifth cervical vertebra, init for clos fx"
S14106A,"Unsp injury at C6 level of cervical spinal cord, init encntr"
M26603,"Bilateral temporomandibular joint disorder, unspecified"
S82421B,"Displ transverse fx shaft of r fibula, 7thB"
S31819A,"Unspecified open wound of right buttock, initial encounter"
Y772,Prosth/oth implnt/mtrls ophthalmic devices assoc w incdt
O364XX0,"Maternal care for intrauterine death, not applicable or unsp"
S91012A,"Laceration without foreign body, left ankle, init encntr"
F4325,Adjustment disorder w mixed disturb of emotions and conduct
M7542,Impingement syndrome of left shoulder
F428,Other obsessive-compulsive disorder
T2102XA,"Burn of unspecified degree of abdominal wall, init encntr"
K4031,"Unilateral inguinal hernia, w obst, w/o gangrene, recurrent"
T1490XA,"Injury, unspecified, initial encounter"
S62511B,"Disp fx of proximal phalanx of right thumb, init for opn fx"
S68422A,"Partial traumatic amp of left hand at wrist level, init"
Z87412,Personal history of vulvar dysplasia
S82112A,"Disp fx of left tibial spine, init for clos fx"
Y990,Civilian activity done for income or pay
S63611A,"Unspecified sprain of left index finger, initial encounter"
I6001,Ntrm subarach hemor from right carotid siphon and bifurc
O368120,"Decreased fetal movements, second trimester, unsp"
S36898A,"Other injury of other intra-abdominal organs, init encntr"
S42431A,"Disp fx (avulsion) of lateral epicondyle of r humerus, init"
Y798,"Miscellaneous orthopedic devices assoc w incdt, NEC"
S4421XA,"Injury of radial nerve at upper arm level, right arm, init"
D287,Benign neoplasm of other specified female genital organs
H10212,"Acute toxic conjunctivitis, left eye"
Y9363,"Activity, rugby"
S68625A,"Partial traumatic trnsphal amputation of l rng fngr, init"
G43B0,"Ophthalmoplegic migraine, not intractable"
M84551A,"Path fracture in neoplastic disease, right femur, init"
T17208A,"Unsp foreign body in pharynx causing oth injury, init encntr"
M79603,"Pain in arm, unspecified"
G44219,"Episodic tension-type headache, not intractable"
D352,Benign neoplasm of pituitary gland
T44995A,"Adverse effect of drug aff the autonomic nervous sys, init"
S92901A,"Unsp fracture of right foot, init encntr for closed fracture"
I5020,Unspecified systolic (congestive) heart failure
Z89512,Acquired absence of left leg below knee
S63263A,"Dislocation of MCP joint of left middle finger, init"
E807,"Disorder of bilirubin metabolism, unspecified"
D688,Other specified coagulation defects
Y9355,"Activity, bike riding"
S92031A,"Displaced avulsion fx tuberosity of r calcaneus, init"
D6189,Oth aplastic anemias and other bone marrow failure syndromes
O2233,"Deep phlebothrombosis in pregnancy, third trimester"
O2232,"Deep phlebothrombosis in pregnancy, second trimester"
D689,"Coagulation defect, unspecified"
H73012,"Bullous myringitis, left ear"
L0103,Bullous impetigo
L74510,"Primary focal hyperhidrosis, axilla"
L74512,"Primary focal hyperhidrosis, palms"
L74513,"Primary focal hyperhidrosis, soles"
E10329,Type 1 diab w mild nonprlf diabetic rtnop w/o macular edema
F14159,"Cocaine abuse with cocaine-induced psychotic disorder, unsp"
O711,Rupture of uterus during labor
S32411A,"Disp fx of anterior wall of right acetabulum, init"
S32461A,"Displaced associated transv/post fx right acetabulum, init"
E8350,Unspecified disorder of calcium metabolism
E069,"Thyroiditis, unspecified"
B538,"Other malaria, not elsewhere classified"
M8660,"Other chronic osteomyelitis, unspecified site"
T446X5A,"Adverse effect of alpha-adrenoreceptor antagonists, init"
E272,Addisonian crisis
S60415A,"Abrasion of left ring finger, initial encounter"
S60562A,"Insect bite (nonvenomous) of left hand, initial encounter"
S60561A,"Insect bite (nonvenomous) of right hand, initial encounter"
S01411D,"Laceration w/o fb of right cheek and TMJ area, subs"
T85590A,"Mech compl of bile duct prosthesis, initial encounter"
T8753,"Necrosis of amputation stump, right lower extremity"
S8251XB,"Disp fx of med malleolus of r tibia, 7thB"
S62337A,"Disp fx of neck of fifth metacarpal bone, left hand, init"
F14229,"Cocaine dependence with intoxication, unspecified"
F1220,"Cannabis dependence, uncomplicated"
T8241XA,"Breakdown (mechanical) of vascular dialysis catheter, init"
H5710,"Ocular pain, unspecified eye"
D532,Scorbutic anemia
I80299,Phlebitis and thombophlb of deep vessels of unsp low extrm
I2781,Cor pulmonale (chronic)
I4519,Other right bundle-branch block
S62102A,"Fracture of unsp carpal bone, left wrist, init for clos fx"
T17828A,"Food in oth prt respiratory tract causing oth injury, init"
B169,Acute hepatitis B w/o delta-agent and without hepatic coma
T8119XA,"Other postprocedural shock, initial encounter"
R875,Abn microbiolog find in specmn from female genital organs
E079,"Disorder of thyroid, unspecified"
O162,"Unspecified maternal hypertension, second trimester"
S52539A,"Colles' fracture of unsp radius, init for clos fx"
R358,Other polyuria
Z436,Encounter for attn to oth artif openings of urinary tract
S02602B,"Fracture of unspecified part of body of left mandible, 7thB"
T188XXA,"Foreign body in other parts of alimentary tract, init encntr"
T674XXA,"Heat exhaustion due to salt depletion, initial encounter"
O4412,"Complete placenta previa with hemorrhage, second trimester"
Z5321,Proc/trtmt not crd out d/t pt lv bef seen by hlth care prov
K598,Other specified functional intestinal disorders
I5032,Chronic diastolic (congestive) heart failure
S02672A,"Fracture of alveolus of left mandible, init"
F481,Depersonalization-derealization syndrome
S21141A,"Pnctr w fb of r frnt wl of thorax w/o penet thor cav, init"
S91144A,"Pnctr w fb of right lesser toe(s) w/o damage to nail, init"
Y35091A,"Legal intervnt w firearm disch, law enforc offl inj, init"
V183XXA,"Prsn brd/alit pedl cyc injured in nonclsn trnsp acc, init"
C50819,Malignant neoplasm of ovrlp sites of unsp female breast
C7989,Secondary malignant neoplasm of other specified sites
S76021A,"Laceration of muscle, fascia and tendon of right hip, init"
T50B95A,"Adverse effect of other viral vaccines, initial encounter"
N9989,Oth postprocedural complications and disorders of GU sys
R009,Unspecified abnormalities of heart beat
T394X5A,"Adverse effect of antirheumatics, NEC, init"
S42491B,"Oth disp fx of lower end of right humerus, init for opn fx"
I4510,Unspecified right bundle-branch block
V235XXA,"Mtrcy pasngr injured pick-up truck, pk-up/van in traf, init"
S91104A,"Unsp opn wnd right lesser toe(s) w/o damage to nail, init"
X822XXA,"Intentional collision of motor vehicle w tree, init encntr"
K283,Acute gastrojejunal ulcer without hemorrhage or perforation
L89109,"Pressure ulcer of unsp part of back, unspecified stage"
M8618,"Other acute osteomyelitis, other site"
S82851B,"Displaced trimalleol fx r low leg, init for opn fx type I/2"
Y048XXD,"Assault by other bodily force, subsequent encounter"
S45302A,"Unsp injury of superfic vn at shldr/up arm, left arm, init"
T502X5A,"Advrs eff of crbnc-anhydr inhibtr, benzo/oth diuretc, init"
S5292XB,"Unsp fracture of left forearm, init for opn fx type I/2"
S73005A,"Unspecified dislocation of left hip, initial encounter"
Y92811,Bus as the place of occurrence of the external cause
S53194A,"Other dislocation of right ulnohumeral joint, init encntr"
S42354A,"Nondisp comminuted fx shaft of humerus, right arm, init"
S14107A,"Unsp injury at C7 level of cervical spinal cord, init encntr"
S60470A,"Other superficial bite of right index finger, init encntr"
O2300,"Infections of kidney in pregnancy, unspecified trimester"
S66320A,"Lacerat extn musc/fasc/tend r idx fngr at wrs/hnd lv, init"
S66322A,"Lacerat extn musc/fasc/tend r mid finger at wrs/hnd lv, init"
M25071,"Hemarthrosis, right ankle"
S32041A,"Stable burst fracture of fourth lumbar vertebra, init"
L03319,"Cellulitis of trunk, unspecified"
I83028,Varicose veins of l low extrem w ulcer oth part of lower leg
X998XXD,"Assault by other sharp object, subsequent encounter"
K089,"Disorder of teeth and supporting structures, unspecified"
M71521,"Other bursitis, not elsewhere classified, right elbow"
M4682,"Oth inflammatory spondylopathies, cervical region"
B1910,Unspecified viral hepatitis B without hepatic coma
W16612A,"Jump/div in natrl body of wtr strk surfc cause oth inj, init"
F12922,"Cannabis use, unsp w intoxication w perceptual disturbance"
S92505A,"Nondisplaced unsp fracture of left lesser toe(s), init"
T405X2A,"Poisoning by cocaine, intentional self-harm, init encntr"
T510X2A,"Toxic effect of ethanol, intentional self-harm, init encntr"
G4482,Headache associated with sexual activity
K316,Fistula of stomach and duodenum
Y92000,Kitchen of unsp non-institut (private) residence as place
G8928,Other chronic postprocedural pain
S52025A,"Nondisp fx of olecran pro w/o intartic extn left ulna, init"
S31825A,"Open bite of left buttock, initial encounter"
S42422A,"Displ commnt suprcndl fx w/o intrcndl fx l humerus, init"
S43102A,"Unsp dislocation of left acromioclavicular joint, init"
O2331,"Infect of prt urinary tract in pregnancy, first trimester"
G548,Other nerve root and plexus disorders
T24232A,"Burn of second degree of left lower leg, initial encounter"
G360,Neuromyelitis optica [Devic]
S52272A,"Monteggia's fracture of left ulna, init for clos fx"
R7981,Abnormal blood-gas level
F6089,Other specific personality disorders
M79609,Pain in unspecified limb
K4130,"Unil femoral hernia, w obst, w/o gangrene, not spcf as recur"
S1190XA,"Unsp open wound of unspecified part of neck, init encntr"
S72142D,"Displ intertroch fx l femur, subs for clos fx w routn heal"
S98322A,"Partial traumatic amputation of left midfoot, init encntr"
W3089XA,"Contact with oth agricultural machinery, init encntr"
K5180,Other ulcerative colitis without complications
S66121A,"Lacerat flexor musc/fasc/tend l idx fngr at wrs/hnd lv, init"
S62323B,"Disp fx of shaft of third MC bone, l hand, init for opn fx"
S62322B,"Disp fx of shaft of third MC bone, r hand, init for opn fx"
V093XXA,"Pedestrian injured in unsp traffic accident, init encntr"
S028XXD,"Fx of skull and facial bones, subs for fx w routn heal"
Y040XXD,"Assault by unarmed brawl or fight, subsequent encounter"
T23111A,"Burn of first degree of right thumb (nail), init encntr"
A46,Erysipelas
Y92415,Exit ramp or entrance ramp of street or highway as place
S67194A,"Crushing injury of right ring finger, initial encounter"
S0105XA,"Open bite of scalp, initial encounter"
H2000,Unspecified acute and subacute iridocyclitis
S37012A,"Minor contusion of left kidney, initial encounter"
S1096XA,"Insect bite of unspecified part of neck, initial encounter"
M4647,"Discitis, unspecified, lumbosacral region"
S63641A,"Sprain of metacarpophalangeal joint of right thumb, init"
M5031,"Other cervical disc degeneration, high cervical region"
S728X1A,"Oth fracture of right femur, init encntr for closed fracture"
S62501D,"Fx unsp phalanx of right thumb, subs for fx w routn heal"
T34532A,"Frostbite w tissue necrosis of left finger(s), init encntr"
C8519,"Unsp B-cell lymphoma, extranodal and solid organ sites"
T407X5A,"Adverse effect of cannabis (derivatives), initial encounter"
T2056XA,"Corrosion of first degree of forehead and cheek, init encntr"
M11261,"Other chondrocalcinosis, right knee"
S62201A,"Unsp fracture of first metacarpal bone, right hand, init"
H748X1,Other specified disorders of right middle ear and mastoid
S61235A,"Pnctr w/o fb of l rng fngr w/o damage to nail, init"
H61002,Unspecified perichondritis of left external ear
Y92098,Oth place in oth non-institutional residence as place
S81051A,"Open bite, right knee, initial encounter"
C577,Malignant neoplasm of other specified female genital organs
V824XXA,"Person injured wh brd/alit from streetcar, init"
C8190,"Hodgkin lymphoma, unspecified, unspecified site"
T79A0XA,"Compartment syndrome, unspecified, initial encounter"
H3091,"Unspecified chorioretinal inflammation, right eye"
S72331A,"Displaced oblique fracture of shaft of right femur, init"
E041,Nontoxic single thyroid nodule
Q181,Preauricular sinus and cyst
S62625A,"Disp fx of middle phalanx of left ring finger, init"
S42191A,"Fracture of oth part of scapula, right shoulder, init"
K261,Acute duodenal ulcer with perforation
S62624B,"Disp fx of middle phalanx of right ring finger, 7thB"
S62626B,"Disp fx of middle phalanx of r little finger, 7thB"
N9089,Oth noninflammatory disorders of vulva and perineum
S4291XA,"Fracture of right shoulder girdle, part unsp, init"
S63212A,"Subluxation of MCP joint of right middle finger, init"
S66112A,"Strain flexor musc/fasc/tend r mid fngr at wrs/hnd lv, init"
H18823,"Corneal disorder due to contact lens, bilateral"
G609,"Hereditary and idiopathic neuropathy, unspecified"
D891,Cryoglobulinemia
R0489,Hemorrhage from other sites in respiratory passages
C7839,Secondary malignant neoplasm of other respiratory organs
J0410,Acute tracheitis without obstruction
T375X5A,"Adverse effect of antiviral drugs, initial encounter"
L97211,Non-prs chronic ulcer of right calf limited to brkdwn skin
S60132A,"Contusion of left middle finger w damage to nail, init"
V270XXA,"Mtrcy driver injured in clsn w statnry object nontraf, init"
H818X9,"Other disorders of vestibular function, unspecified ear"
S68620A,"Partial traumatic trnsphal amputation of r idx fngr, init"
M910,Juvenile osteochondrosis of pelvis
S80822A,"Blister (nonthermal), left lower leg, initial encounter"
F328,Other depressive episodes
O2631,"Retained uterin contracep dev in pregnancy, first trimester"
W16112A,"Fall into natrl body of water strk surfc cause oth inj, init"
C240,Malignant neoplasm of extrahepatic bile duct
T272XXA,"Burn of other parts of respiratory tract, initial encounter"
X000XXA,"Exposure to flames in uncontrolled fire in bldg, init"
S42302B,"Unsp fracture of shaft of humerus, left arm, init for opn fx"
H10501,"Unspecified blepharoconjunctivitis, right eye"
T23211A,"Burn of second degree of right thumb (nail), init encntr"
S43032A,"Inferior subluxation of left humerus, initial encounter"
W363XXA,"Explosion and rupture of pressurized-gas tank, init encntr"
J0300,"Acute streptococcal tonsillitis, unspecified"
L03321,Acute lymphangitis of abdominal wall
G521,Disorders of glossopharyngeal nerve
C966,Unifocal Langerhans-cell histiocytosis
O23511,"Infections of cervix in pregnancy, first trimester"
M5104,"Intervertebral disc disorders w myelopathy, thoracic region"
C160,Malignant neoplasm of cardia
C772,Secondary and unsp malignant neoplasm of intra-abd nodes
M25559,Pain in unspecified hip
D6861,Antiphospholipid syndrome
Z85819,"Prsnl hx of malig neoplm of unsp site lip,oral cav,& pharynx"
J471,Bronchiectasis with (acute) exacerbation
S6421XA,"Injury of radial nerve at wrs/hnd lv of right arm, init"
Z119,"Encounter for screening for infec/parastc diseases, unsp"
W2212XA,"Strike/struck by front passenger side auto airbag, init"
E1040,"Type 1 diabetes mellitus with diabetic neuropathy, unsp"
E10319,Type 1 diabetes w unsp diabetic rtnop w/o macular edema
F3130,"Bipolar disord, crnt epsd depress, mild or mod severt, unsp"
F900,"Attn-defct hyperactivity disorder, predom inattentive type"
N6320,"Unspecified lump in the left breast, unspecified quadrant"
S66300A,"Unsp inj extn musc/fasc/tend r idx fngr at wrs/hnd lv, init"
S62643A,"Nondisp fx of proximal phalanx of left middle finger, init"
E1352,Oth diabetes w diabetic peripheral angiopathy w gangrene
T83498A,"Mech compl of prosth dev/implnt/grft of genital tract, init"
A510,Primary genital syphilis
Z85048,"Prsnl hx of malig neoplm of rectum, rectosig junct, and anus"
M10032,"Idiopathic gout, left wrist"
M1A0320,"Idiopathic chronic gout, left wrist, without tophus (tophi)"
S06320A,"Contus/lac left cerebrum w/o loss of consciousness, init"
O9122,Nonpurulent mastitis associated with the puerperium
O9113,Abscess of breast associated with lactation
S61257A,"Open bite of left little finger w/o damage to nail, init"
R561,Post traumatic seizures
S82031A,"Displaced transverse fracture of right patella, init"
S8000XA,"Contusion of unspecified knee, initial encounter"
I1311,"Hyp hrt and chr kdny dis w/o hrt fail, w stg 5 chr kdny/ESRD"
S62655A,"Nondisp fx of middle phalanx of left ring finger, init"
S63281A,"Dislocation of proximal interphaln joint of l idx fngr, init"
S32020A,"Wedge compression fracture of second lumbar vertebra, init"
K0820,Unspecified atrophy of edentulous alveolar ridge
A319,"Mycobacterial infection, unspecified"
H5010,Unspecified exotropia
X820XXA,"Intentional collision of motor vehicle w mtr veh, init"
I9788,"Oth intraoperative complications of the circ sys, NEC"
F508,Other eating disorders
G458,Oth transient cerebral ischemic attacks and related synd
N312,"Flaccid neuropathic bladder, not elsewhere classified"
O09811,"Suprvsn of preg rslt from assisted reprodctv tech, first tri"
N889,"Noninflammatory disorder of cervix uteri, unspecified"
O468X2,"Other antepartum hemorrhage, second trimester"
R7309,Other abnormal glucose
S86101A,"Unsp inj musc/tend post grp at low leg lev, right leg, init"
J4551,Severe persistent asthma with (acute) exacerbation
H8121,"Vestibular neuronitis, right ear"
S66195A,"Inj flexor musc/fasc/tend l rng fngr at wrs/hnd lv, init"
I2729,Other secondary pulmonary hypertension
Y0809XA,"Assault by strike by oth type of sport equipment, init"
S31100A,"Unsp opn wnd abd wall, r upper q w/o penet perit cav, init"
S62603A,"Fracture of unsp phalanx of left middle finger, init"
G43A0,"Cyclical vomiting, in migraine, not intractable"
E2689,Other hyperaldosteronism
T8589XA,"Oth complication of internal prosth dev/grft, NEC, init"
F429,"Obsessive-compulsive disorder, unspecified"
M11272,"Other chondrocalcinosis, left ankle and foot"
T889XXA,"Complication of surgical and medical care, unsp, init encntr"
T447X5A,"Adverse effect of beta-adrenoreceptor antagonists, init"
S52351A,"Displaced comminuted fx shaft of radius, right arm, init"
S52251A,"Displaced comminuted fx shaft of ulna, right arm, init"
V0219XA,"Ped w convey injured in collision w 2/3-whl mv in traf, init"
A8039,Other acute paralytic poliomyelitis
S72051A,"Unsp fracture of head of right femur, init for clos fx"
F16929,"Hallucinogen use, unspecified with intoxication, unspecified"
T2014XA,"Burn of first degree of nose (septum), initial encounter"
T2602XA,"Burn of left eyelid and periocular area, initial encounter"
T2601XA,"Burn of right eyelid and periocular area, initial encounter"
X118XXA,"Contact with other hot tap-water, initial encounter"
S92355B,"Nondisp fx of fifth metatarsal bone, l foot, init for opn fx"
E8301,Wilson's disease
B09,Unsp viral infection with skin and mucous membrane lesions
S92041A,"Displaced oth fracture of tuberosity of r calcaneus, init"
S36498A,"Other injury of other part of small intestine, init encntr"
H5210,"Myopia, unspecified eye"
F515,Nightmare disorder
T39011A,"Poisoning by aspirin, accidental (unintentional), init"
V1949XA,"Pedl cyc driver injured in collision w oth mv in traf, init"
V0312XA,"Ped on sktbrd injured pick-up truck, pk-up/van in traf, init"
S63681A,"Other sprain of right thumb, initial encounter"
S93326A,"Dislocation of tarsometatarsal joint of unsp foot, init"
W21211A,"Struck by field hockey stick, initial encounter"
Z638,Other specified problems related to primary support group
S0262XA,"Fracture of subcondylar process of mandible, init"
K0520,"Aggressive periodontitis, unspecified"
R1902,"Left upper quadrant abdominal swelling, mass and lump"
S72042A,"Disp fx of base of neck of left femur, init for clos fx"
F15159,"Oth stimulant abuse w stim-induce psychotic disorder, unsp"
T23201A,"Burn of second degree of right hand, unsp site, init encntr"
S68610A,"Complete traumatic trnsphal amputation of r idx fngr, init"
M79643,Pain in unspecified hand
Y93H1,"Activity, digging, shoveling and raking"
M11222,"Other chondrocalcinosis, left elbow"
C50929,Malignant neoplasm of unsp site of unspecified male breast
C779,"Secondary and unsp malignant neoplasm of lymph node, unsp"
S80219A,"Abrasion, unspecified knee, initial encounter"
S0990XD,"Unspecified injury of head, subsequent encounter"
S62613B,"Disp fx of proximal phalanx of l mid finger, init for opn fx"
L7631,"Postproc hematoma of skin, subcu fol a dermatologic proc"
H04202,"Unspecified epiphora, left side"
A599,"Trichomoniasis, unspecified"
V135XXA,"Pedl cyc pasngr inj pick-up truck, pk-up/van in traf, init"
K279,"Peptic ulc, site unsp, unsp as ac or chr, w/o hemor or perf"
M00272,"Other streptococcal arthritis, left ankle and foot"
B954,Oth streptococcus as the cause of diseases classd elswhr
A7749,Other ehrlichiosis
K223,Perforation of esophagus
C8170,"Other Hodgkin lymphoma, unspecified site"
S82434A,"Nondisplaced oblique fracture of shaft of right fibula, init"
K224,Dyskinesia of esophagus
S42112A,"Disp fx of body of scapula, left shoulder, init for clos fx"
T83021A,"Displacement of indwelling urethral catheter, init"
T84197A,"Mech compl of int fix of bone of left lower leg, init"
R822,Biliuria
T443X1A,"Poisoning by oth parasympath and spasmolytics, acc, init"
T433X2A,"Poisn by phenothiaz antipsychot/neurolept, self-harm, init"
S42201K,"Unsp fx upper end of r humerus, subs for fx w nonunion"
S43422A,"Sprain of left rotator cuff capsule, initial encounter"
K551,Chronic vascular disorders of intestine
Z3401,"Encntr for suprvsn of normal first preg, first trimester"
F70,Mild intellectual disabilities
V817XXA,"Occ of rail trn/veh inj in derail w/o antecedent clsn, init"
J302,Other seasonal allergic rhinitis
S06359A,"Traum hemor left cerebrum w LOC of unsp duration, init"
F19159,"Oth psychoactive substance abuse w psychotic disorder, unsp"
S345XXA,"Injury of lumbar, sacral and pelvic sympathetic nerves, init"
T8453XA,"Infect/inflm reaction due to internal r knee prosth, init"
Z209,Contact w and exposure to unsp communicable disease
S56811A,"Strain of musc/fasc/tend at forearm level, right arm, init"
S02651B,"Fracture of angle of right mandible, 7thB"
Y92320,Baseball field as place
H11151,"Pinguecula, right eye"
I63531,Cereb infrc d/t unsp occls or stenos of right post cereb art
O26852,"Spotting complicating pregnancy, second trimester"
Z79890,Hormone replacement therapy
M25422,"Effusion, left elbow"
M5137,"Other intervertebral disc degeneration, lumbosacral region"
M1288,"Oth specific arthropathies, NEC, oth site"
S42291B,"Oth disp fx of upper end of right humerus, init for opn fx"
R849,Unsp abnormal finding in specimens from resp org/thrx
H540,"Blindness, both eyes"
S62651B,"Nondisp fx of middle phalanx of left index finger, 7thB"
K8511,Biliary acute pancreatitis with uninfected necrosis
K111,Hypertrophy of salivary gland
M00861,"Arthritis due to other bacteria, right knee"
W262XXA,"Contact with edge of stiff paper, initial encounter"
L438,Other lichen planus
B3783,Candidal cheilitis
S82402B,"Unsp fx shaft of left fibula, init for opn fx type I/2"
O4431,"Partial placenta previa with hemorrhage, first trimester"
I5189,Other ill-defined heart diseases
S06373A,"Contus/lac/hem crblm w LOC of 1-5 hrs 59 min, init"
S066X3A,"Traum subrac hem w LOC of 1-5 hrs 59 min, init"
L2389,Allergic contact dermatitis due to other agents
F13930,"Sedatv/hyp/anxiolytc use, unsp w withdrawal, uncomplicated"
T424X6A,"Underdosing of benzodiazepines, initial encounter"
H43391,"Other vitreous opacities, right eye"
S0451XA,"Injury of facial nerve, right side, initial encounter"
S52391B,"Oth fx shaft of radius, right arm, init for opn fx type I/2"
S52291B,"Oth fx shaft of right ulna, init for opn fx type I/2"
H61011,Acute perichondritis of right external ear
M5186,"Other intervertebral disc disorders, lumbar region"
T8584XA,"Pain due to internal prosth dev/grft, NEC, init"
V4362XD,"Car passenger injured in collision w car in traf, subs"
M62831,Muscle spasm of calf
N99521,Infection of incontinent external stoma of urinary tract
M10022,"Idiopathic gout, left elbow"
N529,"Male erectile dysfunction, unspecified"
F0151,Vascular dementia with behavioral disturbance
S43112A,"Subluxation of left acromioclavicular joint, init encntr"
M65312,"Trigger thumb, left thumb"
M65352,"Trigger finger, left little finger"
S0190XA,"Unsp open wound of unspecified part of head, init encntr"
W5681XA,"Bitten by other nonvenomous marine animals, init encntr"
N730,Acute parametritis and pelvic cellulitis
H01003,"Unspecified blepharitis right eye, unspecified eyelid"
H04121,Dry eye syndrome of right lacrimal gland
S66821A,"Laceration of musc/fasc/tend at wrs/hnd lv, right hand, init"
E0581,Other thyrotoxicosis with thyrotoxic crisis or storm
M00071,"Staphylococcal arthritis, right ankle and foot"
B9561,Methicillin suscep staph infct causing dis classd elswhr
S83104A,"Unspecified dislocation of right knee, initial encounter"
M7541,Impingement syndrome of right shoulder
S31831A,"Laceration without foreign body of anus, initial encounter"
Z008,Encounter for other general examination
T402X4A,"Poisoning by other opioids, undetermined, initial encounter"
Q8781,Alport syndrome
S79812A,"Other specified injuries of left hip, initial encounter"
O99111,"Oth dis of bld/bld-form org/immun mechnsm comp preg, 1st tri"
M868X2,"Other osteomyelitis, upper arm"
K716,"Toxic liver disease with hepatitis, not elsewhere classified"
H16011,"Central corneal ulcer, right eye"
T466X5A,"Adverse effect of antihyperlip and antiarterio drugs, init"
T41293A,"Poisoning by other general anesthetics, assault, init encntr"
J9620,"Acute and chr resp failure, unsp w hypoxia or hypercapnia"
M2548,"Effusion, other site"
S3663XA,"Laceration of rectum, initial encounter"
S92422B,"Disp fx of distal phalanx of left great toe, init for opn fx"
G060,Intracranial abscess and granuloma
S92325A,"Nondisp fx of second metatarsal bone, left foot, init"
G43919,"Migraine, unsp, intractable, without status migrainosus"
M00842,"Arthritis due to other bacteria, left hand"
I2782,Chronic pulmonary embolism
Z96612,Presence of left artificial shoulder joint
Z96661,Presence of right artificial ankle joint
S60474A,"Other superficial bite of right ring finger, init encntr"
D490,Neoplasm of unspecified behavior of digestive system
G7111,Myotonic muscular dystrophy
S61441A,"Puncture wound with foreign body of right hand, init encntr"
O99011,"Anemia complicating pregnancy, first trimester"
D57819,"Other sickle-cell disorders with crisis, unspecified"
M25022,"Hemarthrosis, left elbow"
F553,Abuse of steroids or hormones
F1021,"Alcohol dependence, in remission"
F323,"Major depressv disord, single epsd, severe w psych features"
S31143A,"Pnctr of abd wall w fb, r low q w/o penet perit cav, init"
B303,Acute epidemic hemorrhagic conjunctivitis (enteroviral)
H1133,"Conjunctival hemorrhage, bilateral"
I82211,Chronic embolism and thrombosis of superior vena cava
H4900,"Third [oculomotor] nerve palsy, unspecified eye"
S46011D,"Strain of musc/tend the rotator cuff of right shoulder, subs"
M50321,Other cervical disc degeneration at C4-C5 level
T84028A,"Dislocation of other internal joint prosthesis, init encntr"
Z96611,Presence of right artificial shoulder joint
N859,"Noninflammatory disorder of uterus, unspecified"
E1300,Oth diab w hyprosm w/o nonket hyprgly-hypros coma (NKHHC)
K011,Impacted teeth
T23041A,"Burn of unsp deg mult right fingers (nail), inc thumb, init"
T23012A,"Burn of unspecified degree of left thumb (nail), init encntr"
N951,Menopausal and female climacteric states
M85621,"Other cyst of bone, right upper arm"
Y92321,Football field as place
M5146,"Schmorl's nodes, lumbar region"
F14929,"Cocaine use, unspecified with intoxication, unspecified"
B851,Pediculosis due to Pediculus humanus corporis
K2921,Alcoholic gastritis with bleeding
S62321A,"Disp fx of shaft of second metacarpal bone, left hand, init"
N7003,Acute salpingitis and oophoritis
V684XXA,"Prsn brd/alit hv veh injured in nonclsn trnsp accident, init"
I722,Aneurysm of renal artery
Z48812,Encntr for surgical aftcr following surgery on the circ sys
S63699A,"Other sprain of unspecified finger, initial encounter"
S91212A,"Laceration w/o fb of left great toe w damage to nail, init"
S21119A,"Lac w/o fb of unsp frnt wl of thrx w/o penet thor cav, init"
S80262A,"Insect bite (nonvenomous), left knee, initial encounter"
S62501A,"Fracture of unsp phalanx of right thumb, init for clos fx"
S00252A,"Superficial fb of left eyelid and periocular area, init"
J628,Pneumoconiosis due to other dust containing silica
G990,Autonomic neuropathy in diseases classified elsewhere
V534XXA,"Prsn brd/alit pk-up/van inj pick-up truck, pk-up/van, init"
N99840,Postproc hematoma of a GU sys org fol a GU sys procedure
X828XXA,"Oth intentional self-harm by crashing of motor vehicle, init"
T8144XA,"Sepsis following a procedure, initial encounter"
T8112XA,"Postprocedural septic shock, initial encounter"
A6001,Herpesviral infection of penis
W16611A,"Jump/div into natrl body of wtr strk surfc cause drown, init"
C414,"Malignant neoplasm of pelvic bones, sacrum and coccyx"
C4022,Malignant neoplasm of long bones of left lower limb
S93111A,"Dislocation of interphaln joint of right great toe, init"
S32454A,"Nondisplaced transverse fracture of right acetabulum, init"
L2489,Irritant contact dermatitis due to other agents
S82122A,"Disp fx of lateral condyle of left tibia, init for clos fx"
L232,Allergic contact dermatitis due to cosmetics
T84041A,"Periprosth fracture around internal prosth l hip jt, init"
L922,Granuloma faciale [eosinophilic granuloma of skin]
H00023,"Hordeolum internum right eye, unspecified eyelid"
F442,Dissociative stupor
D599,"Acquired hemolytic anemia, unspecified"
T82848A,"Pain due to vascular prosth dev/grft, initial encounter"
S92242A,"Disp fx of medial cuneiform of left foot, init for clos fx"
S81022A,"Laceration with foreign body, left knee, initial encounter"
S02841A,"Fracture of lateral orbital wall, right side, init"
C8220,"Follicular lymphoma grade III, unspecified, unspecified site"
S34103A,"Unsp injury to L3 level of lumbar spinal cord, init encntr"
M4836,"Traumatic spondylopathy, lumbar region"
K9186,Retained cholelithiasis following cholecystectomy
T18108A,"Unsp foreign body in esophagus causing oth injury, init"
W500XXS,"Accidental hit or strike by another person, sequela"
K284,Chronic or unspecified gastrojejunal ulcer with hemorrhage
Z22322,Carrier or suspected carrier of methicillin resis staph
S82002D,"Unsp fracture of left patella, subs for clos fx w routn heal"
S92424A,"Nondisp fx of distal phalanx of right great toe, init"
D8949,Other mast cell activation disorder
H6505,"Acute serous otitis media, recurrent, left ear"
H61012,Acute perichondritis of left external ear
T6592XA,"Toxic effect of unsp substance, intentional self-harm, init"
S30852A,"Superficial foreign body of penis, initial encounter"
H5452,"Low vision, left eye, normal vision right eye"
S0086XA,"Insect bite (nonvenomous) of other part of head, init encntr"
J15212,Pneumonia due to Methicillin resistant Staphylococcus aureus
M3214,Glomerular disease in systemic lupus erythematosus
B258,Other cytomegaloviral diseases
Y92099,Unsp place in oth non-institutional residence as place
R1112,Projectile vomiting
M11262,"Other chondrocalcinosis, left knee"
S01422A,"Laceration w foreign body of left cheek and TMJ area, init"
M84532A,"Pathological fracture in neoplastic disease, left ulna, init"
M84434A,"Pathological fracture, left radius, init encntr for fracture"
S0101XS,"Laceration without foreign body of scalp, sequela"
W19XXXS,"Unspecified fall, sequela"
Q059,"Spina bifida, unspecified"
M24462,"Recurrent dislocation, left knee"
C9420,Acute megakaryoblastic leukemia not achieve remission
D89811,Chronic graft-versus-host disease
M061,Adult-onset Still's disease
H119,Unspecified disorder of conjunctiva
R4584,Anhedonia
E0943,Drug/chem diab w neuro comp w diab autonm (poly)neuropathy
K852,Alcohol induced acute pancreatitis
S0430XA,"Injury of trigeminal nerve, unspecified side, init encntr"
S0450XA,"Injury of facial nerve, unspecified side, initial encounter"
O2332,"Infect of prt urinary tract in pregnancy, second trimester"
M65249,"Calcific tendinitis, unspecified hand"
T86890,Other transplanted tissue rejection
J158,Pneumonia due to other specified bacteria
T443X5A,"Adverse effect of parasympatholytics and spasmolytics, init"
R3919,Other difficulties with micturition
J1108,Flu due to unidentified flu virus w specified pneumonia
J159,Unspecified bacterial pneumonia
O046,Delayed or excess hemor fol (induced) term of pregnancy
M5012,"Cervical disc disorder w radiculopathy, mid-cervical region"
G931,"Anoxic brain damage, not elsewhere classified"
Y92143,Cell of prison as place
C7A8,Other malignant neuroendocrine tumors
E340,Carcinoid syndrome
S60352A,"Superficial foreign body of left thumb, initial encounter"
T83193A,"Mech compl of other urinary stent, initial encounter"
S36539A,"Laceration of unspecified part of colon, initial encounter"
E700,Classical phenylketonuria
S61304A,"Unsp open wound of right ring finger w damage to nail, init"
K05212,"Aggressive periodontitis, localized, moderate"
Z45018,Encounter for adjust and mgmt oth prt cardiac pacemaker
L0882,Omphalitis not of newborn
S42142B,"Disp fx of glenoid cav of scapula, l shldr, init for opn fx"
C170,Malignant neoplasm of duodenum
O2690,"Pregnancy related conditions, unsp, unspecified trimester"
V0590XA,"Ped on foot injured in collision w rail trn/veh, unsp, init"
H16142,"Punctate keratitis, left eye"
S06301A,"Unsp focal TBI w LOC of 30 minutes or less, init"
S62354A,"Nondisp fx of shaft of fourth MC bone, right hand, init"
C8310,"Mantle cell lymphoma, unspecified site"
G968,Other specified disorders of central nervous system
L245,Irritant contact dermatitis due to other chemical products
S46819A,"Strain of musc/fasc/tend at shldr/up arm, unsp arm, init"
S61334A,"Pnctr w/o foreign body of r rng fngr w damage to nail, init"
C775,Secondary and unsp malignant neoplasm of intrapelv nodes
J918,Pleural effusion in other conditions classified elsewhere
T704XXA,"Effects of high-pressure fluids, initial encounter"
C8331,"Diffuse large B-cell lymphoma, nodes of head, face, and neck"
E883,Tumor lysis syndrome
J4521,Mild intermittent asthma with (acute) exacerbation
S82891B,"Oth fracture of right lower leg, init for opn fx type I/2"
S6291XA,"Unsp fracture of right wrist and hand, init for clos fx"
Z575,Occupational exposure to toxic agents in other industries
R482,Apraxia
T23162A,"Burn of first degree of back of left hand, initial encounter"
S60450A,"Superficial foreign body of right index finger, init encntr"
S72431A,"Disp fx of medial condyle of right femur, init for clos fx"
M25539,Pain in unspecified wrist
R259,Unspecified abnormal involuntary movements
I158,Other secondary hypertension
S31121A,"Lacerat abd wall w fb, l upr q w/o penet perit cav, init"
F552,Abuse of laxatives
S31112A,"Lac w/o fb of abd wall, epigst rgn w/o penet perit cav, init"
S31113A,"Lac w/o fb of abd wall, r low q w/o penet perit cav, init"
O029,"Abnormal product of conception, unspecified"
I368,Other nonrheumatic tricuspid valve disorders
T84125A,"Displacement of internal fixation device of left femur, init"
O364XX1,"Maternal care for intrauterine death, fetus 1"
H1011,"Acute atopic conjunctivitis, right eye"
S02672B,"Fracture of alveolus of left mandible, 7thB"
C7A019,"Malignant carcinoid tumor of the sm int, unsp portion"
S31813A,"Puncture wound w/o foreign body of right buttock, init"
M24452,"Recurrent dislocation, left hip"
S66120A,"Lacerat flexor musc/fasc/tend r idx fngr at wrs/hnd lv, init"
S3681XA,"Injury of peritoneum, initial encounter"
S62141A,"Disp fx of body of hamate bone, right wrist, init"
H53461,"Homonymous bilateral field defects, right side"
L519,"Erythema multiforme, unspecified"
S61343A,"Pnctr w foreign body of l mid finger w damage to nail, init"
O88811,"Other embolism in pregnancy, first trimester"
Z332,Encounter for elective termination of pregnancy
S82231A,"Displaced oblique fracture of shaft of right tibia, init"
S62632D,"Disp fx of dist phalanx of r mid fngr, 7thD"
W208XXD,"Oth cause of strike by thrown, projected or fall obj, subs"
H6981,"Other specified disorders of Eustachian tube, right ear"
S3609XA,"Other injury of spleen, initial encounter"
S72411A,"Displaced unsp condyle fx lower end of right femur, init"
H01006,"Unspecified blepharitis left eye, unspecified eyelid"
N341,Nonspecific urethritis
C7652,Malignant neoplasm of left lower limb
S90562A,"Insect bite (nonvenomous), left ankle, initial encounter"
R498,Other voice and resonance disorders
B359,"Dermatophytosis, unspecified"
K1239,Other oral mucositis (ulcerative)
S3216XA,"Type 3 fracture of sacrum, init encntr for closed fracture"
T23471A,"Corrosion of unspecified degree of right wrist, init encntr"
T2046XA,"Corrosion of unsp degree of forehead and cheek, init encntr"
S334XXA,"Traumatic rupture of symphysis pubis, initial encounter"
S0280XA,"Fx oth skull and facial bones, unspecified side, init"
S61247A,"Pnctr w fb of l little finger w/o damage to nail, init"
S7000XA,"Contusion of unspecified hip, initial encounter"
S01522A,"Laceration with foreign body of oral cavity, init encntr"
L650,Telogen effluvium
R480,Dyslexia and alexia
M7582,"Other shoulder lesions, left shoulder"
S72341A,"Displaced spiral fracture of shaft of right femur, init"
B004,Herpesviral encephalitis
T550X1A,"Toxic effect of soaps, accidental (unintentional), init"
F15222,Oth stimulant dependence w intox w perceptual disturbance
C9480,Other specified leukemias not having achieved remission
G238,Other specified degenerative diseases of basal ganglia
S51841A,"Puncture wound w foreign body of right forearm, init encntr"
S66117A,"Strain flxr musc/fasc/tend l little fngr at wrs/hnd lv, init"
Z7729,Contact with and exposure to other hazardous substances
Y92002,Bathroom of unsp non-institut (private) residence as place
W010XXS,"Fall same lev from slip/trip w/o strike agnst object, sqla"
S62122B,"Disp fx of lunate, left wrist, init encntr for open fracture"
S62002B,"Unsp fx navicular bone of left wrist, init for opn fx"
T43631A,"Poisoning by methylphenidate, accidental, init"
A5442,Gonococcal arthritis
T8183XA,"Persistent postprocedural fistula, initial encounter"
S60947A,"Unsp superficial injury of left little finger, init encntr"
C109,"Malignant neoplasm of oropharynx, unspecified"
S42141A,"Disp fx of glenoid cavity of scapula, right shoulder, init"
T2133XA,"Burn of third degree of upper back, initial encounter"
X16XXXA,"Contact w hot heating appliances, radiators and pipes, init"
C946,"Myelodysplastic disease, not classified"
N630,Unspecified lump in unspecified breast
S42255A,"Nondisp fx of greater tuberosity of left humerus, init"
L100,Pemphigus vulgaris
Y92129,Unsp place in nursing home as place
S61242A,"Pnctr w fb of r mid finger w/o damage to nail, init"
S81031A,"Puncture wound without foreign body, right knee, init encntr"
F14251,Cocaine depend w cocaine-induc psychotic disorder w hallucin
S31114D,"Lac w/o fb of abd wall, left low q w/o penet perit cav, subs"
V456XXA,"Car passenger injured in clsn w rail trn/veh in traf, init"
S02601B,"Fracture of unspecified part of body of right mandible, 7thB"
S72301B,"Unsp fx shaft of right femur, init for opn fx type I/2"
T421X5A,"Adverse effect of iminostilbenes, initial encounter"
I82511,Chronic embolism and thrombosis of right femoral vein
S0181XS,"Laceration w/o foreign body of other part of head, sequela"
W1789XS,"Other fall from one level to another, sequela"
T84115A,"Breakdown (mechanical) of int fix of left femur, init"
N83291,"Other ovarian cyst, right side"
K5931,Toxic megacolon
S65011A,"Laceration of ulnar artery at wrs/hnd lv of right arm, init"
T43206A,"Underdosing of unspecified antidepressants, init encntr"
S39840A,"Fracture of corpus cavernosum penis, initial encounter"
S21211A,"Lac w/o fb of r bk wl of thorax w/o penet thor cavity, init"
T43215A,"Advrs effect of slctv seroton/norepineph reup inhibtr, init"
L80,Vitiligo
Z96653,"Presence of artificial knee joint, bilateral"
S66812A,"Strain of musc/fasc/tend at wrs/hnd lv, left hand, init"
W16122A,"Fall into natrl body of water strk botm cause oth inj, init"
K743,Primary biliary cirrhosis
V799XXA,"Bus occupant (driver) (passenger) injured in unsp traf, init"
M66241,"Spontaneous rupture of extensor tendons, right hand"
A35,Other tetanus
O359XX0,"Maternal care for fetal abnormality and damage, unsp, unsp"
D7812,Accidental pnctr & lac of the spleen during oth procedure
G1223,Primary lateral sclerosis
M318,Other specified necrotizing vasculopathies
T404X2A,"Poisoning by oth synthetic narcotics, self-harm, init"
T23071A,"Burn of unspecified degree of right wrist, initial encounter"
X778XXA,"Intentional self-harm by other hot objects, init encntr"
K469,Unspecified abdominal hernia without obstruction or gangrene
S5702XA,"Crushing injury of left elbow, initial encounter"
S00271A,"Oth superfic bite of right eyelid and periocular area, init"
S0037XA,"Other superficial bite of nose, initial encounter"
S62366A,"Nondisp fx of neck of fifth MC bone, right hand, init"
S62639A,"Disp fx of distal phalanx of unsp finger, init for clos fx"
Y030XXA,"Assault by being hit or run over by motor vehicle, init"
T23172A,"Burn of first degree of left wrist, initial encounter"
S92102A,"Unsp fracture of left talus, init encntr for closed fracture"
V0110XA,"Ped on foot injured in collision w pedl cyc in traf, init"
M4200,"Juvenile osteochondrosis of spine, site unspecified"
R130,Aphagia
T23652A,"Corrosion of second degree of left palm, initial encounter"
T23651A,"Corrosion of second degree of right palm, initial encounter"
T23542A,"Corros first deg mult left fingers (nail), inc thumb, init"
T23541A,"Corros first deg mult right fingers (nail), inc thumb, init"
K563,Gallstone ileus
I82452,Acute embolism and thrombosis of left peroneal vein
S52302B,"Unsp fx shaft of left radius, init for opn fx type I/2"
T504X6A,"Underdosing of drugs affecting uric acid metabolism, init"
T421X6A,"Underdosing of iminostilbenes, initial encounter"
S20319A,"Abrasion of unspecified front wall of thorax, init encntr"
S4492XA,"Injury of unsp nerve at shldr/up arm, left arm, init"
S92155A,"Nondisp avuls fracture (chip fracture) of left talus, init"
D591,Other autoimmune hemolytic anemias
S41031A,"Puncture wound w/o foreign body of right shoulder, init"
S82401B,"Unsp fracture of shaft of r fibula, init for opn fx type I/2"
C710,"Malignant neoplasm of cerebrum, except lobes and ventricles"
S63266A,"Dislocation of MCP joint of right little finger, init"
M62161,"Other rupture of muscle (nontraumatic), right lower leg"
H6503,"Acute serous otitis media, bilateral"
I089,"Rheumatic multiple valve disease, unspecified"
R937,Abnormal findings on diagnostic imaging of prt ms sys
S80922A,"Unsp superficial injury of left lower leg, init encntr"
S72425A,"Nondisp fx of lateral condyle of left femur, init"
S62512B,"Disp fx of proximal phalanx of left thumb, init for opn fx"
T43201A,"Poisoning by unsp antidepressants, accidental, init"
J9809,"Other diseases of bronchus, not elsewhere classified"
M8668,"Other chronic osteomyelitis, other site"
S52322B,"Displ transverse fx shaft of l rad, init for opn fx type I/2"
F19230,"Oth psychoactive substance dependence w withdrawal, uncomp"
S62662B,"Nondisp fx of dist phalanx of r mid finger, init for opn fx"
T43295A,"Adverse effect of other antidepressants, initial encounter"
A5216,Charcot's arthropathy (tabetic)
Z8679,Personal history of other diseases of the circulatory system
R824,Acetonuria
G950,Syringomyelia and syringobulbia
I82451,Acute embolism and thrombosis of right peroneal vein
D7289,Other specified disorders of white blood cells
A281,Cat-scratch disease
C91Z0,Other lymphoid leukemia not having achieved remission
Y92832,Beach as the place of occurrence of the external cause
G231,Progressive supranuclear ophthalmoplegia
N1339,Other hydronephrosis
J0430,"Supraglottitis, unspecified, without obstruction"
N7689,Other specified inflammation of vagina and vulva
L89220,"Pressure ulcer of left hip, unstageable"
L89890,"Pressure ulcer of other site, unstageable"
S3739XA,"Other injury of urethra, initial encounter"
K8060,"Calculus of GB and bile duct w cholecyst, unsp, w/o obst"
O99353,"Diseases of the nervous sys comp pregnancy, third trimester"
N9971,Acc pnctr & lac of a GU sys org during a GU sys procedure
T83031A,"Leakage of indwelling urethral catheter, initial encounter"
C6291,"Malig neoplm of right testis, unsp descended or undescended"
I70221,"Athscl native arteries of extremities w rest pain, right leg"
I70223,"Athscl native arteries of extrm w rest pain, bilateral legs"
M1991,"Primary osteoarthritis, unspecified site"
S1189XA,"Other open wound of oth part of neck, init encntr"
M60811,"Other myositis, right shoulder"
I7772,Dissection of iliac artery
Q8740,"Marfan's syndrome, unspecified"
K2950,Unspecified chronic gastritis without bleeding
S06319A,"Contus/lac right cerebrum w LOC of unsp duration, init"
V7900XA,"Driver of bus injured in collision w unsp mv nontraf, init"
W5512XA,"Struck by horse, initial encounter"
B350,Tinea barbae and tinea capitis
M71562,"Other bursitis, not elsewhere classified, left knee"
R290,Tetany
T452X1A,"Poisoning by vitamins, accidental (unintentional), init"
V481XXA,"Car pasngr injured in nonclsn trnsp accident nontraf, init"
K9401,Colostomy hemorrhage
S2222XA,"Fracture of body of sternum, init encntr for closed fracture"
D241,Benign neoplasm of right breast
S32424A,"Nondisp fx of posterior wall of right acetabulum, init"
M898X4,"Other specified disorders of bone, hand"
Z85820,Personal history of malignant melanoma of skin
S51011D,"Laceration without foreign body of right elbow, subs encntr"
I7773,Dissection of renal artery
T380X2A,"Poisoning by glucocort/synth analog, self-harm, init"
M7712,"Lateral epicondylitis, left elbow"
S62393A,"Oth fracture of third metacarpal bone, left hand, init"
S91001A,"Unspecified open wound, right ankle, initial encounter"
I69392,Facial weakness following cerebral infarction
O9081,Anemia of the puerperium
H6593,"Unspecified nonsuppurative otitis media, bilateral"
J310,Chronic rhinitis
Z01812,Encounter for preprocedural laboratory examination
J4541,Moderate persistent asthma with (acute) exacerbation
H70891,"Other mastoiditis and related conditions, right ear"
O34591,"Maternal care for oth abnlt of gravid uterus, first tri"
Q512,Other doubling of uterus
L0291,"Cutaneous abscess, unspecified"
S72452B,"Displ suprcndl fx w/o intrcndl extn low end l femr, 7thB"
S82102A,"Unsp fracture of upper end of left tibia, init for clos fx"
M6798,"Unspecified disorder of synovium and tendon, other site"
T17298A,"Oth foreign object in pharynx causing oth injury, init"
H5509,Other forms of nystagmus
V745XXA,"Driver of bus injured in collision w hv veh in traf, init"
L02231,Carbuncle of abdominal wall
H019,Unspecified inflammation of eyelid
N39490,Overflow incontinence
G248,Other dystonia
N4839,Other priapism
S92192B,"Other fracture of left talus, init encntr for open fracture"
S92002B,"Unsp fracture of left calcaneus, init for opn fx"
S92352B,"Disp fx of fifth metatarsal bone, left foot, init for opn fx"
V224XXA,"Mtrcy driver injured in collision w 2/3-whl mv in traf, init"
S41032A,"Puncture wound w/o foreign body of left shoulder, init"
M4625,"Osteomyelitis of vertebra, thoracolumbar region"
O1205,"Gestational edema, complicating the puerperium"
Z471,Aftercare following joint replacement surgery
A049,"Bacterial intestinal infection, unspecified"
S62667A,"Nondisp fx of distal phalanx of left little finger, init"
S0091XA,"Abrasion of unspecified part of head, initial encounter"
S01451A,"Open bite of right cheek and temporomandibular area, init"
S66394A,"Inj extensor musc/fasc/tend r rng fngr at wrs/hnd lv, init"
O2311,"Infections of bladder in pregnancy, first trimester"
O0480,(Induced) termination of pregnancy with unsp complications
S91031A,"Puncture wound w/o foreign body, right ankle, init encntr"
M4807,"Spinal stenosis, lumbosacral region"
Z4589,Encounter for adjustment and management of implanted devices
Z4822,Encounter for aftercare following kidney transplant
C92Z0,Other myeloid leukemia not having achieved remission
S91301A,"Unspecified open wound, right foot, initial encounter"
S92211B,"Disp fx of cuboid bone of right foot, init for opn fx"
D539,"Nutritional anemia, unspecified"
S71101A,"Unspecified open wound, right thigh, initial encounter"
O99413,"Diseases of the circ sys comp pregnancy, third trimester"
H20022,"Recurrent acute iridocyclitis, left eye"
I82512,Chronic embolism and thrombosis of left femoral vein
G3184,"Mild cognitive impairment, so stated"
J698,Pneumonitis due to inhalation of other solids and liquids
V835XXA,"Driver of special industrial vehicle injured nontraf, init"
C711,Malignant neoplasm of frontal lobe
I255,Ischemic cardiomyopathy
F13151,Sedatv/hyp/anxiolytc abuse w psychotic disorder w hallucin
S61301A,"Unsp open wound of left index finger w damage to nail, init"
F3341,"Major depressive disorder, recurrent, in partial remission"
S68613A,"Complete traumatic trnsphal amputation of l mid finger, init"
H34231,"Retinal artery branch occlusion, right eye"
Z379,"Outcome of delivery, unspecified"
I824Z3,"Ac emblsm and thombos unsp deep veins of dist low extrm, bi"
N99512,Cystostomy malfunction
L249,"Irritant contact dermatitis, unspecified cause"
O99013,"Anemia complicating pregnancy, third trimester"
S63622A,"Sprain of interphalangeal joint of left thumb, init encntr"
K712,Toxic liver disease with acute hepatitis
M84471A,"Pathological fracture, right ankle, init encntr for fracture"
A6929,Other conditions associated with Lyme disease
V4392XA,"Unsp car occupant injured in collision w car in traf, init"
T63301A,"Toxic effect of unsp spider venom, accidental, init"
T33532A,"Superficial frostbite of left finger(s), initial encounter"
W938XXA,"Exposure to oth excessive cold of man-made origin, init"
L905,Scar conditions and fibrosis of skin
S61211S,"Laceration w/o fb of l idx fngr w/o damage to nail, sequela"
S21309A,"Unsp opn wnd unsp front wall of thrx w penet thor cav, init"
B854,Mixed pediculosis and phthiriasis
S61451D,"Open bite of right hand, subsequent encounter"
G9511,Acute infarction of spinal cord (embolic) (nonembolic)
I348,Other nonrheumatic mitral valve disorders
F5109,Oth insomnia not due to a substance or known physiol cond
V8641XA,"Person injured wh brd/alit from amblnc/fire eng, init"
V9213XA,"Drown d/t thrown ovrbrd by motion of power wtrcrft, init"
T2019XA,"Burn of first deg mult sites of head, face, and neck, init"
T22132A,"Burn of first degree of left upper arm, initial encounter"
M21821,Other specified acquired deformities of right upper arm
H0013,"Chalazion right eye, unspecified eyelid"
S51812D,"Laceration without foreign body of left forearm, subs encntr"
S12391A,"Oth nondisp fx of fourth cervical vertebra, init for clos fx"
S63105A,"Unspecified dislocation of left thumb, initial encounter"
N6012,Diffuse cystic mastopathy of left breast
K5902,Outlet dysfunction constipation
S52202A,"Unsp fracture of shaft of left ulna, init for clos fx"
O26611,"Liver and biliary tract disord in pregnancy, first trimester"
H0289,Other specified disorders of eyelid
H44112,"Panuveitis, left eye"
S46092A,"Inj musc/tend the rotator cuff of left shoulder, init"
C495,Malignant neoplasm of connective and soft tissue of pelvis
Y9351,"Activity, roller skating (inline) and skateboarding"
F5222,Female sexual arousal disorder
G2582,Stiff-man syndrome
N3944,Nocturnal enuresis
Y042XXD,"Asslt by strike agnst or bumped into by another person, subs"
H6022,"Malignant otitis externa, left ear"
R808,Other proteinuria
M5023,"Other cervical disc displacement, cervicothoracic region"
C187,Malignant neoplasm of sigmoid colon
W1801XA,"Striking against sports equipment w subsequent fall, init"
S42111B,"Disp fx of body of scapula, right shoulder, init for opn fx"
S45091A,"Oth injury of axillary artery, right side, init encntr"
Q313,Laryngocele
S59202A,"Unsp physeal fracture of lower end of radius, left arm, init"
S62615A,"Disp fx of proximal phalanx of left ring finger, init"
M24421,"Recurrent dislocation, right elbow"
Q740,"Oth congen malform of upper limb(s), inc shoulder girdle"
S56128A,"Lacerat flxr musc/fasc/tend l little fngr at forarm lv, init"
C642,"Malignant neoplasm of left kidney, except renal pelvis"
T483X5A,"Adverse effect of antitussives, initial encounter"
S14124A,"Central cord syndrome at C4, init"
V584XXA,"Prsn brd/alit pk-up/van injured in nonclsn trnsp acc, init"
M25661,"Stiffness of right knee, not elsewhere classified"
S59001A,"Unsp physeal fracture of lower end of ulna, right arm, init"
T461X1A,"Poisoning by calcium-channel blockers, accidental, init"
S76392A,"Inj msl/fasc/tnd posterior grp at thi lev, left thigh, init"
I83893,Varicose veins of bi low extrem w oth complications
S62300A,"Unsp fracture of second metacarpal bone, right hand, init"
S62302A,"Unsp fracture of third metacarpal bone, right hand, init"
S62304A,"Unsp fracture of fourth metacarpal bone, right hand, init"
A6921,Meningitis due to Lyme disease
K228,Other specified diseases of esophagus
M4316,"Spondylolisthesis, lumbar region"
T23202A,"Burn of second degree of left hand, unsp site, init encntr"
T86822,Skin graft (allograft) (autograft) infection
S61227A,"Laceration w fb of l little finger w/o damage to nail, init"
S50352A,"Superficial foreign body of left elbow, initial encounter"
W1842XA,"Slip/trip w/o falling due to step into hole or opening, init"
F5102,Adjustment insomnia
Y92239,Unsp place in hospital as place
M65341,"Trigger finger, right ring finger"
H60592,"Other noninfective acute otitis externa, left ear"
H60391,"Other infective otitis externa, right ear"
M65321,"Trigger finger, right index finger"
Z8612,Personal history of poliomyelitis
K273,"Acute peptic ulcer, site unsp, w/o hemorrhage or perforation"
S53004A,"Unspecified dislocation of right radial head, init encntr"
S32409A,"Unsp fracture of unsp acetabulum, init for clos fx"
L97909,Non-prs chronic ulc unsp prt of unsp low leg w unsp severity
H938X1,Other specified disorders of right ear
M50823,Other cervical disc disorders at C6-C7 level
S63114A,"Dislocation of MCP joint of right thumb, init"
V6940XA,"Driver of hv veh injured in clsn w unsp mv in traf, init"
E7251,Non-ketotic hyperglycinemia
S42231A,"3-part fracture of surgical neck of right humerus, init"
Z8614,Personal history of methicillin resis staph infection
N930,Postcoital and contact bleeding
I6320,Cereb infrc due to unsp occls or stenos of unsp precerb art
S83207A,"Unsp tear of unsp meniscus, current injury, left knee, init"
S42452A,"Disp fx of lateral condyle of left humerus, init for clos fx"
G5711,"Meralgia paresthetica, right lower limb"
S62332A,"Disp fx of neck of third metacarpal bone, right hand, init"
T5492XA,"Toxic effect of unsp corrosive substance, self-harm, init"
H02105,Unspecified ectropion of left lower eyelid
C07,Malignant neoplasm of parotid gland
E1141,Type 2 diabetes mellitus with diabetic mononeuropathy
S82201B,"Unsp fx shaft of right tibia, init for opn fx type I/2"
I953,Hypotension of hemodialysis
S82861A,"Displaced Maisonneuve's fracture of right leg, init"
V878XXA,"Person injured in oth nonclsn transport acc w mtr veh, init"
C7A1,Malignant poorly differentiated neuroendocrine tumors
T23452A,"Corrosion of unspecified degree of left palm, init encntr"
T23451A,"Corrosion of unspecified degree of right palm, init encntr"
S52501B,"Unsp fx the lower end of r radius, init for opn fx type I/2"
Z793,Long term (current) use of hormonal contraceptives
N022,Recurrent and perst hematur w diffuse membranous glomrlneph
L530,Toxic erythema
C481,Malignant neoplasm of specified parts of peritoneum
N62,Hypertrophy of breast
S52611B,"Disp fx of r ulna styloid process, init for opn fx type I/2"
T43021A,"Poisoning by tetracyclic antidepressants, accidental, init"
T501X1A,"Poisoning by loop diuretics, accidental, init"
S61240A,"Pnctr w foreign body of r idx fngr w/o damage to nail, init"
C7889,Secondary malignant neoplasm of other digestive organs
T23272A,"Burn of second degree of left wrist, initial encounter"
E559,"Vitamin D deficiency, unspecified"
S3719XA,"Other injury of ureter, initial encounter"
I82502,Chronic embolism and thombos unsp deep veins of l low extrem
S90421A,"Blister (nonthermal), right great toe, initial encounter"
S92151A,"Displ avulsion fracture (chip fracture) of right talus, init"
S24104A,"Unsp injury at T11-T12 level of thoracic spinal cord, init"
M19021,"Primary osteoarthritis, right elbow"
S90422A,"Blister (nonthermal), left great toe, initial encounter"
S1011XA,"Abrasion of throat, initial encounter"
F444,Conversion disorder with motor symptom or deficit
H3562,"Retinal hemorrhage, left eye"
V1940XA,"Pedl cyc driver injured in collision w unsp mv in traf, init"
Q549,"Hypospadias, unspecified"
K582,Mixed irritable bowel syndrome
S60142A,"Contusion of left ring finger w damage to nail, init encntr"
V837XXA,"Person outside special industr vehicle injured nontraf, init"
S46012A,"Strain of musc/tend the rotator cuff of left shoulder, init"
N766,Ulceration of vulva
S52325A,"Nondisp transverse fracture of shaft of left radius, init"
G0490,"Encephalitis and encephalomyelitis, unspecified"
Z9081,Acquired absence of spleen
R438,Other disturbances of smell and taste
M9732XA,"Periprosth fx around internal prosth l shoulder jt, init"
A549,"Gonococcal infection, unspecified"
S91051A,"Open bite, right ankle, initial encounter"
T420X6A,"Underdosing of hydantoin derivatives, initial encounter"
S61041A,"Pnctr w foreign body of right thumb w/o damage to nail, init"
N3081,Other cystitis with hematuria
S80852A,"Superficial foreign body, left lower leg, initial encounter"
D497,Neoplm of unsp behav of endo glands and oth prt nervous sys
H02409,Unspecified ptosis of unspecified eyelid
A071,Giardiasis [lambliasis]
T40605A,"Adverse effect of unspecified narcotics, initial encounter"
S7712XA,"Crushing injury of left thigh, initial encounter"
Y93H3,"Activity, building and construction"
Y9269,Oth industrial and construction area as place
F4312,"Post-traumatic stress disorder, chronic"
F514,Sleep terrors [night terrors]
O99311,"Alcohol use complicating pregnancy, first trimester"
K6811,Postprocedural retroperitoneal abscess
Z562,Threat of job loss
K9509,Other complications of gastric band procedure
S02621B,"Fracture of subcondylar process of right mandible, 7thB"
S0242XB,"Fracture of alveolus of maxilla, init for opn fx"
S51051A,"Open bite, right elbow, initial encounter"
V114XXA,"Pedl cyc driver injured in clsn w oth pedl cyc in traf, init"
S68127A,"Partial traumatic MCP amputation of left little finger, init"
S81832A,"Puncture wound w/o foreign body, left lower leg, init encntr"
N269,"Renal sclerosis, unspecified"
S72041A,"Disp fx of base of neck of right femur, init for clos fx"
G588,Other specified mononeuropathies
E0591,"Thyrotoxicosis, unspecified with thyrotoxic crisis or storm"
S6431XA,"Injury of digital nerve of right thumb, initial encounter"
R6259,Oth lack of expected normal physiol development in childhood
S52222A,"Displaced transverse fracture of shaft of left ulna, init"
S4351XA,"Sprain of right acromioclavicular joint, initial encounter"
Y999,Unspecified external cause status
L598,"Oth disrd of the skin, subcu related to radiation"
V5950XA,"Pasngr in pk-up/van injured in clsn w unsp mv in traf, init"
I69820,Aphasia following other cerebrovascular disease
K032,Erosion of teeth
S61039A,"Pnctr w/o foreign body of thmb w/o damage to nail, init"
S65112A,"Laceration of radial artery at wrs/hnd lv of left arm, init"
S42332B,"Displ oblique fx shaft of humerus, left arm, init for opn fx"
V280XXA,"Mtrcy driver injured in nonclsn trnsp accident nontraf, init"
S32058A,"Oth fracture of fifth lumbar vertebra, init for clos fx"
K9403,Colostomy malfunction
M71121,"Other infective bursitis, right elbow"
S62664A,"Nondisp fx of distal phalanx of right ring finger, init"
M13841,"Other specified arthritis, right hand"
Y939,"Activity, unspecified"
H73892,"Other specified disorders of tympanic membrane, left ear"
L904,Acrodermatitis chronica atrophicans
I779,"Disorder of arteries and arterioles, unspecified"
F648,Other gender identity disorders
I725,Aneurysm of other precerebral arteries
A5601,Chlamydial cystitis and urethritis
O133,"Gestational htn w/o significant proteinuria, third trimester"
S92144A,"Nondisplaced dome fracture of right talus, init for clos fx"
A6000,"Herpesviral infection of urogenital system, unspecified"
A57,Chancroid
G519,"Disorder of facial nerve, unspecified"
T463X2A,"Poisoning by coronary vasodilators, self-harm, init"
M769,"Unspecified enthesopathy, lower limb, excluding foot"
T383X6A,"Underdosing of insulin and oral hypoglycemic drugs, init"
S82462B,"Displ seg fx shaft of l fibula, init for opn fx type I/2"
S0240FB,"Zygomatic fracture, left side, 7thB"
S32019D,"Unsp fx first lum vertebra, subs for fx w routn heal"
S0300XA,"Dislocation of jaw, unspecified side, initial encounter"
N823,Fistula of vagina to large intestine
S56322A,"Lacerat extn/abdr musc/fasc/tend of l thm at forarm lv, init"
S93114A,"Dislocation of interphaln joint of right lesser toe(s), init"
S7222XB,"Displaced subtrochnt fx left femur, init for opn fx type I/2"
F1111,"Opioid abuse, in remission"
T82191A,"Mech compl of cardiac pulse generator (battery), init encntr"
W268XXD,"Contact with other sharp object(s), NEC, subs"
M79A21,Nontraumatic compartment syndrome of right lower extremity
T22011A,"Burn of unspecified degree of right forearm, init encntr"
M5081,"Other cervical disc disorders, high cervical region"
Z9911,Dependence on respirator [ventilator] status
T24132A,"Burn of first degree of left lower leg, initial encounter"
S71011A,"Laceration without foreign body, right hip, init encntr"
W273XXA,"Contact with needle (sewing), initial encounter"
T524X1A,"Toxic effect of ketones, accidental (unintentional), init"
T2692XA,"Corrosion of left eye and adnexa, part unsp, init encntr"
R859,Unsp abnormal finding in specimens from dgstv org/abd cav
H1130,"Conjunctival hemorrhage, unspecified eye"
S36032D,"Major laceration of spleen, subsequent encounter"
Z48811,Encntr for surgical aftcr fol surgery on the nervous sys
S76121A,"Laceration of right quadriceps musc/fasc/tend, init"
J853,Abscess of mediastinum
S62515A,"Nondisp fx of proximal phalanx of left thumb, init"
S60552A,"Superficial foreign body of left hand, initial encounter"
S92021A,"Disp fx of anterior process of right calcaneus, init"
S92011A,"Disp fx of body of right calcaneus, init for clos fx"
T485X1A,"Poisoning by oth anti-cmn-cold drugs, accidental, init"
F15229,"Other stimulant dependence with intoxication, unspecified"
F1914,Oth psychoactive substance abuse w mood disorder
Q321,Other congenital malformations of trachea
O891,Cardiac complications of anesthesia during the puerperium
S30850A,"Superficial foreign body of lower back and pelvis, init"
M2672,Alveolar mandibular hyperplasia
G2589,Other specified extrapyramidal and movement disorders
C249,"Malignant neoplasm of biliary tract, unspecified"
B49,Unspecified mycosis
T383X2A,"Poisn by insulin and oral hypoglycemic drugs, slf-hrm, init"
E1021,Type 1 diabetes mellitus with diabetic nephropathy
G369,"Acute disseminated demyelination, unspecified"
F531,Puerperal psychosis
S0219XB,"Oth fracture of base of skull, init encntr for open fracture"
G062,"Extradural and subdural abscess, unspecified"
Z0471,Encntr for exam and obs fol alleged adult physical abuse
R54,Age-related physical debility
S31154A,"Open bite of abd wall, left low q w/o penet perit cav, init"
S21152A,"Open bite of l frnt wl of thorax w/o penet thor cavity, init"
S31159D,"Open bite of abd wall, unsp q w/o penet perit cav, subs"
W503XXD,"Accidental bite by another person, subsequent encounter"
I501,"Left ventricular failure, unspecified"
S66191A,"Inj flexor musc/fasc/tend l idx fngr at wrs/hnd lv, init"
S42132B,"Disp fx of coracoid process, left shoulder, init for opn fx"
S52122B,"Disp fx of head of left radius, init for opn fx type I/2"
L97525,Non-prs chr ulc oth prt l foot with msl invl w/o evd of necr
Z729,"Problem related to lifestyle, unspecified"
S01401A,"Unsp open wound of right cheek and TMJ area, init"
X749XXA,"Intentional self-harm by unsp firearm discharge, init encntr"
I63331,Cerebral infrc due to thombos of right post cerebral artery
S61345A,"Pnctr w foreign body of l rng fngr w damage to nail, init"
T800XXA,"Air embolism fol infusion, tranfs and theraputc inject, init"
M24841,"Oth specific joint derangements of right hand, NEC"
M24444,"Recurrent dislocation, right finger"
R491,Aphonia
I824Y1,Ac emblsm and thombos unsp deep veins of r prox low extrm
H81391,"Other peripheral vertigo, right ear"
A219,"Tularemia, unspecified"
S72352B,"Displ commnt fx shaft of l femur, init for opn fx type I/2"
T443X2A,"Poisn by oth parasympath and spasmolytics, self-harm, init"
M2662,Arthralgia of temporomandibular joint
R392,Extrarenal uremia
M4180,"Other forms of scoliosis, site unspecified"
S42132A,"Disp fx of coracoid process, left shoulder, init for clos fx"
H33321,"Round hole, right eye"
T22311A,"Burn of third degree of right forearm, initial encounter"
Y35891A,"Legal intervnt w oth means, law enforc offl injured, init"
S29091A,"Inj muscle and tendon of front wall of thorax, init encntr"
V9206XA,"Drown due to fall off (nonpowered) inflatable craft, init"
M4648,"Discitis, unspecified, sacral and sacrococcygeal region"
M79A12,Nontraumatic compartment syndrome of left upper extremity
T498X1A,"Poisoning by oth topical agents, accidental, init"
S62666A,"Nondisp fx of distal phalanx of right little finger, init"
S42012A,"Anterior disp fx of sternal end of left clavicle, init"
A5449,Gonococcal infection of other musculoskeletal tissue
T23122A,"Burn first degree of single l finger except thumb, init"
Z931,Gastrostomy status
C181,Malignant neoplasm of appendix
F15951,"Oth stim use, unsp w stim-induce psych disorder w hallucin"
F89,Unspecified disorder of psychological development
N3943,Post-void dribbling
T671XXA,"Heat syncope, initial encounter"
Y92018,Oth place in single-family (private) house as place
O10912,"Unsp pre-existing htn comp pregnancy, second trimester"
S15199A,"Oth injury of unspecified vertebral artery, init encntr"
S91204A,"Unsp opn wnd right lesser toe(s) w damage to nail, init"
E09649,Drug/chem diabetes mellitus w hypoglycemia w/o coma
T8029XA,"Infct fol oth infusion, transfuse and theraputc inject, init"
B964,Proteus (mirabilis) (morganii) causing dis classd elswhr
X158XXA,"Contact with other hot household appliances, init encntr"
S31111A,"Lac w/o fb of abd wall, l upr q w/o penet perit cav, init"
T43501A,"Poisoning by unsp antipsychot/neurolept, accidental, init"
T2631XA,"Burns of oth parts of right eye and adnexa, init encntr"
N99841,Postproc hematoma of a GU sys org following other procedure
K1231,Oral mucositis (ulcerative) due to antineoplastic therapy
S31110A,"Lac w/o fb of abd wall, r upper q w/o penet perit cav, init"
S20469A,"Insect bite (nonvenomous) of unsp back wall of thorax, init"
Z85831,Personal history of malignant neoplasm of soft tissue
T84216A,"Breakdown (mechanical) of int fix of vertebrae, init"
S66811A,"Strain of musc/fasc/tend at wrs/hnd lv, right hand, init"
A3790,"Whooping cough, unspecified species without pneumonia"
T41295A,"Adverse effect of other general anesthetics, init encntr"
Y92530,Ambulatory surgery center as place
H918X2,"Other specified hearing loss, left ear"
S93505A,"Unspecified sprain of left lesser toe(s), initial encounter"
G5632,"Lesion of radial nerve, left upper limb"
S02631A,"Fracture of coronoid process of right mandible, init"
S91211A,"Laceration w/o fb of right great toe w damage to nail, init"
S66321A,"Lacerat extn musc/fasc/tend l idx fngr at wrs/hnd lv, init"
Z430,Encounter for attention to tracheostomy
T66XXXA,"Radiation sickness, unspecified, initial encounter"
S31115A,"Lac w/o fb of abd wl, periumb rgn w/o penet perit cav, init"
W228XXS,"Striking against or struck by other objects, sequela"
O4432,"Partial placenta previa with hemorrhage, second trimester"
L219,"Seborrheic dermatitis, unspecified"
M21332,"Wrist drop, left wrist"
S63064A,"Disloc of MC (bone), proximal end of right hand, init"
S64495A,"Injury of digital nerve of left ring finger, init encntr"
E1039,Type 1 diabetes w oth diabetic ophthalmic complication
X028XXA,"Oth exposure to controlled fire in bldg, init"
I50810,"Right heart failure, unspecified"
K315,Obstruction of duodenum
G479,"Sleep disorder, unspecified"
S43421A,"Sprain of right rotator cuff capsule, initial encounter"
S61011S,"Laceration w/o fb of right thumb w/o damage to nail, sequela"
T494X1A,"Poisoning by keratolyt/keratplst/hair trmt drug, acc, init"
L235,Allergic contact dermatitis due to other chemical products
S90451A,"Superficial foreign body, right great toe, initial encounter"
K8581,Other acute pancreatitis with uninfected necrosis
W138XXA,"Fall from, out of or through oth building or structure, init"
A2789,Other forms of leptospirosis
H04301,Unspecified dacryocystitis of right lacrimal passage
I82702,Chronic embolism and thombos unsp veins of l up extrem
S53015A,"Anterior dislocation of left radial head, initial encounter"
S21102A,"Unsp opn wnd l frnt wl of thorax w/o penet thor cavity, init"
D729,"Disorder of white blood cells, unspecified"
S52515A,"Nondisp fx of left radial styloid process, init for clos fx"
E1049,Type 1 diabetes w oth diabetic neurological complication
S4382XA,"Sprain of oth parts of left shoulder girdle, init encntr"
Z20811,Contact with and (suspected) exposure to meningococcus
T2007XA,"Burn of unspecified degree of neck, initial encounter"
T380X1A,"Poisoning by glucocort/synth analog, accidental, init"
C480,Malignant neoplasm of retroperitoneum
S76301A,"Unsp inj msl/fasc/tnd post grp at thi lev, right thigh, init"
G5793,Unspecified mononeuropathy of bilateral lower limbs
I5042,Chronic combined systolic and diastolic hrt fail
S52621G,"Torus fx lower end of right ulna, subs for fx w delay heal"
O1413,"Severe pre-eclampsia, third trimester"
L03818,Cellulitis of other sites
L89329,"Pressure ulcer of left buttock, unspecified stage"
M879,"Osteonecrosis, unspecified"
L89314,"Pressure ulcer of right buttock, stage 4"
T63481A,"Toxic effect of venom of arthropod, accidental, init"
G40A09,"Absence epileptic syndrome, not intractable, w/o stat epi"
S62514A,"Nondisp fx of proximal phalanx of right thumb, init"
T504X5A,"Adverse effect of drugs affecting uric acid metabolism, init"
T85840A,"Pain due to nervous system prosth dev/grft, init"
T82818A,"Embolism due to vascular prosth dev/grft, initial encounter"
K0381,Cracked tooth
L42,Pityriasis rosea
V0400XA,"Ped on foot injured in collision w hv veh nontraf, init"
S43011A,"Anterior subluxation of right humerus, initial encounter"
L97119,Non-pressure chronic ulcer of right thigh with unsp severity
S61212S,"Lac w/o fb of r mid finger w/o damage to nail, sequela"
S61502A,"Unspecified open wound of left wrist, initial encounter"
S31129A,"Lacerat abd wall w fb, unsp q w/o penet perit cav, init"
S36531A,"Laceration of transverse colon, initial encounter"
T194XXA,"Foreign body in penis, initial encounter"
O0337,Sepsis following incomplete spontaneous abortion
O23592,"Infection oth prt genitl trct in pregnancy, second trimester"
B078,Other viral warts
I5043,Acute on chronic combined systolic and diastolic hrt fail
T8509XA,"Mech compl of ventricular intracranial shunt, init"
S22008A,"Oth fracture of unsp thoracic vertebra, init for clos fx"
V940XXA,"Hitting obj/botm of body of wtr d/t fall from wtrcrft, init"
M00831,"Arthritis due to other bacteria, right wrist"
H66003,"Acute suppr otitis media w/o spon rupt ear drum, bilateral"
H6023,"Malignant otitis externa, bilateral"
W052XXA,"Fall from non-moving motorized mobility scooter, init encntr"
O1203,"Gestational edema, third trimester"
Z933,Colostomy status
S43031A,"Inferior subluxation of right humerus, initial encounter"
R1115,Cyclical vomiting syndrome unrelated to migraine
G43A1,"Cyclical vomiting, intractable"
T2013XA,"Burn of first degree of chin, initial encounter"
T22111A,"Burn of first degree of right forearm, initial encounter"
S02110A,"Type I occipital condyle fracture, unspecified side, init"
S90922A,"Unspecified superficial injury of left foot, init encntr"
B0231,Zoster conjunctivitis
G9761,Postp hematoma of a nervous sys org fol a nervous sys proc
W16012A,"Fall into swimming pool strk surfc causing oth injury, init"
I280,Arteriovenous fistula of pulmonary vessels
S42152A,"Disp fx of neck of scapula, left shoulder, init for clos fx"
T50Z15A,"Adverse effect of immunoglobulin, initial encounter"
S62601B,"Fracture of unsp phalanx of l idx fngr, init for opn fx"
S62502B,"Fracture of unsp phalanx of left thumb, init for opn fx"
T80211A,"Bloodstream infection due to central venous catheter, init"
F409,"Phobic anxiety disorder, unspecified"
S81012D,"Laceration without foreign body, left knee, subs encntr"
S60462A,"Insect bite (nonvenomous) of right middle finger, init"
F5002,"Anorexia nervosa, binge eating/purging type"
S0542XD,"Penetrating wound of orbit w or w/o fb, left eye, subs"
R831,Abnormal level of hormones in cerebrospinal fluid
R3911,Hesitancy of micturition
M76822,"Posterior tibial tendinitis, left leg"
S62394A,"Oth fracture of fourth metacarpal bone, right hand, init"
T2022XA,"Burn of second degree of lip(s), initial encounter"
S52021B,"Disp fx of olecran pro w/o intartic extn r ulna, 7thB"
S61442A,"Puncture wound with foreign body of left hand, init encntr"
M86161,"Other acute osteomyelitis, right tibia and fibula"
S60465A,"Insect bite (nonvenomous) of left ring finger, init encntr"
K9589,Other complications of other bariatric procedure
T603X1A,"Toxic effect of herbicides and fungicides, accidental, init"
G43911,"Migraine, unspecified, intractable, with status migrainosus"
L409,"Psoriasis, unspecified"
S72121A,"Disp fx of lesser trochanter of right femur, init"
K08539,"Fractured dental restorative material, unspecified"
S01531A,"Puncture wound without foreign body of lip, init encntr"
M5030,"Other cervical disc degeneration, unsp cervical region"
T2116XA,"Burn of first degree of male genital region, init encntr"
T24111A,"Burn of first degree of right thigh, initial encounter"
G5792,Unspecified mononeuropathy of left lower limb
S02109A,"Fracture of base of skull, unspecified side, init"
S91132A,"Pnctr w/o fb of left great toe w/o damage to nail, init"
M86111,"Other acute osteomyelitis, right shoulder"
M1258,"Traumatic arthropathy, other specified site"
F488,Other specified nonpsychotic mental disorders
M4628,"Osteomyelitis of vertebra, sacral and sacrococcygeal region"
S71112D,"Laceration without foreign body, left thigh, subs encntr"
F15959,"Oth stimulant use, unsp w stim-induce psych disorder, unsp"
T25232A,"Burn of second degree of left toe(s) (nail), init encntr"
S381XXA,"Crushing injury of abdomen, lower back, and pelvis, init"
B352,Tinea manuum
G5641,Causalgia of right upper limb
G5782,Other specified mononeuropathies of left lower limb
N758,Other diseases of Bartholin's gland
S73012A,"Posterior subluxation of left hip, initial encounter"
S32492D,"Oth fracture of left acetabulum, subs for fx w routn heal"
S29002A,"Unsp injury of msl/tnd of back wall of thorax, init"
O98513,"Other viral diseases complicating pregnancy, third trimester"
H9190,"Unspecified hearing loss, unspecified ear"
J180,"Bronchopneumonia, unspecified organism"
F3111,"Bipolar disord, crnt episode manic w/o psych features, mild"
S53124A,"Posterior dislocation of right ulnohumeral joint, init"
S76312A,"Strain of msl/fasc/tnd post grp at thi lev, left thigh, init"
I6330,Cerebral infarction due to thombos unsp cerebral artery
E11641,Type 2 diabetes mellitus with hypoglycemia with coma
S339XXA,"Sprain of unsp parts of lumbar spine and pelvis, init encntr"
F5001,"Anorexia nervosa, restricting type"
M26602,"Left temporomandibular joint disorder, unspecified"
M84421A,"Pathological fracture, right humerus, init for fx"
S52572B,"Oth intartic fx lower end left rad, init for opn fx type I/2"
S62367A,"Nondisp fx of neck of fifth metacarpal bone, left hand, init"
S60460A,"Insect bite (nonvenomous) of right index finger, init encntr"
Y93H2,"Activity, gardening and landscaping"
K381,Appendicular concretions
C519,"Malignant neoplasm of vulva, unspecified"
S41151A,"Open bite of right upper arm, initial encounter"
E1139,Type 2 diabetes w oth diabetic ophthalmic complication
S92344A,"Nondisp fx of fourth metatarsal bone, right foot, init"
S06321A,"Contus/lac left cerebrum w LOC of 30 minutes or less, init"
S52012A,"Torus fracture of upper end of left ulna, init for clos fx"
S8262XB,"Disp fx of lateral malleolus of l fibula, 7thB"
B871,Wound myiasis
K35890,Other acute appendicitis without perforation or gangrene
M25652,"Stiffness of left hip, not elsewhere classified"
V455XXA,"Car driver injured in collision w rail trn/veh in traf, init"
F19929,"Oth psychoactive substance use, unsp with intoxication, unsp"
S62511A,"Disp fx of proximal phalanx of right thumb, init for clos fx"
S52351B,"Displ commnt fx shaft of rad, r arm, 7thB"
S02118B,"Other fracture of occiput, unspecified side, 7thB"
F519,"Sleep disorder not due to a sub or known physiol cond, unsp"
J989,"Respiratory disorder, unspecified"
M25271,"Flail joint, right ankle and foot"
S6492XA,"Injury of unsp nerve at wrs/hnd lv of left arm, init"
T2000XA,"Burn of unsp degree of head, face, and neck, unsp site, init"
W2219XA,"Striking against or struck by oth automobile airbag, init"
M5414,"Radiculopathy, thoracic region"
K044,Acute apical periodontitis of pulpal origin
V599XXA,"Occupant (driver) of pk-up/van injured in unsp traf, init"
M07621,"Enteropathic arthropathies, right elbow"
S60862A,"Insect bite (nonvenomous) of left wrist, initial encounter"
S82032B,"Displ transverse fx left patella, init for opn fx type I/2"
S52091B,"Oth fx upper end of right ulna, init for opn fx type I/2"
E509,"Vitamin A deficiency, unspecified"
S5422XA,"Injury of radial nerve at forearm level, left arm, init"
S01422D,"Laceration w foreign body of left cheek and TMJ area, subs"
M10031,"Idiopathic gout, right wrist"
L850,Acquired ichthyosis
M71561,"Other bursitis, not elsewhere classified, right knee"
K460,"Unsp abdominal hernia with obstruction, without gangrene"
S82221B,"Displ transverse fx shaft of r tibia, 7thB"
M19071,"Primary osteoarthritis, right ankle and foot"
E000,"Congenital iodine-deficiency syndrome, neurological type"
S0090XD,"Unsp superficial injury of unsp part of head, subs encntr"
S42401B,"Unsp fracture of lower end of right humerus, init for opn fx"
G5791,Unspecified mononeuropathy of right lower limb
M3131,Wegener's granulomatosis with renal involvement
V635XXA,"Driver of hv veh inj pick-up truck, pk-up/van in traf, init"
M25569,Pain in unspecified knee
A938,Other specified arthropod-borne viral fevers
Z464,Encounter for fitting and adjustment of orthodontic device
H16141,"Punctate keratitis, right eye"
H8102,"Meniere's disease, left ear"
H81392,"Other peripheral vertigo, left ear"
S31133A,"Pnctr of abd wall w/o fb, r low q w/o penet perit cav, init"
L4052,Psoriatic arthritis mutilans
Z8611,Personal history of tuberculosis
T8143XA,"Infct fol a procedure, organ and space surgical site, init"
H5441,"Blindness, right eye, normal vision left eye"
H44812,"Hemophthalmos, left eye"
M6289,Other specified disorders of muscle
S82845A,"Nondisplaced bimalleolar fracture of left lower leg, init"
X76XXXA,"Intentional self-harm by smoke, fire and flames, init encntr"
M25452,"Effusion, left hip"
T2210XA,"Burn first deg of shldr/up lmb, ex wrs/hnd, unsp site, init"
E669,"Obesity, unspecified"
R3914,Feeling of incomplete bladder emptying
S42461A,"Disp fx of medial condyle of right humerus, init for clos fx"
Q431,Hirschsprung's disease
S42192B,"Fracture oth prt scapula, left shoulder, init for opn fx"
V667XXA,"Person outsd hv veh inj in clsn w nonmtr veh in traf, init"
C8350,"Lymphoblastic (diffuse) lymphoma, unspecified site"
E1011,Type 1 diabetes mellitus with ketoacidosis with coma
N6311,"Unspecified lump in the right breast, upper outer quadrant"
V4342XA,"Prsn brd/alit a car injured in collision w car, init"
T8132XA,"Disruption of internal operation (surgical) wound, NEC, init"
M898X7,"Other specified disorders of bone, ankle and foot"
S8782XA,"Crushing injury of left lower leg, initial encounter"
V644XXA,"Prsn brd/alit hv veh inj in clsn w hv veh wh brd/alit, init"
S06341A,"Traum hemor right cerebrum w LOC of 30 minutes or less, init"
K5281,Eosinophilic gastritis or gastroenteritis
H268,Other specified cataract
Z1389,Encounter for screening for other disorder
G547,Phantom limb syndrome without pain
Q992,Fragile X chromosome
T43225A,"Adverse effect of selective serotonin reuptake inhibtr, init"
S13181A,"Dislocation of C7/T1 cervical vertebrae, initial encounter"
Z4502,Encntr for adjust and mgmt of automatic implntbl card defib
D681,Hereditary factor XI deficiency
J1520,"Pneumonia due to staphylococcus, unspecified"
T84129A,"Displacement of int fix of unsp bone of limb, init"
N3010,Interstitial cystitis (chronic) without hematuria
Z30012,Encounter for prescription of emergency contraception
L602,Onychogryphosis
S5401XA,"Injury of ulnar nerve at forearm level, right arm, init"
E278,Other specified disorders of adrenal gland
T1491XA,"Suicide attempt, initial encounter"
G44311,"Acute post-traumatic headache, intractable"
J399,"Disease of upper respiratory tract, unspecified"
H1820,Unspecified corneal edema
S06351A,"Traum hemor left cerebrum w LOC of 30 minutes or less, init"
S31613A,"Lac w/o fb of abd wall, right low q w penet perit cav, init"
O8609,"Infection of obstetric surgical wound, other surgical site"
H59311,Postproc hemor of right eye and adnexa fol an opth procedure
C419,"Malignant neoplasm of bone and articular cartilage, unsp"
G2119,Other drug induced secondary parkinsonism
T365X5A,"Adverse effect of aminoglycosides, initial encounter"
R41840,Attention and concentration deficit
S0082XA,"Blister (nonthermal) of other part of head, init encntr"
M65311,"Trigger thumb, right thumb"
G5702,"Lesion of sciatic nerve, left lower limb"
G43D0,"Abdominal migraine, not intractable"
G478,Other sleep disorders
B358,Other dermatophytoses
E103293,"Type 1 diab with mild nonp rtnop without macular edema, bi"
S062X7A,"Diffuse TBI w LOC w death due to brain injury bf consc, init"
G300,Alzheimer's disease with early onset
S71122D,"Laceration with foreign body, left thigh, subs encntr"
M84521A,"Pathological fracture in neoplastic disease, r humerus, init"
N94819,"Vulvodynia, unspecified"
F1097,"Alcohol use, unsp with alcohol-induced persisting dementia"
S42115B,"Nondisp fx of body of scapula, l shoulder, init for opn fx"
H93A1,"Pulsatile tinnitus, right ear"
M1120,"Other chondrocalcinosis, unspecified site"
F6810,"Factitious disorder imposed on self, unspecified"
R850,Abn lev enzymes in specimens from dgstv org/abd cav
Q871,Congenital malform syndromes predom assoc w short stature
S62241A,"Disp fx of shaft of first metacarpal bone, right hand, init"
M84477A,"Pathological fracture, right toe(s), init for fx"
S6991XD,"Unsp injury of right wrist, hand and finger(s), subs encntr"
I675,Moyamoya disease
M7752,Other enthesopathy of left foot
A4150,"Gram-negative sepsis, unspecified"
H8103,"Meniere's disease, bilateral"
M67441,"Ganglion, right hand"
S62627A,"Disp fx of middle phalanx of left little finger, init"
R9401,Abnormal electroencephalogram [EEG]
L52,Erythema nodosum
G43009,"Migraine w/o aura, not intractable, w/o status migrainosus"
B961,Klebsiella pneumoniae as the cause of diseases classd elswhr
H518,Other specified disorders of binocular movement
D431,"Neoplasm of uncertain behavior of brain, infratentorial"
Z701,Counseling related to patient's sexual behavior and orientn
S56522A,"Lacerat extn musc/fasc/tend at forarm lv, left arm, init"
F19220,"Oth psychoactive substance dependence w intoxication, uncomp"
I308,Other forms of acute pericarditis
T656X1A,"Toxic effect of paints and dyes, NEC, accidental, init"
F14121,Cocaine abuse with intoxication with delirium
S31824A,"Puncture wound w foreign body of left buttock, init encntr"
M7601,"Gluteal tendinitis, right hip"
S63634A,"Sprain of interphalangeal joint of right ring finger, init"
A691,Other Vincent's infections
S72452A,"Displ suprcndl fx w/o intrcndl extn lower end l femur, init"
T24011A,"Burn of unspecified degree of right thigh, initial encounter"
M792,"Neuralgia and neuritis, unspecified"
M76892,"Oth enthesopathies of left lower limb, excluding foot"
A601,Herpesviral infection of perianal skin and rectum
T8351XA,"Infect/inflm reaction due to indwell urinary catheter, init"
S92222A,"Disp fx of lateral cuneiform of left foot, init for clos fx"
F16120,"Hallucinogen abuse with intoxication, uncomplicated"
V104XXA,"Pedl cyc driver injured in clsn w ped/anml in traf, init"
T23421A,"Corros unsp degree of single r finger except thumb, init"
S62612B,"Disp fx of proximal phalanx of r mid finger, init for opn fx"
S62625B,"Disp fx of middle phalanx of left ring finger, 7thB"
S42025A,"Nondisp fx of shaft of left clavicle, init for clos fx"
B2700,Gammaherpesviral mononucleosis without complication
M5384,"Other specified dorsopathies, thoracic region"
Z3492,"Encntr for suprvsn of normal preg, unsp, second trimester"
Y92814,Boat as the place of occurrence of the external cause
T24222A,"Burn of second degree of left knee, initial encounter"
S63614A,"Unspecified sprain of right ring finger, initial encounter"
S22018A,"Oth fracture of first thoracic vertebra, init for clos fx"
S52221A,"Displaced transverse fracture of shaft of right ulna, init"
K08119,"Complete loss of teeth due to trauma, unspecified class"
H65192,"Other acute nonsuppurative otitis media, left ear"
Y836,"Remov org (total) cause abn react/compl, w/o misadvnt"
S62390B,"Oth fx second metacarpal bone, right hand, init for opn fx"
V2949XA,"Mtrcy driver injured in collision w oth mv in traf, init"
R296,Repeated falls
S61220A,"Laceration w fb of r idx fngr w/o damage to nail, init"
S91151A,"Open bite of right great toe w/o damage to nail, init encntr"
Y741,Theraputc and rehab gen hosp/persnl-use dev assoc w incdt
T2040XA,"Corros unsp degree of head, face, and neck, unsp site, init"
T2240XA,"Corros unsp deg of shldr/up lmb, ex wrs/hnd, unsp site, init"
H9222,"Otorrhagia, left ear"
S60414A,"Abrasion of right ring finger, initial encounter"
S67197A,"Crushing injury of left little finger, initial encounter"
S0083XD,"Contusion of other part of head, subsequent encounter"
O3432,"Maternal care for cervical incompetence, second trimester"
O24311,"Unsp pre-existing diabetes in pregnancy, first trimester"
O161,"Unspecified maternal hypertension, first trimester"
R311,Benign essential microscopic hematuria
M898X0,"Other specified disorders of bone, multiple sites"
T85858A,"Stenosis due to other internal prosth dev/grft, init"
H15001,"Unspecified scleritis, right eye"
G545,Neuralgic amyotrophy
O0932,"Suprvsn of preg w insufficient antenat care, second tri"
V615XXA,"Driver of hv veh injured in clsn w pedl cyc in traf, init"
C768,Malignant neoplasm of other specified ill-defined sites
S92322B,"Disp fx of second metatarsal bone, l foot, init for opn fx"
S62644A,"Nondisp fx of proximal phalanx of right ring finger, init"
K118,Other diseases of salivary glands
L819,"Disorder of pigmentation, unspecified"
F16921,"Hallucinogen use, unsp with intoxication with delirium"
S71122A,"Laceration with foreign body, left thigh, initial encounter"
W16022A,"Fall into swimming pool strk bottom causing oth injury, init"
S52615A,"Nondisp fx of left ulna styloid process, init for clos fx"
M1A0621,"Idiopathic chronic gout, left knee, with tophus (tophi)"
S8492XA,"Injury of unsp nerve at lower leg level, left leg, init"
C50922,Malignant neoplasm of unspecified site of left male breast
D8940,"Mast cell activation, unspecified"
V281XXA,"Mtrcy pasngr injured in nonclsn trnsp accident nontraf, init"
S52211A,"Greenstick fracture of shaft of right ulna, init for clos fx"
I69320,Aphasia following cerebral infarction
H61891,Other specified disorders of right external ear
S066X0D,"Traum subrac hem w/o loss of consciousness, subs"
S06330D,"Contus/lac cereb, w/o loss of consciousness, subs"
H6021,"Malignant otitis externa, right ear"
R258,Other abnormal involuntary movements
I6359,Cereb infrc due to unsp occls or stenosis of cerebral artery
S065X7A,"Traum subdr hem w LOC w dth d/t brain inj bef reg consc,init"
J3801,"Paralysis of vocal cords and larynx, unilateral"
H61899,"Other specified disorders of external ear, unspecified ear"
V8666XA,"Pasngr of dirt bike or motor/cross bike inj nontraf, init"
M4696,"Unspecified inflammatory spondylopathy, lumbar region"
E531,Pyridoxine deficiency
S00219A,"Abrasion of unsp eyelid and periocular area, init encntr"
D1802,Hemangioma of intracranial structures
W091XXA,"Fall from playground swing, initial encounter"
S62620B,"Disp fx of middle phalanx of right index finger, 7thB"
W2102XD,"Struck by soccer ball, subsequent encounter"
S82202C,"Unsp fx shaft of left tibia, init for opn fx type 3A/B/C"
S32465A,"Nondisp associated transv/post fx left acetabulum, init"
I358,Other nonrheumatic aortic valve disorders
Z9484,Stem cells transplant status
E1311,Oth diabetes mellitus with ketoacidosis with coma
T881XXA,"Oth complications following immunization, NEC, init"
S32008A,"Oth fracture of unsp lumbar vertebra, init for clos fx"
G40109,"Local-rel symptc epi w simp prt seiz,not ntrct, w/o stat epi"
S52352B,"Displ commnt fx shaft of rad, l arm, 7thB"
T496X1A,"Poisoning by otorhino drugs and prep, accidental, init"
S60052A,"Contusion of left little finger w/o damage to nail, init"
S36420A,"Contusion of duodenum, initial encounter"
S42402B,"Unsp fracture of lower end of left humerus, init for opn fx"
S83014A,"Lateral dislocation of right patella, initial encounter"
E89810,Postproc hemor of an endo sys org fol an endo sys procedure
G5732,"Lesion of lateral popliteal nerve, left lower limb"
T84110A,"Breakdown (mechanical) of int fix of right humerus, init"
T819XXA,"Unspecified complication of procedure, initial encounter"
G5731,"Lesion of lateral popliteal nerve, right lower limb"
H53133,"Sudden visual loss, bilateral"
M8568,"Other cyst of bone, other site"
S01552A,"Open bite of oral cavity, initial encounter"
S68616A,"Complete traumatic trnsphal amp of r little finger, init"
L932,Other local lupus erythematosus
S52513A,"Disp fx of unsp radial styloid process, init for clos fx"
S2691XA,"Contusion of heart, unsp w or w/o hemopericardium, init"
J95851,Ventilator associated pneumonia
T8172XA,"Complication of vein following a procedure, NEC, init"
I80232,Phlebitis and thrombophlebitis of left tibial vein
T50Z95A,"Adverse effect of vaccines and biological substances, init"
K599,"Functional intestinal disorder, unspecified"
R10829,"Rebound abdominal tenderness, unspecified site"
V0210XA,"Ped on foot injured in collision w 2/3-whl mv in traf, init"
S82221A,"Displaced transverse fracture of shaft of right tibia, init"
Q278,Oth congenital malformations of peripheral vascular system
J0511,Acute epiglottitis with obstruction
O98312,"Oth infect w sexl mode of transmiss comp preg, second tri"
F10920,"Alcohol use, unspecified with intoxication, uncomplicated"
S142XXA,"Injury of nerve root of cervical spine, initial encounter"
S82222B,"Displ transverse fx shaft of l tibia, 7thB"
S82461A,"Displaced segmental fracture of shaft of right fibula, init"
N411,Chronic prostatitis
H52522,"Paresis of accommodation, left eye"
W182XXS,"Fall in (into) shower or empty bathtub, sequela"
S72122A,"Disp fx of lesser trochanter of left femur, init for clos fx"
Q2732,Arteriovenous malformation of vessel of lower limb
T39091A,"Poisoning by salicylates, accidental (unintentional), init"
C7970,Secondary malignant neoplasm of unspecified adrenal gland
T2220XA,"Burn second deg of shldr/up lmb, ex wrs/hnd, unsp site, init"
T2010XA,"Burn first degree of head, face, and neck, unsp site, init"
S61325A,"Laceration w fb of l rng fngr w damage to nail, init"
R5083,Postvaccination fever
S7225XA,"Nondisplaced subtrochanteric fracture of left femur, init"
S32012A,"Unstable burst fracture of first lumbar vertebra, init"
R143,Flatulence
M67431,"Ganglion, right wrist"
S36115A,"Moderate laceration of liver, initial encounter"
M50221,Other cervical disc displacement at C4-C5 level
T17898A,"Oth forn object in oth prt resp tract cause oth injury, init"
S42421A,"Displ commnt suprcndl fx w/o intrcndl fx r humerus, init"
V200XXA,"Mtrcy driver injured in collision w ped/anml nontraf, init"
S68111A,"Complete traumatic MCP amputation of left index finger, init"
S0102XA,"Laceration with foreign body of scalp, initial encounter"
W39XXXA,"Discharge of firework, initial encounter"
T410X2A,"Poisoning by inhaled anesthetics, self-harm, init"
C8520,"Mediastinal (thymic) large B-cell lymphoma, unspecified site"
F10221,Alcohol dependence with intoxication delirium
R4583,"Excessive crying of child, adolescent or adult"
T3695XA,"Adverse effect of unsp systemic antibiotic, init encntr"
M5032,"Other cervical disc degeneration, mid-cervical region"
O2251,"Cerebral venous thrombosis in pregnancy, first trimester"
L97522,Non-prs chronic ulcer oth prt left foot w fat layer exposed
S8701XA,"Crushing injury of right knee, initial encounter"
I9751,Acc pnctr & lac of a circ sys org during a circ sys proc
L928,"Oth granulomatous disorders of the skin, subcu"
S91331D,"Puncture wound without foreign body, right foot, subs encntr"
W450XXD,"Nail entering through skin, subsequent encounter"
G5701,"Lesion of sciatic nerve, right lower limb"
C241,Malignant neoplasm of ampulla of Vater
W504XXA,"Accidental scratch by another person, initial encounter"
G543,"Thoracic root disorders, not elsewhere classified"
I97620,Postproc hemor of a circ sys org following other procedure
T2123XA,"Burn of second degree of upper back, initial encounter"
C84A0,"Cutaneous T-cell lymphoma, unspecified, unspecified site"
T82111A,"Breakdown of cardiac pulse generator (battery), init"
Y712,Prosth/oth implnt/mtrls cardiovascular devices assoc w incdt
S0521XA,"Oclr lac/rupt w prolaps/loss of intraoc tissue, r eye, init"
M60001,"Infective myositis, unspecified left arm"
S72332A,"Displaced oblique fracture of shaft of left femur, init"
S63637A,"Sprain of interphalangeal joint of left little finger, init"
N182,"Chronic kidney disease, stage 2 (mild)"
S62365B,"Nondisp fx of neck of 4th MC bone, l hand, init for opn fx"
V9489XA,"Other water transport accident, initial encounter"
S80819A,"Abrasion, unspecified lower leg, initial encounter"
N3941,Urge incontinence
H9191,"Unspecified hearing loss, right ear"
H7391,"Unspecified disorder of tympanic membrane, right ear"
H35032,"Hypertensive retinopathy, left eye"
S59002A,"Unsp physeal fracture of lower end of ulna, left arm, init"
K820,Obstruction of gallbladder
S92311A,"Disp fx of first metatarsal bone, right foot, init"
W16522A,"Jump/div into swim pool strk bottom causing oth injury, init"
S1201XA,"Stable burst fracture of first cervical vertebra, init"
S86092A,"Other specified injury of left Achilles tendon, init encntr"
S23171A,"Dislocation of T12/L1 thoracic vertebra, initial encounter"
O99613,"Diseases of the dgstv sys comp pregnancy, third trimester"
M00032,"Staphylococcal arthritis, left wrist"
S71102A,"Unspecified open wound, left thigh, initial encounter"
L02622,Furuncle of left foot
V545XXA,"Driver of pk-up/van injured in clsn w hv veh in traf, init"
S61207A,"Unsp open wound of l little finger w/o damage to nail, init"
X110XXA,"Contact with hot water in bath or tub, initial encounter"
S92315A,"Nondisp fx of first metatarsal bone, left foot, init"
S0240CB,"Maxillary fracture, right side, 7thB"
S52092B,"Oth fx upper end of left ulna, init for opn fx type I/2"
S42432A,"Disp fx (avulsion) of lateral epicondyle of l humerus, init"
S22051A,"Stable burst fracture of T5-T6 vertebra, init for clos fx"
O902,Hematoma of obstetric wound
S43001A,"Unspecified subluxation of right shoulder joint, init encntr"
G8382,Anterior cord syndrome
Q453,Oth congenital malformations of pancreas and pancreatic duct
N882,Stricture and stenosis of cervix uteri
S91351A,"Open bite, right foot, initial encounter"
M00061,"Staphylococcal arthritis, right knee"
L080,Pyoderma
R6251,Failure to thrive (child)
T420X1A,"Poisoning by hydantoin derivatives, accidental, init"
L282,Other prurigo
S72144A,"Nondisplaced intertrochanteric fracture of right femur, init"
M67472,"Ganglion, left ankle and foot"
M7742,"Metatarsalgia, left foot"
M7741,"Metatarsalgia, right foot"
S92012A,"Disp fx of body of left calcaneus, init for clos fx"
M8580,"Oth disrd of bone density and structure, unspecified site"
L02219,"Cutaneous abscess of trunk, unspecified"
S0103XA,"Puncture wound without foreign body of scalp, init encntr"
S32415A,"Nondisp fx of anterior wall of left acetabulum, init"
S32425A,"Nondisp fx of posterior wall of left acetabulum, init"
S0572XA,"Avulsion of left eye, initial encounter"
S93122A,"Dislocation of MTP joint of left great toe, init"
V570XXA,"Drvr of pk-up/van inj in clsn w statnry object nontraf, init"
S60417A,"Abrasion of left little finger, initial encounter"
O30041,"Twin pregnancy, dichorionic/diamniotic, first trimester"
W5551XA,"Bitten by raccoon, initial encounter"
S31610A,"Lac w/o fb of abd wall, r upper q w penet perit cav, init"
T23042A,"Burn of unsp deg mult left fingers (nail), inc thumb, init"
G0400,"Acute disseminated encephalitis and encephalomyelitis, unsp"
S7292XB,"Unsp fracture of left femur, init for opn fx type I/2"
S63275A,"Dislocation of unsp interphaln joint of l rng fngr, init"
S00532A,"Contusion of oral cavity, initial encounter"
K594,Anal spasm
R3912,Poor urinary stream
I82403,"Acute embolism and thombos unsp deep veins of low extrm, bi"
F4000,"Agoraphobia, unspecified"
H33311,"Horseshoe tear of retina without detachment, right eye"
L730,Acne keloid
S00451A,"Superficial foreign body of right ear, initial encounter"
V4301XA,"Car driver injured in collision w SUV nontraf, init"
S91052A,"Open bite, left ankle, initial encounter"
F3164,"Bipolar disord, crnt episode mixed, severe, w psych features"
H7293,"Unspecified perforation of tympanic membrane, bilateral"
I677,"Cerebral arteritis, not elsewhere classified"
K50113,Crohn's disease of large intestine with fistula
G4484,Primary exertional headache
L501,Idiopathic urticaria
S82192B,"Oth fx upper end of left tibia, init for opn fx type I/2"
X93XXXA,"Assault by handgun discharge, initial encounter"
Y92092,Bedroom in oth non-institutional residence as place
Y9263,Factory as the place of occurrence of the external cause
K710,Toxic liver disease with cholestasis
S36430A,"Laceration of duodenum, initial encounter"
M8468XA,"Pathological fracture in oth disease, oth site, init for fx"
H8302,"Labyrinthitis, left ear"
H02052,Trichiasis without entropion right lower eyelid
K9410,"Enterostomy complication, unspecified"
D460,"Refractory anemia without ring sideroblasts, so stated"
M9731XA,"Periprosth fx around internal prosth r shoulder jt, init"
Z0100,Encounter for exam of eyes and vision w/o abnormal findings
Q433,Congenital malformations of intestinal fixation
F15280,Oth stimulant dependence w stim-induce anxiety disorder
T23021A,"Burn unsp degree of single r finger except thumb, init"
C9230,"Myeloid sarcoma, not having achieved remission"
D470,Histiocytic and mast cell tumors of uncertain behavior
T528X1A,"Toxic effect of organic solvents, accidental, init"
I63511,Cereb infrc d/t unsp occls or stenos of right mid cereb art
C762,Malignant neoplasm of abdomen
S76892A,"Inj musc/fasc/tend at thigh level, left thigh, init encntr"
Y92488,Oth paved roadways as place
S61223A,"Laceration w fb of l mid finger w/o damage to nail, init"
M363,Arthropathy in other blood disorders
T40991A,"Poisoning by oth psychodyslept, accidental, init"
T5291XA,"Toxic effect of unsp organic solvent, accidental, init"
Z432,Encounter for attention to ileostomy
N178,Other acute kidney failure
S81052A,"Open bite, left knee, initial encounter"
S86902A,"Unsp inj unsp musc/tend at lower leg level, left leg, init"
H8301,"Labyrinthitis, right ear"
L97512,Non-prs chronic ulcer oth prt right foot w fat layer exposed
V264XXA,"Mtrcy driver injured in clsn w nonmtr vehicle in traf, init"
B9681,Helicobacter pylori as the cause of diseases classd elswhr
Z2089,Contact w and exposure to oth communicable diseases
T83010A,"Breakdown (mechanical) of cystostomy catheter, init encntr"
H53131,"Sudden visual loss, right eye"
H47011,"Ischemic optic neuropathy, right eye"
M7591,"Shoulder lesion, unspecified, right shoulder"
Z4901,Encounter for fit/adjst of extracorporeal dialysis catheter
T24632A,"Corrosion of second degree of left lower leg, init encntr"
M62111,"Other rupture of muscle (nontraumatic), right shoulder"
J9572,Acc pnctr & lac of a resp sys org during oth procedure
S52502H,"Unsp fx the low end l rad, 7thH"
S81812D,"Laceration without foreign body, left lower leg, subs encntr"
W131XXA,"Fall from, out of or through bridge, initial encounter"
T39392A,"Poisn by oth nonsteroid anti-inflam drugs, self-harm, init"
S42135A,"Nondisp fx of coracoid process, left shoulder, init"
N3592,"Unspecified urethral stricture, female"
K630,Abscess of intestine
S52022B,"Disp fx of olecran pro w/o intartic extn l ulna, 7thB"
T71161A,"Asphyxiation due to hanging, accidental, initial encounter"
Z022,Encounter for exam for admission to residential institution
V4393XA,"Unsp car occ injured in clsn w pick-up truck in traf, init"
Y904,Blood alcohol level of 80-99 mg/100 ml
F15950,"Oth stim use, unsp w stim-induce psych disorder w delusions"
S92061B,"Displaced intartic fracture of r calcaneus, init for opn fx"
C8410,"Sezary disease, unspecified site"
N6312,"Unspecified lump in the right breast, upper inner quadrant"
S76102A,"Unsp injury of left quadriceps musc/fasc/tend, init"
S63630A,"Sprain of interphalangeal joint of right index finger, init"
S56194A,"Inj flexor musc/fasc/tend l mid finger at forarm lv, init"
Z4682,Encounter for fit/adjst of non-vascular catheter
R162,"Hepatomegaly with splenomegaly, not elsewhere classified"
S31811S,"Laceration without foreign body of right buttock, sequela"
S31811A,"Laceration w/o foreign body of right buttock, init encntr"
A858,Other specified viral encephalitis
M84511A,"Path fracture in neoplastic disease, r shoulder, init"
F10929,"Alcohol use, unspecified with intoxication, unspecified"
O1415,"Severe pre-eclampsia, complicating the puerperium"
M80861A,"Oth osteopor w current path fracture, r low leg, init"
S50852A,"Superficial foreign body of left forearm, initial encounter"
K581,Irritable bowel syndrome with constipation
S00522A,"Blister (nonthermal) of oral cavity, initial encounter"
C8515,"Unsp B-cell lymphoma, nodes of ing region and lower limb"
S42332A,"Displaced oblique fx shaft of humerus, left arm, init"
Z4541,Encounter for adjustment and management of CSF drain dev
T85730A,"I/I react d/t ventricular intracranial shunt, init"
V00111A,"Fall from in-line roller-skates, initial encounter"
S78912A,"Complete traum amp of left hip and thigh, level unsp, init"
T25121A,"Burn of first degree of right foot, initial encounter"
Y93E5,"Activity, floor mopping and cleaning"
L942,Calcinosis cutis
S14154A,"Oth incomplete lesion at C4, init"
S52041A,"Disp fx of coronoid process of right ulna, init for clos fx"
S92402A,"Displaced unsp fracture of left great toe, init for clos fx"
S63613A,"Unspecified sprain of left middle finger, initial encounter"
T8741,"Infection of amputation stump, right upper extremity"
S3669XA,"Other injury of rectum, initial encounter"
W67XXXA,"Accidental drown while in swimming-pool, init"
S83511A,"Sprain of anterior cruciate ligament of right knee, init"
S82044A,"Nondisplaced comminuted fracture of right patella, init"
S81841A,"Puncture wound w foreign body, right lower leg, init encntr"
S12200B,"Unsp disp fx of third cervical vertebra, init for opn fx"
M06871,"Other specified rheumatoid arthritis, right ankle and foot"
O99619,"Diseases of the dgstv sys comp pregnancy, unsp trimester"
T8141XD,"Infct fol a proc, superfic incisional surgical site, subs"
S59811A,"Other specified injuries right forearm, initial encounter"
Z91012,Allergy to eggs
R295,Transient paralysis
S5781XA,"Crushing injury of right forearm, initial encounter"
N4342,"Spermatocele of epididymis, multiple"
I400,Infective myocarditis
S62325A,"Disp fx of shaft of fourth metacarpal bone, left hand, init"
C8281,"Oth types of foliclar lymph, nodes of head, face, and neck"
M24461,"Recurrent dislocation, right knee"
O24912,"Unspecified diabetes mellitus in pregnancy, second trimester"
H7191,"Unspecified cholesteatoma, right ear"
O0487,Sepsis following (induced) termination of pregnancy
T45525A,"Adverse effect of antithrombotic drugs, initial encounter"
S92491A,"Oth fracture of right great toe, init for clos fx"
L7601,"Intraop hemor/hemtom of skin, subcu comp a dermatologic proc"
S52613A,"Disp fx of unsp ulna styloid process, init for clos fx"
Z943,Heart and lungs transplant status
S61132A,"Pnctr w/o foreign body of left thumb w damage to nail, init"
N4829,Other inflammatory disorders of penis
Z435,Encounter for attention to cystostomy
S76902A,"Unsp inj unsp musc/fasc/tend at thi lev, left thigh, init"
S83095A,"Other dislocation of left patella, initial encounter"
S60445A,"External constriction of left ring finger, initial encounter"
G528,Disorders of other specified cranial nerves
T441X5A,"Adverse effect of other parasympathomimetics, init encntr"
T24101A,"Burn 1st deg of unsp site right lower limb, ex ank/ft, init"
M60851,"Other myositis, right thigh"
H838X3,"Other specified diseases of inner ear, bilateral"
F16159,"Hallucinogen abuse w psychotic disorder, unsp"
S41152A,"Open bite of left upper arm, initial encounter"
T730XXA,"Starvation, initial encounter"
C8408,"Mycosis fungoides, lymph nodes of multiple sites"
C8409,"Mycosis fungoides, extranodal and solid organ sites"
L97929,Non-prs chronic ulc unsp prt of l low leg w unsp severity
G43119,"Migraine with aura, intractable, without status migrainosus"
S066X7A,"Traum subrac hem w LOC w death d/t brain inj bf consc, init"
I241,Dressler's syndrome
Z942,Lung transplant status
I674,Hypertensive encephalopathy
S90454A,"Superficial foreign body, right lesser toe(s), init encntr"
M19022,"Primary osteoarthritis, left elbow"
S42024A,"Nondisp fx of shaft of right clavicle, init for clos fx"
D803,Selective deficiency of immunoglobulin G [IgG] subclasses
N320,Bladder-neck obstruction
J9500,Unspecified tracheostomy complication
S335XXS,"Sprain of ligaments of lumbar spine, sequela"
W5981XA,"Bitten by other nonvenomous reptiles, initial encounter"
A491,"Streptococcal infection, unspecified site"
Z85810,Personal history of malignant neoplasm of tongue
M948X8,"Other specified disorders of cartilage, other site"
S98022A,"Partial traumatic amp of left foot at ankle level, init"
V816XXA,"Occ of rail trn/veh injured by fall from rail trn/veh, init"
D224,Melanocytic nevi of scalp and neck
M75102,"Unsp rotatr-cuff tear/ruptr of left shoulder, not trauma"
I67848,Other cerebrovascular vasospasm and vasoconstriction
L658,Other specified nonscarring hair loss
E789,"Disorder of lipoprotein metabolism, unspecified"
D57811,Other sickle-cell disorders with acute chest syndrome
N907,Vulvar cyst
S0267XA,"Fracture of alveolus of mandible, init for clos fx"
S52321A,"Displaced transverse fracture of shaft of right radius, init"
H9589,"Oth postproc comp and disorders of the ear/mastd, NEC"
S61303A,"Unsp open wound of left middle finger w damage to nail, init"
S53001A,"Unspecified subluxation of right radial head, init encntr"
W292XXA,"Contact with other powered household machinery, init encntr"
E5112,Wet beriberi
S70262A,"Insect bite (nonvenomous), left hip, initial encounter"
S20162A,"Insect bite (nonvenomous) of breast, left breast, init"
F19229,"Oth psychoactive substance dependence w intoxication, unsp"
H53451,"Other localized visual field defect, right eye"
M80851A,"Oth osteopor w current path fracture, right femur, init"
S63631A,"Sprain of interphalangeal joint of left index finger, init"
S90452A,"Superficial foreign body, left great toe, initial encounter"
Z5189,Encounter for other specified aftercare
Z6741,"Type O blood, Rh negative"
S51831A,"Puncture wound w/o foreign body of right forearm, init"
T48291A,"Poisoning by oth drugs acting on muscles, accidental, init"
S62636B,"Disp fx of dist phalanx of r little finger, init for opn fx"
S83002A,"Unspecified subluxation of left patella, initial encounter"
L709,"Acne, unspecified"
I69859,Hemiplga following oth cerebvasc disease affecting unsp side
S52002A,"Unsp fracture of upper end of left ulna, init for clos fx"
T25432A,"Corrosion of unsp degree of left toe(s) (nail), init encntr"
S52502D,"Unsp fx the low end left rad, subs for clos fx w routn heal"
I781,"Nevus, non-neoplastic"
L511,Stevens-Johnson syndrome
V499XXD,"Car occupant (driver) (passenger) injured in unsp traf, subs"
S61151A,"Open bite of right thumb with damage to nail, init encntr"
S32312A,"Displaced avulsion fracture of left ilium, init for clos fx"
S92212B,"Disp fx of cuboid bone of left foot, init for opn fx"
K255,Chronic or unspecified gastric ulcer with perforation
S63252A,"Unspecified dislocation of right middle finger, init encntr"
S00521A,"Blister (nonthermal) of lip, initial encounter"
K821,Hydrops of gallbladder
S56222A,"Lacerat flexor musc/fasc/tend at forarm lv, left arm, init"
T8549XA,"Mech compl of breast prosthesis and implant, init encntr"
T180XXA,"Foreign body in mouth, initial encounter"
T401X4A,"Poisoning by heroin, undetermined, initial encounter"
I82423,"Acute embolism and thrombosis of iliac vein, bilateral"
S92532B,"Disp fx of dist phalanx of left less toe(s), init for opn fx"
S01101A,"Unsp open wound of right eyelid and periocular area, init"
W378XXA,"Explosn and rupture of pressurized tire, pipe or hose, init"
S0281XB,"Fracture of oth skull and facial bones, right side, 7thB"
S0230XA,"Fracture of orbital floor, unspecified side, init"
H10433,"Chronic follicular conjunctivitis, bilateral"
Z3400,"Encntr for suprvsn of normal first pregnancy, unsp trimester"
F1024,Alcohol dependence with alcohol-induced mood disorder
T467X5A,"Adverse effect of peripheral vasodilators, initial encounter"
S56912A,"Strain of unsp musc/fasc/tend at forarm lv, left arm, init"
A5403,"Gonococcal cervicitis, unspecified"
A5609,Other chlamydial infection of lower genitourinary tract
S21319A,"Lac w/o fb of unsp front wall of thrx w penet thor cav, init"
S2699XA,"Inj heart, unsp w or w/o hemopericardium, init encntr"
T22241A,"Burn of second degree of right axilla, initial encounter"
S42351B,"Displ commnt fx shaft of humerus, right arm, init for opn fx"
T481X2A,"Poisoning by skeletal muscle relaxants, self-harm, init"
T17920A,"Food in resp tract, part unsp causing asphyxiation, init"
H6090,"Unspecified otitis externa, unspecified ear"
S5701XA,"Crushing injury of right elbow, initial encounter"
S63274A,"Dislocation of unsp interphaln joint of r rng fngr, init"
I823,Embolism and thrombosis of renal vein
R749,"Abnormal serum enzyme level, unspecified"
Z89511,Acquired absence of right leg below knee
S42391B,"Oth fracture of shaft of right humerus, init for opn fx"
C3432,"Malignant neoplasm of lower lobe, left bronchus or lung"
Y901,Blood alcohol level of 20-39 mg/100 ml
H05013,Cellulitis of bilateral orbits
T82398A,"Mech compl of other vascular grafts, initial encounter"
R292,Abnormal reflex
H608X2,"Other otitis externa, left ear"
E42,Marasmic kwashiorkor
Q253,Supravalvular aortic stenosis
I7410,Embolism and thrombosis of unspecified parts of aorta
J09X3,Influenza due to ident novel influenza A virus w GI manifest
N828,Other female genital tract fistulae
C342,"Malignant neoplasm of middle lobe, bronchus or lung"
K8580,Other acute pancreatitis without necrosis or infection
S0262XB,"Fracture of subcondylar process of mandible, init for opn fx"
D801,Nonfamilial hypogammaglobulinemia
I70301,"Unsp athscl unsp type bypass of the extremities, right leg"
S32811A,"Mult fx of pelvis w unstable disrupt of pelvic ring, init"
S63094A,"Other dislocation of right wrist and hand, initial encounter"
B850,Pediculosis due to Pediculus humanus capitis
S00202A,"Unsp superfic injury of left eyelid and perioculr area, init"
G118,Other hereditary ataxias
I470,Re-entry ventricular arrhythmia
T24292A,"Burn 2nd deg mul sites of left lower limb, ex ank/ft, init"
T85828A,"Fibrosis due to other internal prosth dev/grft, init"
T22012A,"Burn of unspecified degree of left forearm, init encntr"
S50901A,"Unspecified superficial injury of right elbow, init encntr"
S1121XA,"Laceration w/o fb of pharynx and cervical esophagus, init"
S86822A,"Laceration of musc/tend at lower leg level, left leg, init"
H00035,Abscess of left lower eyelid
S06330A,"Contus/lac cereb, w/o loss of consciousness, init"
S56812A,"Strain of musc/fasc/tend at forearm level, left arm, init"
Z77011,Contact with and (suspected) exposure to lead
D492,"Neoplasm of unsp behavior of bone, soft tissue, and skin"
V8609XA,"Driver of oth sp off-rd mv injured in traffic accident, init"
S62211A,"Bennett's fracture, right hand, init for clos fx"
T719XXA,"Asphyxiation due to unspecified cause, initial encounter"
T795XXA,"Traumatic anuria, initial encounter"
Q628,Other congenital malformations of ureter
F321,"Major depressive disorder, single episode, moderate"
I43,Cardiomyopathy in diseases classified elsewhere
S56427A,"Lacerat extn musc/fasc/tend r little fngr at forarm lv, init"
Q893,Situs inversus
T384X5A,"Adverse effect of oral contraceptives, initial encounter"
Z8661,Personal history of infections of the central nervous system
S66327A,"Lacerat extn musc/fasc/tend l lit fngr at wrs/hnd lv, init"
S32442A,"Disp fx of posterior column of left acetabulum, init"
S60219A,"Contusion of unspecified wrist, initial encounter"
I318,Other specified diseases of pericardium
V405XXA,"Car driver injured in collision w ped/anml in traf, init"
K2971,"Gastritis, unspecified, with bleeding"
K264,Chronic or unspecified duodenal ulcer with hemorrhage
S62121A,"Disp fx of lunate, right wrist, init for clos fx"
V100XXA,"Pedl cyc driver injured in clsn w ped/anml nontraf, init"
C3401,Malignant neoplasm of right main bronchus
J920,Pleural plaque with presence of asbestos
I780,Hereditary hemorrhagic telangiectasia
S61214D,"Laceration w/o fb of r rng fngr w/o damage to nail, subs"
F985,Adult onset fluency disorder
M84475A,"Pathological fracture, left foot, init encntr for fracture"
Z87311,Personal history of (healed) other pathological fracture
M2634,Vertical displacement of fully erupted tooth or teeth
W01119A,"Fall same lev fr slip/trip w strk agnst unsp sharp obj, init"
W16032A,"Fall into swimming pool strk wall causing oth injury, init"
F203,Undifferentiated schizophrenia
Z711,Person w feared hlth complaint in whom no diagnosis is made
S60229A,"Contusion of unspecified hand, initial encounter"
S92301A,"Fracture of unsp metatarsal bone(s), right foot, init"
S88112A,"Complete traum amp at lev betw kn and ankl, l low leg, init"
F72,Severe intellectual disabilities
S82141B,"Displaced bicondylar fx r tibia, init for opn fx type I/2"
V474XXA,"Prsn brd/alit a car injured in clsn w statnry object, init"
S53025A,"Posterior dislocation of left radial head, initial encounter"
S61302A,"Unsp open wound of r mid finger w damage to nail, init"
S62390A,"Oth fracture of second metacarpal bone, right hand, init"
S72021A,"Disp fx of epiphysis (separation) (upper) of r femur, init"
I408,Other acute myocarditis
N643,Galactorrhea not associated with childbirth
S96122A,"Lacerat msl/tnd lng extn msl toe at ank/ft lev, l foot, init"
L89214,"Pressure ulcer of right hip, stage 4"
N2886,Ureteritis cystica
T23571A,"Corrosion of first degree of right wrist, initial encounter"
E804,Gilbert syndrome
C139,"Malignant neoplasm of hypopharynx, unspecified"
C320,Malignant neoplasm of glottis
T8361XA,"I/I react d/t implanted penile prosthesis, initial encounter"
X713XXA,"Intentional self-harm by drown in natural water, init"
H15003,"Unspecified scleritis, bilateral"
L502,Urticaria due to cold and heat
Y9367,"Activity, basketball"
A5409,Other gonococcal infection of lower genitourinary tract
C92Z1,"Other myeloid leukemia, in remission"
Z1329,Encounter for screening for oth suspected endocrine disorder
X810XXA,"Self-harm by jumping or lying in front of mtr veh, init"
S83194A,"Other dislocation of right knee, initial encounter"
I82813,"Embolism and thombos of superfic veins of low extrm, bi"
E850,Non-neuropathic heredofamilial amyloidosis
K858,Other acute pancreatitis
M1A0520,"Idiopathic chronic gout, left hip, without tophus (tophi)"
M1A0510,"Idiopathic chronic gout, right hip, without tophus (tophi)"
M1A0620,"Idiopathic chronic gout, left knee, without tophus (tophi)"
M1A0610,"Idiopathic chronic gout, right knee, without tophus (tophi)"
S43122A,"Dislocation of l acromioclav jt, 100%-200% displacmnt, init"
Z189,"Retained foreign body fragments, unspecified material"
B9562,Methicillin resis staph infct causing diseases classd elswhr
T84032A,"Mech loosening of internal right knee prosthetic joint, init"
M85551,"Aneurysmal bone cyst, right thigh"
K761,Chronic passive congestion of liver
O2941,"Spinal and epidur anesth induce hdache dur preg, first tri"
K82A1,Gangrene of gallbladder in cholecystitis
T82392A,"Mech compl of femoral arterial graft (bypass), init encntr"
L89512,"Pressure ulcer of right ankle, stage 2"
S68110A,"Complete traumatic MCP amputation of r idx fngr, init"
S52532D,"Colles' fx left radius, subs for clos fx w routn heal"
T84010A,"Broken internal right hip prosthesis, initial encounter"
T375X2A,"Poisoning by antiviral drugs, intentional self-harm, init"
T23332A,"Burn of 3rd deg mu left fingers (nail), not inc thumb, init"
T23331A,"Burn of 3rd deg mu right fingers (nail), not inc thumb, init"
T23052A,"Burn of unspecified degree of left palm, initial encounter"
M4632,"Infection of intervertebral disc (pyogenic), cervical region"
V00128A,"Other non-in-line roller-skating accident, initial encounter"
S1087XA,"Other superficial bite of oth part of neck, init encntr"
T83018A,"Breakdown (mechanical) of other urinary catheter, init"
Y92007,Garden or yard of unsp non-institut residence as place
J850,Gangrene and necrosis of lung
J9311,Primary spontaneous pneumothorax
C4021,Malignant neoplasm of long bones of right lower limb
S93402D,"Sprain of unspecified ligament of left ankle, subs encntr"
S31104A,"Unsp opn wnd abd wall, left low q w/o penet perit cav, init"
S31103A,"Unsp opn wnd abd wall, right low q w/o penet perit cav, init"
S11021A,"Laceration without foreign body of trachea, init encntr"
I4430,Unspecified atrioventricular block
S63400A,"Traum rupture of unsp ligmt of r idx fngr at MCP/IP jt, init"
G970,Cerebrospinal fluid leak from spinal puncture
E279,"Disorder of adrenal gland, unspecified"
J0191,"Acute recurrent sinusitis, unspecified"
S9302XA,"Subluxation of left ankle joint, initial encounter"
R351,Nocturia
G003,Staphylococcal meningitis
S63236A,"Sublux of proximal interphaln joint of r little finger, init"
S72491C,"Oth fx lower end of right femur, init for opn fx type 3A/B/C"
Q8501,"Neurofibromatosis, type 1"
Q0700,Arnold-Chiari syndrome without spina bifida or hydrocephalus
S56922A,"Lacerat unsp musc/fasc/tend at forarm lv, left arm, init"
C49A0,"Gastrointestinal stromal tumor, unspecified site"
B779,"Ascariasis, unspecified"
M2500,"Hemarthrosis, unspecified joint"
S61219D,"Laceration w/o fb of unsp finger w/o damage to nail, subs"
T85738A,"I/I react d/t other nrv sys device, implnt or graft, init"
H510,Palsy (spasm) of conjugate gaze
K0490,Unspecified diseases of pulp and periapical tissues
G622,Polyneuropathy due to other toxic agents
M1A9XX1,"Chronic gout, unspecified, with tophus (tophi)"
M10311,"Gout due to renal impairment, right shoulder"
L89309,"Pressure ulcer of unspecified buttock, unspecified stage"
R457,"State of emotional shock and stress, unspecified"
X111XXA,"Contact with running hot water, initial encounter"
M5115,"Intvrt disc disorders w radiculopathy, thoracolumbar region"
D731,Hypersplenism
L03042,Acute lymphangitis of left toe
O074,Failed attempted termination of pregnancy w/o complication
L550,Sunburn of first degree
N131,"Hydronephrosis w ureteral stricture, NEC"
T82837A,"Hemorrhage due to cardiac prosth dev/grft, initial encounter"
H15011,"Anterior scleritis, right eye"
Q8503,Schwannomatosis
S52522A,"Torus fracture of lower end of left radius, init for clos fx"
S14105A,"Unsp injury at C5 level of cervical spinal cord, init encntr"
T85615A,"Brkdwn other nervous sys device, implant or graft, init"
S52031B,"Disp fx of olecran pro w intartic extn r ulna, 7thB"
V845XXA,"Driver of special agricultural vehicle injured nontraf, init"
I82493,"Acute embolism and thombos of deep vein of low extrm, bi"
S41142A,"Puncture wound w foreign body of left upper arm, init encntr"
W34010A,"Accidental discharge of airgun, initial encounter"
G909,"Disorder of the autonomic nervous system, unspecified"
W401XXA,"Explosion of explosive gases, initial encounter"
E250,Congenital adrenogenital disorders assoc w enzyme deficiency
S8361XA,"Sprain of the super tibiofibul joint and ligmt, r knee, init"
M8630,"Chronic multifocal osteomyelitis, unspecified site"
D170,"Ben lipomatous neoplm of skin, subcu of head, face and neck"
S90465A,"Insect bite (nonvenomous), left lesser toe(s), init encntr"
S93504A,"Unspecified sprain of right lesser toe(s), initial encounter"
C180,Malignant neoplasm of cecum
M13851,"Other specified arthritis, right hip"
M457,Ankylosing spondylitis of lumbosacral region
S66326A,"Lacerat extn musc/fasc/tend r lit fngr at wrs/hnd lv, init"
T24102A,"Burn first deg of unsp site left lower limb, ex ank/ft, init"
G1220,"Motor neuron disease, unspecified"
M4855XA,"Collapsed vertebra, NEC, thoracolumbar region, init"
S158XXA,"Injury of oth blood vessels at neck level, init encntr"
V370XXA,"Drvr of 3-whl mv inj in clsn w statnry object nontraf, init"
S61521A,"Laceration with foreign body of right wrist, init encntr"
D1801,Hemangioma of skin and subcutaneous tissue
Z434,Encounter for attn to oth artif openings of digestive tract
D442,Neoplasm of uncertain behavior of parathyroid gland
S5002XD,"Contusion of left elbow, subsequent encounter"
M7701,"Medial epicondylitis, right elbow"
S63261A,"Dislocation of MCP joint of left index finger, init"
T438X5A,"Adverse effect of other psychotropic drugs, init encntr"
S63095A,"Other dislocation of left wrist and hand, initial encounter"
C781,Secondary malignant neoplasm of mediastinum
M60272,"Foreign body granuloma of soft tissue, NEC, left ank/ft"
S52202B,"Unsp fx shaft of left ulna, init for opn fx type I/2"
S61213D,"Laceration w/o fb of l mid finger w/o damage to nail, subs"
S01412S,"Laceration w/o fb of left cheek and TMJ area, sequela"
S91135A,"Pnctr w/o fb of left lesser toe(s) w/o damage to nail, init"
T8483XA,"Hemorrhage due to internal orthopedic prosth dev/grft, init"
T8453XD,"Infect/inflm reaction due to internal r knee prosth, subs"
N3281,Overactive bladder
M270,Developmental disorders of jaws
S8781XA,"Crushing injury of right lower leg, initial encounter"
M1A0711,"Idiopathic chronic gout, right ankle and foot, with tophus"
T2124XA,"Burn of second degree of lower back, initial encounter"
Q5310,"Unspecified undescended testicle, unilateral"
S62525B,"Nondisp fx of distal phalanx of left thumb, init for opn fx"
I4439,Other atrioventricular block
I97820,Postproc cerebvasc infarction following cardiac surgery
S52002B,"Unsp fx upper end of left ulna, init for opn fx type I/2"
M47896,"Other spondylosis, lumbar region"
Z0189,Encounter for other specified special examinations
J9612,Chronic respiratory failure with hypercapnia
H02843,"Edema of right eye, unspecified eyelid"
R231,Pallor
Q774,Achondroplasia
K5700,Dvtrcli of sm int w perforation and abscess w/o bleeding
S6980XA,"Oth injuries of unsp wrist, hand and finger(s), init encntr"
S62621A,"Disp fx of middle phalanx of left index finger, init"
M65331,"Trigger finger, right middle finger"
B007,Disseminated herpesviral disease
M238X2,Other internal derangements of left knee
S67196D,"Crushing injury of right little finger, subsequent encounter"
S63206A,"Unspecified subluxation of right little finger, init encntr"
K5080,Crohn's disease of both small and lg int w/o complications
S62654A,"Nondisp fx of middle phalanx of right ring finger, init"
D569,"Thalassemia, unspecified"
I208,Other forms of angina pectoris
G9009,Other idiopathic peripheral autonomic neuropathy
B259,"Cytomegaloviral disease, unspecified"
T2024XA,"Burn of second degree of nose (septum), initial encounter"
Q8789,"Oth congenital malformation syndromes, NEC"
M00011,"Staphylococcal arthritis, right shoulder"
J8401,Alveolar proteinosis
S8291XA,"Unsp fracture of right lower leg, init for clos fx"
H6991,"Unspecified Eustachian tube disorder, right ear"
I5031,Acute diastolic (congestive) heart failure
H93A3,"Pulsatile tinnitus, bilateral"
H30142,"Acute post multifoc placoid pigment epitheliopathy, left eye"
J0101,Acute recurrent maxillary sinusitis
K9402,Colostomy infection
S90416A,"Abrasion, unspecified lesser toe(s), initial encounter"
M5387,"Other specified dorsopathies, lumbosacral region"
S01419A,"Laceration w/o foreign body of unsp cheek and TMJ area, init"
T270XXA,"Burn of larynx and trachea, initial encounter"
M02362,"Reiter's disease, left knee"
H527,Unspecified disorder of refraction
K8530,Drug induced acute pancreatitis without necrosis or infct
W04XXXA,"Fall while being carried or supported by oth persons, init"
H16072,"Perforated corneal ulcer, left eye"
W051XXA,"Fall from non-moving nonmotorized scooter, initial encounter"
T82847A,"Pain due to cardiac prosth dev/grft, initial encounter"
Q231,Congenital insufficiency of aortic valve
F10188,Alcohol abuse with other alcohol-induced disorder
S6401XA,"Injury of ulnar nerve at wrs/hnd lv of right arm, init"
H53462,"Homonymous bilateral field defects, left side"
I2542,Coronary artery dissection
S96121A,"Lacerat msl/tnd lng extn msl toe at ank/ft lev, r foot, init"
T191XXA,"Foreign body in bladder, initial encounter"
S45112A,"Laceration of brachial artery, left side, initial encounter"
S63277A,"Disloc of unsp interphaln joint of l little finger, init"
G546,Phantom limb syndrome with pain
M00242,"Other streptococcal arthritis, left hand"
V4354XA,"Car driver injured in collision w van in traf, init"
T8611,Kidney transplant rejection
S68011A,"Complete traumatic MCP amputation of right thumb, init"
X038XXA,"Oth exposure to controlled fire, not in bldg, init"
Z77120,Contact with and (suspected) exposure to mold (toxic)
J349,Unspecified disorder of nose and nasal sinuses
V646XXA,"Passenger in hv veh injured in clsn w hv veh in traf, init"
S22060A,"Wedge compression fracture of T7-T8 vertebra, init"
S42262A,"Disp fx of lesser tuberosity of left humerus, init"
F458,Other somatoform disorders
B199,Unspecified viral hepatitis without hepatic coma
M5418,"Radiculopathy, sacral and sacrococcygeal region"
O152,Eclampsia complicating the puerperium
T23112A,"Burn of first degree of left thumb (nail), initial encounter"
F4489,Other dissociative and conversion disorders
K143,Hypertrophy of tongue papillae
I82A12,Acute embolism and thrombosis of left axillary vein
S62231B,"Oth disp fx of base of 1st MC bone, r hand, init for opn fx"
S62343B,"Nondisp fx of base of third MC bone, l hand, init for opn fx"
H34232,"Retinal artery branch occlusion, left eye"
M4692,"Unspecified inflammatory spondylopathy, cervical region"
V9020XA,"Drown due to fall/jump fr burning merchant ship, init"
V970XXA,"Occupant of aircraft injured in oth air transport acc, init"
S62011A,"Disp fx of distal pole of navicular bone of r wrist, init"
N4403,Torsion of appendix testis
O24414,"Gestational diabetes in pregnancy, insulin controlled"
H5122,"Internuclear ophthalmoplegia, left eye"
H0589,Other disorders of orbit
V4712XA,"Pasngr of car injured in clsn w statnry object nontraf, init"
S93412A,"Sprain of calcaneofibular ligament of left ankle, init"
H00033,"Abscess of eyelid right eye, unspecified eyelid"
K633,Ulcer of intestine
F09,Unsp mental disorder due to known physiological condition
T2691XA,"Corrosion of right eye and adnexa, part unsp, init encntr"
B589,"Toxoplasmosis, unspecified"
A3981,Meningococcal encephalitis
C9310,Chronic myelomonocytic leukemia not achieve remission
S62607A,"Fracture of unsp phalanx of left little finger, init"
S91032A,"Puncture wound without foreign body, left ankle, init encntr"
R239,Unspecified skin changes
O99323,"Drug use complicating pregnancy, third trimester"
O99313,"Alcohol use complicating pregnancy, third trimester"
S52122D,"Disp fx of head of left rad, subs for clos fx w routn heal"
I6329,Cerebral infrc due to unsp occls or stenosis of precerb art
W278XXS,"Contact with other nonpowered hand tool, sequela"
S72414B,"Nondisp unsp condyle fx low end r femr, 7thB"
N6313,"Unspecified lump in the right breast, lower outer quadrant"
N528,Other male erectile dysfunction
S82821A,"Torus fracture of lower end of right fibula, init"
K91871,Postproc hematoma of a dgstv sys org fol other procedure
F2081,Schizophreniform disorder
S62012A,"Disp fx of distal pole of navicular bone of left wrist, init"
S93135A,"Subluxation of interphaln joint of left lesser toe(s), init"
X371XXA,"Tornado, initial encounter"
W1843XA,"Slip/trip w/o fall d/t step from one level to another, init"
O8629,Other urinary tract infection following delivery
D151,Benign neoplasm of heart
I453,Trifascicular block
S60440A,"External constriction of right index finger, init encntr"
S0100XA,"Unspecified open wound of scalp, initial encounter"
W52XXXA,"Crushd/pushd/stepd on by crowd or human stampede, init"
E8589,Other amyloidosis
T564X1A,"Toxic effect of copper and its compounds, accidental, init"
S72491B,"Oth fx lower end of right femur, init for opn fx type I/2"
T84218A,"Breakdown (mechanical) of int fix of bones, init"
L7681,"Oth intraoperative complications of skin, subcu"
N641,Fat necrosis of breast
Q860,Fetal alcohol syndrome (dysmorphic)
E8332,Hereditary vitamin D-dependent rickets (type 1) (type 2)
J3802,"Paralysis of vocal cords and larynx, bilateral"
S02641B,"Fracture of ramus of right mandible, 7thB"
M479,"Spondylosis, unspecified"
T45615A,"Adverse effect of thrombolytic drugs, initial encounter"
R10817,Generalized abdominal tenderness
M25621,"Stiffness of right elbow, not elsewhere classified"
I379,"Nonrheumatic pulmonary valve disorder, unspecified"
N99821,Postproc hemor of a GU sys org following other procedure
S63615A,"Unspecified sprain of left ring finger, initial encounter"
S92321B,"Disp fx of second metatarsal bone, r foot, init for opn fx"
T2126XA,"Burn of second degree of male genital region, init encntr"
S52224A,"Nondisp transverse fracture of shaft of right ulna, init"
K5791,"Dvrtclos of intest, part unsp, w/o perf or abscess w bleed"
T84629D,"Infect/inflm react due to int fix of unsp bone of leg, subs"
J683,"Oth ac & subac resp cond d/t chemicals, gas, fumes & vapors"
K319,"Disease of stomach and duodenum, unspecified"
G4719,Other hypersomnia
T84022A,"Instability of internal right knee prosthesis, init encntr"
N499,Inflammatory disorder of unspecified male genital organ
S01122A,"Laceration w fb of left eyelid and periocular area, init"
F13231,Sedatv/hyp/anxiolytc dependence w withdrawal delirium
T84126A,"Displacement of int fix of bone of right lower leg, init"
M818,Other osteoporosis without current pathological fracture
B000,Eczema herpeticum
M1A0721,"Idiopathic chronic gout, left ankle and foot, with tophus"
Z8505,Personal history of malignant neoplasm of liver
T23321A,"Burn third degree of single r finger except thumb, init"
S82855A,"Nondisplaced trimalleolar fracture of left lower leg, init"
S0180XA,"Unspecified open wound of other part of head, init encntr"
S92009D,"Unsp fracture of unsp calcaneus, subs for fx w routn heal"
T521X1A,"Toxic effect of benzene, accidental (unintentional), init"
I77810,Thoracic aortic ectasia
S97112A,"Crushing injury of left great toe, initial encounter"
W3181XA,"Contact with recreational machinery, initial encounter"
R1912,Hyperactive bowel sounds
G8321,Monoplegia of upper limb affecting right dominant side
N7001,Acute salpingitis
M71162,"Other infective bursitis, left knee"
I8312,Varicose veins of left lower extremity with inflammation
C792,Secondary malignant neoplasm of skin
T2146XA,"Corrosion of unsp degree of male genital region, init encntr"
S30870A,"Other superficial bite of lower back and pelvis, init encntr"
E2749,Other adrenocortical insufficiency
B390,Acute pulmonary histoplasmosis capsulati
F558,Abuse of other non-psychoactive substances
S01321A,"Laceration with foreign body of right ear, initial encounter"
S63694A,"Other sprain of right ring finger, initial encounter"
S40212D,"Abrasion of left shoulder, subsequent encounter"
S50812D,"Abrasion of left forearm, subsequent encounter"
V2988XD,"Mtrcy rider (driver) injured in oth transport acc, subs"
S0921XA,"Traumatic rupture of right ear drum, initial encounter"
T22622A,"Corrosion of second degree of left elbow, initial encounter"
S66315A,"Strain extn musc/fasc/tend l rng fngr at wrs/hnd lv, init"
I468,Cardiac arrest due to other underlying condition
M3210,"Systemic lupus erythematosus, organ or system involv unsp"
D039,"Melanoma in situ, unspecified"
K116,Mucocele of salivary gland
Y92414,Local residential or business street as place
S37829A,"Unspecified injury of prostate, initial encounter"
S100XXA,"Contusion of throat, initial encounter"
H47092,"Oth disorders of optic nerve, NEC, left eye"
S0183XA,"Puncture wound w/o foreign body oth prt head, init encntr"
T8583XA,"Hemorrhage due to internal prosth dev/grft, NEC, init"
V0119XA,"Ped w convey injured in collision w pedl cyc in traf, init"
C771,Secondary and unsp malignant neoplasm of intrathorac nodes
S37052A,"Moderate laceration of left kidney, initial encounter"
V285XXA,"Mtrcy pasngr injured in nonclsn trnsp accident in traf, init"
E221,Hyperprolactinemia
S06389A,"Contus/lac/hem brainstem w LOC of unsp duration, init"
S72145A,"Nondisplaced intertrochanteric fracture of left femur, init"
E222,Syndrome of inappropriate secretion of antidiuretic hormone
V0610XA,"Ped on foot injured in clsn w nonmtr vehicle in traf, init"
S81042A,"Puncture wound with foreign body, left knee, init encntr"
S37039A,"Laceration of unsp kidney, unspecified degree, init encntr"
S92415A,"Nondisp fx of proximal phalanx of left great toe, init"
M341,CR(E)ST syndrome
G4483,Primary cough headache
F849,"Pervasive developmental disorder, unspecified"
Z598,Other problems related to housing and economic circumstances
T466X1A,"Poisoning by antihyperlip and antiarterio drugs, acc, init"
S8252XB,"Disp fx of med malleolus of l tibia, 7thB"
S62102B,"Fracture of unsp carpal bone, left wrist, init for opn fx"
S86211A,"Strain musc/tend ant grp at low leg level, right leg, init"
V5959XA,"Pasngr in pk-up/van injured in clsn w oth mv in traf, init"
D593,Hemolytic-uremic syndrome
I607,Nontraumatic subarachnoid hemorrhage from unsp intracran art
Z8639,"Personal history of endo, nutritional and metabolic disease"
S72414A,"Nondisp unsp condyle fx lower end of right femur, init"
T628X1A,"Toxic effect of noxious substances eaten as food, acc, init"
S40251A,"Superficial foreign body of right shoulder, init encntr"
T40691A,"Poisoning by oth narcotics, accidental (unintentional), init"
S028XXB,"Fractures of oth skull and facial bones, init for opn fx"
N732,Unspecified parametritis and pelvic cellulitis
S61252A,"Open bite of right middle finger w/o damage to nail, init"
A630,Anogenital (venereal) warts
C37,Malignant neoplasm of thymus
L97312,Non-prs chronic ulcer of right ankle w fat layer exposed
Y9222,Religious institution as place
G529,"Cranial nerve disorder, unspecified"
O4413,"Complete placenta previa with hemorrhage, third trimester"
V0600XA,"Ped on foot injured in clsn w nonmtr vehicle nontraf, init"
A740,Chlamydial conjunctivitis
S40819A,"Abrasion of unspecified upper arm, initial encounter"
Z85528,Personal history of other malignant neoplasm of kidney
C712,Malignant neoplasm of temporal lobe
S62341A,"Nondisp fx of base of second MC bone, left hand, init"
S62365A,"Nondisp fx of neck of fourth MC bone, left hand, init"
S06899S,"Intcran inj w LOC of unsp duration, sequela"
V473XXS,"Unsp car occ inj in clsn with statnry object nontraf, sqla"
V567XXA,"Prsn outsd pk-up/van inj in clsn w nonmtr veh in traf, init"
S90812D,"Abrasion, left foot, subsequent encounter"
N6082,Other benign mammary dysplasias of left breast
R0683,Snoring
M48062,"Spinal stenosis, lumbar region with neurogenic claudication"
F12151,Cannabis abuse with psychotic disorder with hallucinations
S6402XD,"Injury of ulnar nerve at wrs/hnd lv of left arm, subs"
C9001,Multiple myeloma in remission
S66325A,"Lacerat extn musc/fasc/tend l rng fngr at wrs/hnd lv, init"
D3500,Benign neoplasm of unspecified adrenal gland
S31139A,"Pnctr of abd wall w/o fb, unsp q w/o penet perit cav, init"
M25011,"Hemarthrosis, right shoulder"
M47898,"Other spondylosis, sacral and sacrococcygeal region"
F607,Dependent personality disorder
I75012,Atheroembolism of left upper extremity
I70218,"Athscl native arteries of extrm w intrmt claud, oth extrm"
G43829,"Menstrual migraine, not intractable, w/o status migrainosus"
I680,Cerebral amyloid angiopathy
S62657A,"Nondisp fx of middle phalanx of left little finger, init"
S43224A,"Posterior dislocation of right sternoclavicular joint, init"
S90572A,"Other superficial bite of ankle, left ankle, init encntr"
S61214S,"Laceration w/o fb of r rng fngr w/o damage to nail, sequela"
W272XXS,"Contact with scissors, sequela"
C080,Malignant neoplasm of submandibular gland
S4422XA,"Injury of radial nerve at upper arm level, left arm, init"
Q203,Discordant ventriculoarterial connection
M06811,"Other specified rheumatoid arthritis, right shoulder"
N393,Stress incontinence (female) (male)
S36118A,"Other injury of liver, initial encounter"
M6080,"Other myositis, unspecified site"
M50921,Unspecified cervical disc disorder at C4-C5 level
M50923,Unspecified cervical disc disorder at C6-C7 level
H02845,Edema of left lower eyelid
H02842,Edema of right lower eyelid
S60521A,"Blister (nonthermal) of right hand, initial encounter"
T597X1A,"Toxic effect of carbon dioxide, accidental, init"
M84433A,"Pathological fracture, right radius, init for fx"
T8469XA,"Infect/inflm reaction due to int fix of site, init"
R041,Hemorrhage from throat
S61230D,"Pnctr w/o fb of r idx fngr w/o damage to nail, subs"
R4587,Impulsiveness
S91012D,"Laceration without foreign body, left ankle, subs encntr"
V0909XD,"Pedestrian injured nontraf involving oth mv, subs"
S63636A,"Sprain of interphalangeal joint of right little finger, init"
T65811A,"Toxic effect of latex, accidental (unintentional), init"
N509,"Disorder of male genital organs, unspecified"
M5083,"Other cervical disc disorders, cervicothoracic region"
S52612B,"Disp fx of l ulna styloid process, init for opn fx type I/2"
S60452A,"Superficial foreign body of right middle finger, init encntr"
S01112S,"Lac w/o fb of left eyelid and periocular area, sequela"
R946,Abnormal results of thyroid function studies
K5939,Other megacolon
T1490,"Injury, unspecified"
Q7960,"Ehlers-Danlos syndrome, unspecified"
M172,Bilateral post-traumatic osteoarthritis of knee
Z111,Encounter for screening for respiratory tuberculosis
S14126A,"Central cord syndrome at C6, init"
S60872A,"Other superficial bite of left wrist, initial encounter"
S13121A,"Dislocation of C1/C2 cervical vertebrae, initial encounter"
D485,Neoplasm of uncertain behavior of skin
Q644,Malformation of urachus
H7091,"Unspecified mastoiditis, right ear"
S70371A,"Other superficial bite of right thigh, initial encounter"
T82539A,"Leakage of unsp cardiac and vasc devices and implnt, init"
O0481,Shock following (induced) termination of pregnancy
M488X2,"Other specified spondylopathies, cervical region"
M60861,"Other myositis, right lower leg"
G9751,Postproc hemor of a nervous sys org fol a nervous sys proc
J9610,"Chronic respiratory failure, unsp w hypoxia or hypercapnia"
O6002,"Preterm labor without delivery, second trimester"
T8339XA,"Mech compl of intrauterine contraceptive device, init encntr"
S32472A,"Disp fx of medial wall of left acetabulum, init for clos fx"
I270,Primary pulmonary hypertension
S42295S,"Other nondisp fx of upper end of left humerus, sequela"
Z483,Aftercare following surgery for neoplasm
S41012D,"Laceration w/o foreign body of left shoulder, subs encntr"
S31119D,"Lac w/o fb of abd wall, unsp q w/o penet perit cav, subs"
S21111D,"Lac w/o fb of r frnt wl of thorax w/o penet thor cav, subs"
S46822A,"Laceration of musc/fasc/tend at shldr/up arm, left arm, init"
S41111D,"Laceration w/o foreign body of right upper arm, subs encntr"
S22019B,"Unsp fracture of first thoracic vertebra, init for opn fx"
M25831,"Other specified joint disorders, right wrist"
T24312A,"Burn of third degree of left thigh, initial encounter"
K4190,"Unil femoral hernia, w/o obst or gangrene, not spcf as recur"
F3340,"Major depressive disorder, recurrent, in remission, unsp"
G43B1,"Ophthalmoplegic migraine, intractable"
M25641,"Stiffness of right hand, not elsewhere classified"
S73034A,"Other anterior dislocation of right hip, initial encounter"
S72044A,"Nondisp fx of base of neck of right femur, init for clos fx"
Z85028,Personal history of other malignant neoplasm of stomach
I058,Other rheumatic mitral valve diseases
O2221,"Superficial thrombophlebitis in pregnancy, first trimester"
S52552B,"Oth extrartic fx low end left rad, init for opn fx type I/2"
A530,"Latent syphilis, unspecified as early or late"
Q068,Other specified congenital malformations of spinal cord
A523,"Neurosyphilis, unspecified"
T23211D,"Burn of second degree of right thumb (nail), subs encntr"
J338,Other polyp of sinus
R81,Glycosuria
V6988XA,"Occupant (driver) of hv veh injured in oth trnsp acc, init"
S41051A,"Open bite of right shoulder, initial encounter"
S061X9A,"Traumatic cerebral edema w LOC of unsp duration, init"
K8040,"Calculus of bile duct w cholecystitis, unsp, w/o obstruction"
S91119A,"Laceration w/o fb of unsp toe w/o damage to nail, init"
S62252B,"Disp fx of neck of first MC bone, left hand, init for opn fx"
H4612,"Retrobulbar neuritis, left eye"
T484X5A,"Adverse effect of expectorants, initial encounter"
T17220A,"Food in pharynx causing asphyxiation, initial encounter"
Z8507,Personal history of malignant neoplasm of pancreas
T23322A,"Burn third degree of single l finger except thumb, init"
W85XXXA,"Exposure to electric transmission lines, initial encounter"
Z2914,Encounter for prophylactic rabies immune globin
M84462A,"Pathological fracture, left tibia, init encntr for fracture"
K624,Stenosis of anus and rectum
T83490A,"Mech compl of implanted penile prosthesis, initial encounter"
Z1619,Resistance to other specified beta lactam antibiotics
M7521,"Bicipital tendinitis, right shoulder"
I82429,Acute embolism and thrombosis of unspecified iliac vein
T402X6A,"Underdosing of other opioids, initial encounter"
M14679,"Charcot's joint, unspecified ankle and foot"
S61202A,"Unsp open wound of r mid finger w/o damage to nail, init"
A770,Spotted fever due to Rickettsia rickettsii
W16621A,"Jump/div into natrl body of wtr strk botm cause drown, init"
S62337B,"Disp fx of neck of fifth MC bone, left hand, init for opn fx"
S46222A,"Laceration of musc/fasc/tend prt biceps, left arm, init"
C7A00,Malignant carcinoid tumor of unspecified site
C7B02,Secondary carcinoid tumors of liver
S069X6A,"Unsp intcrn injury w LOC >24 hr w/o ret consc w surv, init"
S61311D,"Laceration w/o fb of l idx fngr w damage to nail, subs"
O98819,"Oth maternal infec/parastc diseases comp preg, unsp tri"
Q281,Other malformations of precerebral vessels
T17590A,"Oth foreign object in bronchus causing asphyxiation, init"
S61012S,"Laceration w/o fb of left thumb w/o damage to nail, sequela"
C029,"Malignant neoplasm of tongue, unspecified"
K006,Disturbances in tooth eruption
S22021A,"Stable burst fracture of second thoracic vertebra, init"
T2101XA,"Burn of unspecified degree of chest wall, initial encounter"
B0053,Herpesviral conjunctivitis
I82290,Acute embolism and thrombosis of other thoracic veins
E113293,"Type 2 diab with mild nonp rtnop without macular edema, bi"
Y92830,Public park as the place of occurrence of the external cause
S61341A,"Pnctr w foreign body of l idx fngr w damage to nail, init"
S3132XA,"Laceration w foreign body of scrotum and testes, init encntr"
Q872,Congenital malformation syndromes predom involving limbs
S01311D,"Laceration without foreign body of right ear, subs encntr"
V817XXD,"Occ of rail trn/veh inj in derail w/o antecedent clsn, subs"
L740,Miliaria rubra
S3120XA,"Unspecified open wound of penis, initial encounter"
T2126XD,"Burn of second degree of male genital region, subs encntr"
X12XXXD,"Contact with other hot fluids, subsequent encounter"
K8030,"Calculus of bile duct w cholangitis, unsp, w/o obstruction"
S22079D,"Unsp fracture of T9-T10 vertebra, subs for fx w routn heal"
T23102A,"Burn of first degree of left hand, unsp site, init encntr"
S060X2A,"Concussion w loss of consciousness of 31-59 min, init"
T23191A,"Burn of first deg mult sites of right wrist and hand, init"
F15150,Oth stimulant abuse w stim-induce psych disorder w delusions
S0341XA,"Sprain of jaw, right side, initial encounter"
W0110XD,"Fall same lev from slip/trip w strike agnst unsp obj, subs"
S31101A,"Unsp opn wnd abd wall, l upr q w/o penet perit cav, init"
S61244A,"Pnctr w foreign body of r rng fngr w/o damage to nail, init"
Y240XXA,"Airgun discharge, undetermined intent, initial encounter"
H15002,"Unspecified scleritis, left eye"
K210,Gastro-esophageal reflux disease with esophagitis
W219XXA,"Striking against or struck by unsp sports equipment, init"
K8021,Calculus of gallbladder w/o cholecystitis with obstruction
S0005XA,"Superficial foreign body of scalp, initial encounter"
S31829A,"Unspecified open wound of left buttock, initial encounter"
H05221,Edema of right orbit
S1010XA,"Unspecified superficial injuries of throat, init encntr"
S72143A,"Displaced intertrochanteric fracture of unsp femur, init"
S42134A,"Nondisp fx of coracoid process, right shoulder, init"
S46892A,"Inj musc/fasc/tend at shldr/up arm, left arm, init"
S46891A,"Inj musc/fasc/tend at shldr/up arm, right arm, init"
S62651A,"Nondisp fx of middle phalanx of left index finger, init"
S43024A,"Posterior dislocation of right humerus, initial encounter"
D838,Other common variable immunodeficiencies
I97130,Postprocedural heart failure following cardiac surgery
S36499A,"Other injury of unsp part of small intestine, init encntr"
S31630A,"Pnctr w/o fb of abd wall, r upper q w penet perit cav, init"
I70268,"Athscl native arteries of extrm w gangrene, oth extremity"
W16011A,"Fall into swimming pool striking surfc causing drown, init"
E7522,Gaucher disease
S92135A,"Nondisp fx of posterior process of left talus, init"
H26101,"Unspecified traumatic cataract, right eye"
M629,"Disorder of muscle, unspecified"
M13161,"Monoarthritis, not elsewhere classified, right knee"
M358,Other specified systemic involvement of connective tissue
H10021,"Other mucopurulent conjunctivitis, right eye"
K275,"Chronic or unsp peptic ulcer, site unsp, with perforation"
C7A090,Malignant carcinoid tumor of the bronchus and lung
S60476A,"Other superficial bite of right little finger, init encntr"
M064,Inflammatory polyarthropathy
E784,Other hyperlipidemia
Z595,Extreme poverty
W101XXS,"Fall (on)(from) sidewalk curb, sequela"
O91112,"Abscess of breast associated w pregnancy, second trimester"
S72302K,"Unsp fx shaft of left femur, subs for clos fx w nonunion"
S031XXA,"Dislocation of septal cartilage of nose, initial encounter"
S20112A,"Abrasion of breast, left breast, initial encounter"
N159,"Renal tubulo-interstitial disease, unspecified"
S63290A,"Dislocation of distal interphaln joint of r idx fngr, init"
S06890D,"Intcran inj w/o loss of consciousness, subs encntr"
S13161A,"Dislocation of C5/C6 cervical vertebrae, initial encounter"
E11351,Type 2 diabetes w prolif diabetic rtnop w macular edema
S73101D,"Unspecified sprain of right hip, subsequent encounter"
S79811D,"Other specified injuries of right hip, subsequent encounter"
I612,"Nontraumatic intracerebral hemorrhage in hemisphere, unsp"
N35919,"Unspecified urethral stricture, male, unspecified site"
Y9234,Swimming pool (public) as place
S1086XA,"Insect bite of other specified part of neck, init encntr"
W5631XA,"Bitten by other marine mammals, initial encounter"
S41021A,"Laceration with foreign body of right shoulder, init encntr"
T25021A,"Burn of unspecified degree of right foot, initial encounter"
O99411,"Diseases of the circ sys comp pregnancy, first trimester"
I240,Acute coronary thrombosis not resulting in myocardial infrc
H6522,"Chronic serous otitis media, left ear"
S63255A,"Unspecified dislocation of left ring finger, init encntr"
L89311,"Pressure ulcer of right buttock, stage 1"
S92525A,"Nondisp fx of middle phalanx of left lesser toe(s), init"
F325,"Major depressive disorder, single episode, in full remission"
N029,Recurrent and perst hematuria w unsp morphologic changes
T7509XA,"Other effects of lightning, initial encounter"
Z171,Estrogen receptor negative status [ER-]
D200,Benign neoplasm of soft tissue of retroperitoneum
Y733,"Surg instrumnt, matrl & gastroent and urol dev assoc w incdt"
I378,Other nonrheumatic pulmonary valve disorders
Y92512,"Supermarket, store or market as place"
F988,Oth behav/emotn disord w onset usly occur in chldhd and adol
S91352A,"Open bite, left foot, initial encounter"
E8029,Other porphyria
H33313,"Horseshoe tear of retina without detachment, bilateral"
T84195A,"Mech compl of internal fixation device of left femur, init"
M25722,"Osteophyte, left elbow"
E7881,Lipoid dermatoarthritis
R152,Fecal urgency
M25072,"Hemarthrosis, left ankle"
M19012,"Primary osteoarthritis, left shoulder"
H189,Unspecified disorder of cornea
Q87410,Marfan's syndrome with aortic dilation
S62015A,"Nondisp fx of distal pole of navicular bone of l wrist, init"
T8484XA,"Pain due to internal orthopedic prosth dev/grft, init"
S62352A,"Nondisp fx of shaft of third MC bone, right hand, init"
A5602,Chlamydial vulvovaginitis
A5402,"Gonococcal vulvovaginitis, unspecified"
V693XXA,"Occupant (driver) of hv veh injured in unsp nontraf, init"
T84012A,"Broken internal right knee prosthesis, initial encounter"
G245,Blepharospasm
I69892,Facial weakness following other cerebrovascular disease
I69822,Dysarthria following other cerebrovascular disease
M90552,"Osteonecrosis in diseases classified elsewhere, left thigh"
S62306B,"Unsp fx fifth metacarpal bone, right hand, init for opn fx"
M47816,"Spondylosis w/o myelopathy or radiculopathy, lumbar region"
Z4509,Encounter for adjustment and management of cardiac device
T6101XA,"Ciguatera fish poisoning, accidental (unintentional), init"
M1388,"Other specified arthritis, other site"
Y92522,Railway station as place
C060,Malignant neoplasm of cheek mucosa
S63301A,"Traumatic rupture of unsp ligament of right wrist, init"
M11831,"Other specified crystal arthropathies, right wrist"
T84048A,"Periprosth fracture around oth internal prosth joint, init"
F12121,Cannabis abuse with intoxication delirium
S61225A,"Laceration w fb of l rng fngr w/o damage to nail, init"
H49882,"Other paralytic strabismus, left eye"
O2403,"Pre-existing type 1 diabetes mellitus, in the puerperium"
O24319,"Unsp pre-existing diabetes in pregnancy, unsp trimester"
Z1624,Resistance to multiple antibiotics
M301,Polyarteritis with lung involvement [Churg-Strauss]
L570,Actinic keratosis
W25XXXS,"Contact with sharp glass, sequela"
E113593,"Type 2 diab with prolif diab rtnop without macular edema, bi"
F4324,Adjustment disorder with disturbance of conduct
S93312A,"Subluxation of tarsal joint of left foot, initial encounter"
B2789,Other infectious mononucleosis with other complication
T23142A,"Burn of first deg mult left fingers (nail), inc thumb, init"
Y22XXXA,"Handgun discharge, undetermined intent, initial encounter"
S60463A,"Insect bite (nonvenomous) of left middle finger, init encntr"
S01432A,"Pnctr w/o foreign body of left cheek and TMJ area, init"
M26609,"Unspecified TMJ joint disorder, unspecified side"
S13120A,"Subluxation of C1/C2 cervical vertebrae, initial encounter"
M278,Other specified diseases of jaws
C183,Malignant neoplasm of hepatic flexure
C3431,"Malignant neoplasm of lower lobe, right bronchus or lung"
S92191B,"Other fracture of right talus, init encntr for open fracture"
M5002,"Cervical disc disorder with myelopathy, mid-cervical region"
T426X3A,"Poisn by oth antieplptc and sed-hypntc drugs, assault, init"
G450,Vertebro-basilar artery syndrome
G3189,Other specified degenerative diseases of nervous system
N7092,"Oophoritis, unspecified"
S61201D,"Unsp open wound of l idx fngr w/o damage to nail, subs"
S52509A,"Unsp fracture of the lower end of unsp radius, init"
F062,Psychotic disorder w delusions due to known physiol cond
I248,Other forms of acute ischemic heart disease
S62131A,"Disp fx of capitate bone, right wrist, init for clos fx"
I70302,"Unsp athscl unsp type bypass of the extremities, left leg"
H1589,Other disorders of sclera
S92152A,"Displ avulsion fracture (chip fracture) of left talus, init"
J702,Acute drug-induced interstitial lung disorders
H9213,"Otorrhea, bilateral"
I6322,Cereb infrc due to unsp occls or stenosis of basilar artery
H53411,"Scotoma involving central area, right eye"
W890XXA,"Exposure to welding light (arc), initial encounter"
S97111A,"Crushing injury of right great toe, initial encounter"
S40271A,"Other superficial bite of right shoulder, initial encounter"
W5581XA,"Bitten by other mammals, initial encounter"
G804,Ataxic cerebral palsy
M0899,"Juvenile arthritis, unspecified, multiple sites"
K31811,Angiodysplasia of stomach and duodenum with bleeding
M70872,"Oth soft tissue disord related to use/pressure, left ank/ft"
M70871,"Oth soft tissue disord related to use/pressure, right ank/ft"
S62502A,"Fracture of unsp phalanx of left thumb, init for clos fx"
X991XXD,"Assault by knife, subsequent encounter"
T34531A,"Frostbite w tissue necrosis of right finger(s), init encntr"
W932XXA,"Prolonged exposure in deep freeze unit or refrigerator, init"
N4340,"Spermatocele of epididymis, unspecified"
V8611XA,"Passenger of amblnc/fire eng injured in traf, init"
S92065A,"Nondisplaced intraarticular fracture of left calcaneus, init"
S72412A,"Displaced unsp condyle fx lower end of left femur, init"
S41132A,"Puncture wound w/o foreign body of left upper arm, init"
M7671,"Peroneal tendinitis, right leg"
I455,Other specified heart block
I071,Rheumatic tricuspid insufficiency
S72351B,"Displ commnt fx shaft of r femur, init for opn fx type I/2"
E1365,Other specified diabetes mellitus with hyperglycemia
S66001A,"Unsp inj long flxr musc/fasc/tend r thm at wrs/hnd lv, init"
S60422A,"Blister (nonthermal) of right middle finger, init encntr"
M84451K,"Pathological fracture, right femur, subs for fx w nonunion"
K136,Irritative hyperplasia of oral mucosa
I50811,Acute right heart failure
I602,Ntrm subarach hemorrhage from anterior communicating artery
V0310XS,"Ped on foot inj pick-up truck, pk-up/van in traf, sequela"
S3509XA,"Other injury of abdominal aorta, initial encounter"
S68117A,"Complete traumatic MCP amputation of l little finger, init"
M960,Pseudarthrosis after fusion or arthrodesis
I69353,Hemiplga following cerebral infrc aff right nondom side
S82191C,"Oth fx upper end of right tibia, init for opn fx type 3A/B/C"
H8149,"Vertigo of central origin, unspecified ear"
R2233,"Localized swelling, mass and lump, upper limb, bilateral"
I790,Aneurysm of aorta in diseases classified elsewhere
S82292B,"Oth fx shaft of left tibia, init for opn fx type I/2"
S82492B,"Oth fx shaft of left fibula, init for opn fx type I/2"
J95831,Postproc hemor of a resp sys org following other procedure
R530,Neoplastic (malignant) related fatigue
S43025A,"Posterior dislocation of left humerus, initial encounter"
H10012,"Acute follicular conjunctivitis, left eye"
S90571A,"Other superficial bite of ankle, right ankle, init encntr"
S0291XB,"Unspecified fracture of skull, init encntr for open fracture"
E8841,MELAS syndrome
S53144A,"Lateral dislocation of right ulnohumeral joint, init encntr"
T423X2A,"Poisoning by barbiturates, intentional self-harm, init"
T6593XA,"Toxic effect of unspecified substance, assault, init encntr"
H10213,"Acute toxic conjunctivitis, bilateral"
T50911A,"Poisoning by multiple unsp drug/meds/biol subst, acc, init"
D7581,Myelofibrosis
S96021A,"Lacerat msl/tnd lng flxr msl toe at ank/ft lev, r foot, init"
O99340,"Oth mental disorders complicating pregnancy, unsp trimester"
D494,Neoplasm of unspecified behavior of bladder
S62606A,"Fracture of unsp phalanx of right little finger, init"
Y909,"Presence of alcohol in blood, level not specified"
O42012,"Pretrm prem ROM, onset labor w/n 24 hours of rupt, 2nd tri"
T33522A,"Superficial frostbite of left hand, initial encounter"
T33521A,"Superficial frostbite of right hand, initial encounter"
S37011A,"Minor contusion of right kidney, initial encounter"
S61022A,"Laceration w fb of left thumb w/o damage to nail, init"
G319,"Degenerative disease of nervous system, unspecified"
K520,Gastroenteritis and colitis due to radiation
S02112A,"Type III occipital condyle fracture, unspecified side, init"
I6602,Occlusion and stenosis of left middle cerebral artery
S82241B,"Displ spiral fx shaft of r tibia, init for opn fx type I/2"
O99352,"Diseases of the nervous sys comp pregnancy, second trimester"
T608X1A,"Toxic effect of pesticides, accidental (unintentional), init"
O2663,Liver and biliary tract disorders in the puerperium
W2104XA,"Struck by golf ball, initial encounter"
S36030A,"Superficial (capsular) laceration of spleen, init encntr"
J1189,Influenza due to unidentified influenza virus w oth manifest
I6529,Occlusion and stenosis of unspecified carotid artery
S43111A,"Subluxation of right acromioclavicular joint, init encntr"
H33012,"Retinal detachment with single break, left eye"
S60426A,"Blister (nonthermal) of right little finger, init encntr"
S279XXA,"Injury of unspecified intrathoracic organ, initial encounter"
H902,"Conductive hearing loss, unspecified"
O020,Blighted ovum and nonhydatidiform mole
O0334,Damage to pelvic organs following incomplete spon abortion
T1580XA,"Fb in oth and multiple parts of external eye, unsp eye, init"
L718,Other rosacea
N711,Chronic inflammatory disease of uterus
W2100XA,"Struck by hit or thrown ball, unspecified type, init encntr"
K9501,Infection due to gastric band procedure
M00251,"Other streptococcal arthritis, right hip"
B955,Unsp streptococcus as the cause of diseases classd elswhr
O9A413,"Sexual abuse complicating pregnancy, third trimester"
S41042A,"Puncture wound w foreign body of left shoulder, init encntr"
S37819A,"Unspecified injury of adrenal gland, initial encounter"
S41011D,"Laceration w/o foreign body of right shoulder, subs encntr"
X788XXD,"Intentional self-harm by other sharp object, subs encntr"
S31140A,"Pnctr of abd wall w fb, r upper q w/o penet perit cav, init"
T4272XA,"Poisn by unsp antieplptc and sed-hypntc drugs, slf-hrm, init"
D499,Neoplasm of unspecified behavior of unspecified site
M26220,Open anterior occlusal relationship
M5125,"Other intervertebral disc displacement, thoracolumbar region"
S42122A,"Disp fx of acromial process, left shoulder, init for clos fx"
G549,"Nerve root and plexus disorder, unspecified"
K911,Postgastric surgery syndromes
S31635A,"Pnctr w/o fb of abd wl, periumb rgn w penet perit cav, init"
S63257A,"Unspecified dislocation of left little finger, init encntr"
S32121A,"Minimally displaced Zone II fracture of sacrum, init"
I80202,Phlbts and thombophlb of unsp deep vessels of l low extrem
I8500,Esophageal varices without bleeding
T22131A,"Burn of first degree of right upper arm, initial encounter"
S80821A,"Blister (nonthermal), right lower leg, initial encounter"
I080,Rheumatic disorders of both mitral and aortic valves
E8359,Other disorders of calcium metabolism
T85868A,"Thrombosis due to other internal prosth dev/grft, init"
S30813A,"Abrasion of scrotum and testes, initial encounter"
M7592,"Shoulder lesion, unspecified, left shoulder"
S0522XA,"Oclr lac/rupt w prolaps/loss of intraoc tissue, l eye, init"
E65,Localized adiposity
W15XXXA,"Fall from cliff, initial encounter"
I479,"Paroxysmal tachycardia, unspecified"
C8444,"Prph T-cell lymph, not class, nodes of axilla and upper limb"
S82151A,"Disp fx of right tibial tuberosity, init for clos fx"
T471X1A,"Poisn by oth antacids and anti-gstrc-sec drugs, acc, init"
S62307B,"Unsp fx fifth metacarpal bone, left hand, init for opn fx"
I6020,Ntrm subarach hemor from unsp anterior communicating artery
S62234A,"Oth nondisp fx of base of first MC bone, right hand, init"
E0965,Drug or chemical induced diabetes mellitus w hyperglycemia
I82522,Chronic embolism and thrombosis of left iliac vein
S90862A,"Insect bite (nonvenomous), left foot, initial encounter"
A1801,Tuberculosis of spine
M4724,"Other spondylosis with radiculopathy, thoracic region"
S62307D,"Unsp fx fifth MC bone, left hand, subs for fx w routn heal"
S75091A,"Oth injury of femoral artery, right leg, init encntr"
G40911,"Epilepsy, unspecified, intractable, with status epilepticus"
S89301A,"Unsp physeal fracture of lower end of right fibula, init"
O99312,"Alcohol use complicating pregnancy, second trimester"
O99322,"Drug use complicating pregnancy, second trimester"
M2540,"Effusion, unspecified joint"
R5600,Simple febrile convulsions
Y31XXXA,"Fall/lying/running bef/into moving obj, undet intent, init"
S81011D,"Laceration without foreign body, right knee, subs encntr"
S66324A,"Lacerat extn musc/fasc/tend r rng fngr at wrs/hnd lv, init"
H6241,"Otitis externa in oth diseases classd elswhr, right ear"
Q046,Congenital cerebral cysts
S30842A,"External constriction of penis, initial encounter"
S02642B,"Fracture of ramus of left mandible, 7thB"
Z592,"Discord with neighbors, lodgers and landlord"
S82431B,"Displ oblique fx shaft of r fibula, init for opn fx type I/2"
S82152A,"Disp fx of left tibial tuberosity, init for clos fx"
S66022A,"Lacerat long flexor musc/fasc/tend l thm at wrs/hnd lv, init"
S15091A,"Other specified injury of right carotid artery, init encntr"
Y93K1,"Activity, walking an animal"
L03212,Acute lymphangitis of face
R402410,"Glasgow coma scale score 13-15, unspecified time"
S31050A,"Open bite of low back and pelv w/o penet retroperiton, init"
J45990,Exercise induced bronchospasm
G40119,"Local-rel symptc epi w simple part seiz, ntrct, w/o stat epi"
L89522,"Pressure ulcer of left ankle, stage 2"
S32391B,"Other fracture of right ilium, init encntr for open fracture"
S12500B,"Unsp disp fx of sixth cervical vertebra, init for opn fx"
M25811,"Other specified joint disorders, right shoulder"
S56426A,"Lacerat extn musc/fasc/tend l rng fngr at forarm lv, init"
S82042B,"Displaced commnt fx left patella, init for opn fx type I/2"
H5501,Congenital nystagmus
R488,Other symbolic dysfunctions
Z803,Family history of malignant neoplasm of breast
H913,"Deaf nonspeaking, not elsewhere classified"
T23151A,"Burn of first degree of right palm, initial encounter"
T494X2A,"Poisn by keratolyt/keratplst/hair trmt drug, self-harm, init"
S45811A,"Laceration of blood vessels at shldr/up arm, right arm, init"
M13842,"Other specified arthritis, left hand"
W092XXA,"Fall on or from jungle gym, initial encounter"
H35712,"Central serous chorioretinopathy, left eye"
T23001A,"Burn of unsp degree of right hand, unsp site, init encntr"
M4804,"Spinal stenosis, thoracic region"
S52251B,"Displ commnt fx shaft of ulna, r arm, 7thB"
S24103S,"Unsp injury at T7-T10 level of thoracic spinal cord, sequela"
W1830XS,"Fall on same level, unspecified, sequela"
S72099A,"Oth fracture of head and neck of unsp femur, init"
S91113A,"Laceration w/o fb of unsp great toe w/o damage to nail, init"
S92101A,"Unsp fracture of right talus, init for clos fx"
R921,Mammographic calcifcn found on diagnostic imaging of breast
W3312XA,"Accidental malfunction of hunting rifle, initial encounter"
G0491,"Myelitis, unspecified"
T463X1A,"Poisoning by coronary vasodilators, accidental, init"
O2652,"Maternal hypotension syndrome, second trimester"
J323,Chronic sphenoidal sinusitis
S46991A,"Inj unsp musc/fasc/tend at shldr/up arm, right arm, init"
C44622,"Squamous cell carcinoma skin/ right upper limb, inc shoulder"
Y92538,Oth ambulatory health services establishments as place
L89229,"Pressure ulcer of left hip, unspecified stage"
F10182,Alcohol abuse with alcohol-induced sleep disorder
S52042B,"Disp fx of coronoid pro of l ulna, init for opn fx type I/2"
C7900,Secondary malignant neoplasm of unsp kidney and renal pelvis
O1211,"Gestational proteinuria, first trimester"
K5521,Angiodysplasia of colon with hemorrhage
T63891A,"Toxic effect of contact w oth venomous animals, acc, init"
R888,Abnormal findings in other body fluids and substances
T25112A,"Burn of first degree of left ankle, initial encounter"
C7259,Malignant neoplasm of other cranial nerves
Z8521,Personal history of malignant neoplasm of larynx
V581XXA,"Pasngr in pk-up/van inj in nonclsn trnsp acc nontraf, init"
F14959,"Cocaine use, unsp w cocaine-induced psychotic disorder, unsp"
M60052,"Infective myositis, left thigh"
S82262A,"Displaced segmental fracture of shaft of left tibia, init"
S81002A,"Unspecified open wound, left knee, initial encounter"
H35022,"Exudative retinopathy, left eye"
H05111,Granuloma of right orbit
I9581,Postprocedural hypotension
T701XXA,"Sinus barotrauma, initial encounter"
T50A95A,"Adverse effect of other bacterial vaccines, init encntr"
O24911,"Unspecified diabetes mellitus in pregnancy, first trimester"
S83241A,"Oth tear of medial meniscus, current injury, r knee, init"
N2589,Oth disorders resulting from impaired renal tubular function
S0211HB,"Other fracture of occiput, left side, 7thB"
Y9229,Oth public building as place
M86651,"Other chronic osteomyelitis, right thigh"
V740XXA,"Driver of bus injured in collision w hv veh nontraf, init"
S32810A,"Multiple fx of pelvis w stable disrupt of pelvic ring, init"
S26022A,"Major laceration of heart with hemopericardium, init encntr"
O318X10,"Oth comp specific to multiple gest, first trimester, unsp"
S20161A,"Insect bite (nonvenomous) of breast, right breast, init"
T3362XA,"Superficial frostbite of left hip and thigh, init encntr"
I69154,Hemiplga following ntrm intcrbl hemor aff left nondom side
L97328,Non-pressure chronic ulcer of left ankle with oth severity
T83728A,"Exposure of other implanted mesh into organ or tissue, init"
S33141A,"Dislocation of L4/L5 lumbar vertebra, initial encounter"
H9212,"Otorrhea, left ear"
F13120,"Sedatv/hyp/anxiolytc abuse w intoxication, uncomplicated"
F10159,"Alcohol abuse with alcohol-induced psychotic disorder, unsp"
G902,Horner's syndrome
M10049,"Idiopathic gout, unspecified hand"
N812,Incomplete uterovaginal prolapse
N3040,Irradiation cystitis without hematuria
Y842,"Radiolog proc/radiothrpy cause abn react/compl, w/o misadvnt"
M84451A,"Pathological fracture, right femur, init encntr for fracture"
T190XXA,"Foreign body in urethra, initial encounter"
C031,Malignant neoplasm of lower gum
I078,Other rheumatic tricuspid valve diseases
H818X2,"Other disorders of vestibular function, left ear"
S92064A,"Nondisplaced intraarticular fracture of r calcaneus, init"
S12000D,"Unsp disp fx of first cervcal vert, subs for fx w routn heal"
S42121A,"Disp fx of acromial process, right shoulder, init"
S0185XD,"Open bite of other part of head, subsequent encounter"
M79A11,Nontraumatic compartment syndrome of right upper extremity
T23192A,"Burn of first deg mult sites of left wrist and hand, init"
Y92039,Unsp place in apartment as place
Y9372,"Activity, wrestling"
H05231,Hemorrhage of right orbit
S36530A,"Laceration of ascending [right] colon, initial encounter"
B89,Unspecified parasitic disease
F3481,Disruptive mood dysregulation disorder
Y0889XD,"Assault by other specified means, subsequent encounter"
S62242A,"Disp fx of shaft of first metacarpal bone, left hand, init"
F3342,"Major depressive disorder, recurrent, in full remission"
S39001A,"Unsp injury of muscle, fascia and tendon of abdomen, init"
J312,Chronic pharyngitis
E10641,Type 1 diabetes mellitus with hypoglycemia with coma
V899XXA,"Person injured in unspecified vehicle accident, init encntr"
S60475A,"Other superficial bite of left ring finger, init encntr"
V9005XA,"Drown due to canoe or kayak overturning, init"
H7190,"Unspecified cholesteatoma, unspecified ear"
Z630,Problems in relationship with spouse or partner
D444,Neoplasm of uncertain behavior of craniopharyngeal duct
S73035A,"Other anterior dislocation of left hip, initial encounter"
S61001A,"Unsp open wound of right thumb w/o damage to nail, init"
S85091A,"Oth injury of popliteal artery, right leg, init encntr"
M25221,"Flail joint, right elbow"
S63233A,"Sublux of proximal interphaln joint of l mid finger, init"
W133XXA,"Fall through floor, initial encounter"
E3601,Intraop hemor/hemtom of endo sys org comp an endo sys proc
S51821A,"Laceration with foreign body of right forearm, init encntr"
S0087XA,"Other superficial bite of other part of head, init encntr"
O0331,Shock following incomplete spontaneous abortion
B999,Unspecified infectious disease
C4359,Malignant melanoma of other part of trunk
T7808XA,"Anaphylactic reaction due to eggs, initial encounter"
T452X5A,"Adverse effect of vitamins, initial encounter"
T381X5A,"Adverse effect of thyroid hormones and substitutes, init"
K50912,"Crohn's disease, unspecified, with intestinal obstruction"
S62334A,"Disp fx of neck of fourth metacarpal bone, right hand, init"
A329,"Listeriosis, unspecified"
L97413,Non-prs chr ulcer of right heel and midfoot w necros muscle
M13162,"Monoarthritis, not elsewhere classified, left knee"
Z89421,Acquired absence of other right toe(s)
T33831S,"Superficial frostbite of right toe(s), sequela"
X31XXXS,"Exposure to excessive natural cold, sequela"
M79673,Pain in unspecified foot
S02102A,"Fracture of base of skull, left side, init"
S51842A,"Puncture wound w foreign body of left forearm, init encntr"
S66991A,"Inj unsp musc/fasc/tend at wrs/hnd lv, right hand, init"
S22082A,"Unstable burst fracture of T11-T12 vertebra, init"
L872,Elastosis perforans serpiginosa
T5811XA,"Toxic effect of carb monx from utility gas, acc, init"
D109,"Benign neoplasm of pharynx, unspecified"
R835,Abnormal microbiological findings in cerebrospinal fluid
S90861A,"Insect bite (nonvenomous), right foot, initial encounter"
H05821,"Myopathy of extraocular muscles, right orbit"
T8742,"Infection of amputation stump, left upper extremity"
S63690A,"Other sprain of right index finger, initial encounter"
O26832,"Pregnancy related renal disease, second trimester"
S66395A,"Inj extensor musc/fasc/tend l rng fngr at wrs/hnd lv, init"
S72422B,"Disp fx of lateral condyle of l femr, 7thB"
S82451B,"Displ commnt fx shaft of r fibula, init for opn fx type I/2"
F1129,Opioid dependence with unspecified opioid-induced disorder
L02221,Furuncle of abdominal wall
L048,Acute lymphadenitis of other sites
M79659,Pain in unspecified thigh
N6011,Diffuse cystic mastopathy of right breast
D561,Beta thalassemia
I69920,Aphasia following unspecified cerebrovascular disease
A493,"Mycoplasma infection, unspecified site"
S01511S,"Laceration without foreign body of lip, sequela"
V134XXS,"Pedl cyc driver inj pk-up truck, pk-up/van in traf, sequela"
M25611,"Stiffness of right shoulder, not elsewhere classified"
D57219,"Sickle-cell/Hb-C disease with crisis, unspecified"
N6321,"Unspecified lump in the left breast, upper outer quadrant"
L7633,"Postproc seroma of skin, subcu fol a dermatologic procedure"
S66106A,"Unsp inj flxr musc/fasc/tend r lit fngr at wrs/hnd lv, init"
A159,Respiratory tuberculosis unspecified
S66194A,"Inj flexor musc/fasc/tend r rng fngr at wrs/hnd lv, init"
M84352A,"Stress fracture, left femur, initial encounter for fracture"
O4593,"Premature separation of placenta, unsp, third trimester"
M84463A,"Pathological fracture, right fibula, init for fx"
D821,Di George's syndrome
T448X5A,"Adverse effect of centr-acting/adren-neurn-block agnt, init"
H9211,"Otorrhea, right ear"
S86212A,"Strain musc/tend ant grp at low leg level, left leg, init"
T381X1A,"Poisoning by thyroid hormones and sub, accidental, init"
S31809A,"Unspecified open wound of unspecified buttock, init encntr"
Q9382,Williams syndrome
C9140,Hairy cell leukemia not having achieved remission
N759,"Disease of Bartholin's gland, unspecified"
B880,Other acariasis
D2271,"Melanocytic nevi of right lower limb, including hip"
Z8509,Personal history of malignant neoplasm of digestive organs
E8341,Hypermagnesemia
S01119A,"Laceration w/o fb of unsp eyelid and periocular area, init"
R1906,"Epigastric swelling, mass or lump"
S63404A,"Traum rupture of unsp ligmt of r rng fngr at MCP/IP jt, init"
N329,"Bladder disorder, unspecified"
V8601XA,"Driver of amblnc/fire eng injured in traffic accident, init"
W1831XA,"Fall on same level due to stepping on an object, init encntr"
M9721XA,"Periprosth fx around internal prosth r ankle joint, init"
M84372A,"Stress fracture, left ankle, initial encounter for fracture"
M84371A,"Stress fracture, right ankle, initial encounter for fracture"
T82828A,"Fibrosis due to vascular prosth dev/grft, initial encounter"
N322,"Vesical fistula, not elsewhere classified"
S63284D,"Dislocation of proximal interphaln joint of r rng fngr, subs"
A872,Lymphocytic choriomeningitis
T8571XA,"Infect/inflm reaction due to periton dialysis catheter, init"
L279,Dermatitis due to unspecified substance taken internally
S93514A,"Sprain of interphalangeal joint of right lesser toe(s), init"
L03022,Acute lymphangitis of left finger
Y92031,Bathroom in apartment as place
S92024A,"Nondisp fx of anterior process of right calcaneus, init"
O2651,"Maternal hypotension syndrome, first trimester"
H00022,Hordeolum internum right lower eyelid
S97122A,"Crushing injury of left lesser toe(s), initial encounter"
S92511B,"Disp fx of prox phalanx of r less toe(s), init for opn fx"
S62212A,"Bennett's fracture, left hand, init for clos fx"
I6340,Cerebral infarction due to embolism of unsp cerebral artery
Z980,Intestinal bypass and anastomosis status
S4401XA,"Injury of ulnar nerve at upper arm level, right arm, init"
I70262,"Athscl native arteries of extremities w gangrene, left leg"
S0452XA,"Injury of facial nerve, left side, initial encounter"
T504X2A,"Poisoning by drugs aff uric acid metab, self-harm, init"
C7B8,Other secondary neuroendocrine tumors
S63111A,"Subluxation of MCP joint of right thumb, init"
J22,Unspecified acute lower respiratory infection
R855,Abn microbiolog findings in specmn from dgstv org/abd cav
T43641A,"Poisoning by ecstasy, accidental (unintentional), init"
S82034A,"Nondisplaced transverse fracture of right patella, init"
S52521A,"Torus fracture of lower end of right radius, init"
Z748,Other problems related to care provider dependency
S42331B,"Displ oblique fx shaft of humer, right arm, init for opn fx"
R449,Unsp symptoms and signs w general sensations and perceptions
M50821,Other cervical disc disorders at C4-C5 level
A059,"Bacterial foodborne intoxication, unspecified"
C8593,"Non-Hodgkin lymphoma, unsp, intra-abdominal lymph nodes"
T391X3A,"Poisoning by 4-Aminophenol derivatives, assault, init encntr"
S91311D,"Laceration without foreign body, right foot, subs encntr"
G9581,Conus medullaris syndrome
Z7951,Long term (current) use of inhaled steroids
M06861,"Other specified rheumatoid arthritis, right knee"
M06872,"Other specified rheumatoid arthritis, left ankle and foot"
H9325,Central auditory processing disorder
T22021A,"Burn of unspecified degree of right elbow, initial encounter"
T486X5A,"Adverse effect of antiasthmatics, initial encounter"
M24562,"Contracture, left knee"
O98813,"Oth maternal infec/parastc diseases comp preg, third tri"
V254XXA,"Mtrcy driver injured in clsn w rail trn/veh in traf, init"
L303,Infective dermatitis
D531,"Other megaloblastic anemias, not elsewhere classified"
J84116,Cryptogenic organizing pneumonia
R3982,Chronic bladder pain
S32409B,"Unsp fracture of unsp acetabulum, init for opn fx"
V1988XS,"Pedl cyclst (driver) injured in oth transport acc, sequela"
L98415,Non-prs chr ulcer of buttock with msl invl w/o evd of necr
F15980,"Oth stimulant use, unsp w stimulant-induced anxiety disorder"
N3041,Irradiation cystitis with hematuria
D702,Other drug-induced agranulocytosis
E668,Other obesity
Z733,"Stress, not elsewhere classified"
T2652XA,"Corrosion of left eyelid and periocular area, init encntr"
T2651XA,"Corrosion of right eyelid and periocular area, init encntr"
Z8249,Family hx of ischem heart dis and oth dis of the circ sys
S91339A,"Puncture wound without foreign body, unsp foot, init encntr"
Z85830,Personal history of malignant neoplasm of bone
K643,Fourth degree hemorrhoids
I052,Rheumatic mitral stenosis with insufficiency
L97218,Non-pressure chronic ulcer of right calf with oth severity
G621,Alcoholic polyneuropathy
S2690XA,"Unsp injury of heart, unsp w or w/o hemopericardium, init"
J95862,Postproc seroma of a resp sys org fol a resp sys procedure
E273,Drug-induced adrenocortical insufficiency
M00852,"Arthritis due to other bacteria, left hip"
L89514,"Pressure ulcer of right ankle, stage 4"
T39015A,"Adverse effect of aspirin, initial encounter"
T7500XA,"Unspecified effects of lightning, initial encounter"
W06XXXD,"Fall from bed, subsequent encounter"
S71121A,"Laceration with foreign body, right thigh, initial encounter"
T411X5A,"Adverse effect of intravenous anesthetics, initial encounter"
G4721,"Circadian rhythm sleep disorder, delayed sleep phase type"
K260,Acute duodenal ulcer with hemorrhage
R450,Nervousness
S92042A,"Displaced oth fracture of tuberosity of left calcaneus, init"
E348,Other specified endocrine disorders
M8639,"Chronic multifocal osteomyelitis, multiple sites"
N431,Infected hydrocele
W2106XA,"Struck by volleyball, initial encounter"
Y92162,Bathroom in school dormitory as place
F10150,Alcohol abuse w alcoh-induce psychotic disorder w delusions
O4290,"Prem ROM, 7th0 betw rupt & onst labr, unsp weeks of gest"
S22088D,"Oth fracture of T11-T12 vertebra, subs for fx w routn heal"
Y272XXA,"Contact with hot fluids, undetermined intent, init encntr"
T391X4A,"Poisoning by 4-Aminophenol derivatives, undetermined, init"
T450X4A,"Poisoning by antiallerg/antiemetic, undetermined, init"
V279XXA,"Unsp mtrcy rider inj in clsn w statnry object in traf, init"
Q858,"Other phakomatoses, not elsewhere classified"
M60004,"Infective myositis, unspecified left leg"
G523,Disorders of hypoglossal nerve
S72334A,"Nondisplaced oblique fracture of shaft of right femur, init"
S91002A,"Unspecified open wound, left ankle, initial encounter"
S06329A,"Contus/lac left cerebrum w LOC of unsp duration, init"
S73192D,"Other sprain of left hip, subsequent encounter"
M948X9,"Other specified disorders of cartilage, unspecified sites"
F1619,Hallucinogen abuse with unsp hallucinogen-induced disorder
M2528,"Flail joint, other site"
K2961,Other gastritis with bleeding
N942,Vaginismus
S90829A,"Blister (nonthermal), unspecified foot, initial encounter"
M65322,"Trigger finger, left index finger"
E538,Deficiency of other specified B group vitamins
M26601,"Right temporomandibular joint disorder, unspecified"
Q6689,Other specified congenital deformities of feet
V416XXA,"Car passenger injured in collision w pedl cyc in traf, init"
S82235B,"Nondisp oblique fx shaft of l tibia, 7thB"
D279,Benign neoplasm of unspecified ovary
Y818,"Miscellaneous gen/plast-surg devices assoc w incdt, NEC"
S42451A,"Disp fx of lateral condyle of right humerus, init"
S43081A,"Other subluxation of right shoulder joint, initial encounter"
S62291A,"Oth fracture of first metacarpal bone, right hand, init"
B950,"Streptococcus, group A, causing diseases classd elswhr"
S62357A,"Nondisp fx of shaft of fifth MC bone, left hand, init"
G723,Periodic paralysis
O9A219,"Inj/poisn/oth conseq of external causes comp preg, unsp tri"
D573,Sickle-cell trait
D630,Anemia in neoplastic disease
T8131XD,"Disruption of external operation (surgical) wound, NEC, subs"
T2141XA,"Corrosion of unspecified degree of chest wall, init encntr"
T22411A,"Corrosion of unsp degree of right forearm, init encntr"
T22491A,"Corros unsp deg mult site of r shldr/up lmb,ex wrs/hnd, init"
E708,Other disorders of aromatic amino-acid metabolism
Y93E1,"Activity, personal bathing and showering"
O2686,Pruritic urticarial papules and plaques of pregnancy (PUPPP)
O26613,"Liver and biliary tract disord in pregnancy, third trimester"
F652,Exhibitionism
T84091A,"Mech compl of internal left hip prosthesis, init encntr"
I97821,Postprocedural cerebvasc infarction following other surgery
S92531B,"Disp fx of dist phalanx of r less toe(s), init for opn fx"
V4364XA,"Car passenger injured in collision w van in traf, init"
S62663B,"Nondisp fx of dist phalanx of l mid finger, init for opn fx"
M5413,"Radiculopathy, cervicothoracic region"
S92062B,"Displaced intartic fracture of l calcaneus, init for opn fx"
I7025,Athscl native arteries of extremities w ulceration
M25861,"Other specified joint disorders, right knee"
M5406,"Panniculitis affecting regions of neck/bk, lumbar region"
R6881,Early satiety
S63619A,"Unspecified sprain of unspecified finger, initial encounter"
C9202,"Acute myeloblastic leukemia, in relapse"
G90512,Complex regional pain syndrome I of left upper limb
I82532,Chronic embolism and thrombosis of left popliteal vein
S51811S,"Laceration without foreign body of right forearm, sequela"
V4988XS,"Car occupant (driver) injured in oth transport acc, sequela"
S63055A,"Dislocation of oth carpometacarpal joint of left hand, init"
F12221,Cannabis dependence with intoxication delirium
T2025XD,"Burn of second degree of scalp, subsequent encounter"
X19XXXD,"Contact with other heat and hot substances, subs encntr"
Z681,"Body mass index (BMI) 19.9 or less, adult"
Z79811,Long term (current) use of aromatase inhibitors
S069X4A,"Unsp intracranial injury w LOC of 6 hours to 24 hours, init"
E001,"Congenital iodine-deficiency syndrome, myxedematous type"
F1514,Other stimulant abuse with stimulant-induced mood disorder
O26813,"Pregnancy related exhaustion and fatigue, third trimester"
S71052A,"Open bite, left hip, initial encounter"
M00822,"Arthritis due to other bacteria, left elbow"
T2125XA,"Burn of second degree of buttock, initial encounter"
S31633A,"Pnctr w/o fb of abd wall, r low q w penet perit cav, init"
A389,"Scarlet fever, uncomplicated"
Z8541,Personal history of malignant neoplasm of cervix uteri
M06839,"Other specified rheumatoid arthritis, unspecified wrist"
G720,Drug-induced myopathy
S51802A,"Unspecified open wound of left forearm, initial encounter"
R9402,Abnormal brain scan
R192,Visible peristalsis
S90931A,"Unsp superficial injury of right great toe, init encntr"
K909,"Intestinal malabsorption, unspecified"
S2224XA,"Fracture of xiphoid process, init encntr for closed fracture"
S62394B,"Oth fx fourth metacarpal bone, right hand, init for opn fx"
S62396B,"Oth fx fifth metacarpal bone, right hand, init for opn fx"
S62515B,"Nondisp fx of proximal phalanx of l thm, init for opn fx"
L0203,Carbuncle of face
